{"type":"FeatureCollection","features":[{"type":"Feature","geometry":{"type":"MultiLineString","coordinates":[[[23.1994,59.8956],[23.0721,59.8635],[23.0097,59.8397]],[[22.9737,59.8276],[22.9718,59.8274]],[[22.9865,59.8296],[22.9737,59.8276]],[[22.9718,59.8274],[22.968,59.8269]],[[22.9871,59.8298],[22.9865,59.8296]],[[22.9924,59.8318],[22.9871,59.8298]],[[22.9966,59.8337],[22.9924,59.8318]],[[23.0093,59.8396],[22.9966,59.8337]],[[23.0097,59.8397],[23.0093,59.8396]],[[23.218,59.9009],[23.1994,59.8956]],[[23.2308,59.9031],[23.218,59.9009]],[[23.2327,59.9035],[23.2308,59.9031]],[[23.3107,59.9261],[23.2757,59.9132]],[[23.2336,59.9036],[23.2327,59.9035]],[[23.2339,59.9037],[23.2336,59.9036]],[[23.2508,59.9065],[23.2339,59.9037]],[[23.2576,59.9075],[23.2508,59.9065]],[[23.27,59.911],[23.2576,59.9075]],[[23.2757,59.9132],[23.27,59.911]],[[23.3889,59.9625],[23.3112,59.9262]],[[23.3112,59.9262],[23.3107,59.9261]],[[23.4003,59.9786],[23.3889,59.9625]],[[23.4132,59.984],[23.4003,59.9786]],[[23.4327,59.9808],[23.4284,59.982]],[[23.4391,59.9794],[23.4356,59.98]],[[23.4356,59.98],[23.4327,59.9808]],[[23.4257,59.9828],[23.4132,59.984]],[[23.4284,59.982],[23.4257,59.9828]],[[23.4895,59.9905],[23.4704,59.9875]],[[23.4515,59.9804],[23.4422,59.9795]],[[23.4422,59.9795],[23.4391,59.9794]],[[23.4595,59.9823],[23.4515,59.9804]],[[23.4651,59.9849],[23.4595,59.9823]],[[23.466,59.9854],[23.4651,59.9849]],[[23.4674,59.9862],[23.466,59.9854]],[[23.4704,59.9875],[23.4674,59.9862]],[[23.498,59.994],[23.4942,59.9921]],[[23.5017,59.9971],[23.498,59.994]],[[23.4908,59.9909],[23.4895,59.9905]],[[23.4935,59.9918],[23.4908,59.9909]],[[23.4942,59.9921],[23.4935,59.9918]],[[21.3988,60.7984],[21.3786,60.8033],[21.368,60.8017]],[[21.3677,60.8016],[21.3526,60.7972]],[[21.368,60.8017],[21.3677,60.8016]],[[21.6978,60.7042],[21.6741,60.7154],[21.6441,60.7218],[21.5932,60.7468],[21.5708,60.7613]],[[21.5706,60.7614],[21.5427,60.7728],[21.4513,60.7929]],[[21.4216,60.7986],[21.3988,60.7984]],[[21.4511,60.7929],[21.4352,60.7946]],[[21.4227,60.7983],[21.4216,60.7986]],[[21.4352,60.7946],[21.4227,60.7983]],[[21.4513,60.7929],[21.4511,60.7929]],[[21.5708,60.7613],[21.5706,60.7614]],[[21.8767,60.6632],[21.847,60.6625],[21.7607,60.6806],[21.723,60.6849]],[[21.7227,60.685],[21.698,60.7041]],[[21.698,60.7041],[21.6978,60.7042]],[[21.723,60.6849],[21.7227,60.685]],[[21.6598,61.1614],[21.5725,61.1491],[21.5196,61.1341]],[[21.4967,61.133],[21.4955,61.1328]],[[21.4955,61.1328],[21.4947,61.1327]],[[21.4947,61.1327],[21.4929,61.1324]],[[21.4929,61.1324],[21.4927,61.1324]],[[21.5106,61.1332],[21.5056,61.1338]],[[21.5048,61.1338],[21.5022,61.1338]],[[21.5022,61.1338],[21.4967,61.133]],[[21.5056,61.1338],[21.5048,61.1338]],[[21.5183,61.1339],[21.5145,61.1335]],[[21.5124,61.1333],[21.512,61.1332]],[[21.5145,61.1335],[21.5124,61.1333]],[[21.512,61.1332],[21.5106,61.1332]],[[21.5196,61.1341],[21.5183,61.1339]],[[21.662,61.1616],[21.6599,61.1614]],[[21.6599,61.1614],[21.6598,61.1614]],[[21.6683,61.1634],[21.662,61.1616]],[[21.6726,61.1658],[21.6723,61.1656]],[[21.6723,61.1656],[21.6683,61.1634]],[[21.6868,61.1718],[21.6726,61.1658]],[[21.6928,61.1738],[21.6868,61.1718]],[[21.6999,61.1761],[21.6928,61.1738]],[[21.7024,61.1769],[21.7005,61.1763]],[[21.7037,61.1773],[21.7024,61.1769]],[[21.7005,61.1763],[21.6999,61.1761]],[[21.716,61.1814],[21.7037,61.1773]],[[21.7901,61.187],[21.7286,61.1849]],[[21.7286,61.1849],[21.7171,61.1817]],[[21.7171,61.1817],[21.716,61.1814]],[[21.8576,61.1924],[21.7904,61.187]],[[21.7904,61.187],[21.7901,61.187]],[[21.8027,61.4677],[21.82,61.4592],[21.8398,61.4596]],[[21.8622,61.4332],[21.8086,61.4641]],[[21.7305,61.5005],[21.6014,61.5576],[21.5565,61.5722]],[[21.509,61.619],[21.4922,61.6241],[21.4559,61.624],[21.4441,61.627]],[[21.4436,61.6273],[21.4172,61.6339]],[[21.4441,61.627],[21.4436,61.6273]],[[21.5244,61.585],[21.5127,61.5896]],[[21.5301,61.5926],[21.5201,61.6055]],[[21.5127,61.5896],[21.5109,61.5904]],[[21.5389,61.5804],[21.5301,61.5926]],[[21.543,61.5776],[21.5273,61.5838]],[[21.5417,61.5783],[21.5389,61.5804]],[[21.5489,61.5752],[21.5442,61.5771]],[[21.5437,61.5773],[21.5417,61.5783]],[[21.5442,61.5771],[21.5437,61.5773]],[[21.5437,61.5773],[21.543,61.5776]],[[21.5273,61.5838],[21.5268,61.584]],[[21.5268,61.584],[21.5244,61.585]],[[21.5201,61.6055],[21.5165,61.6099]],[[21.5165,61.6099],[21.5161,61.6104]],[[21.5161,61.6104],[21.5155,61.6111]],[[21.5155,61.6111],[21.509,61.619]],[[21.5565,61.5722],[21.556,61.5724]],[[21.556,61.5724],[21.5522,61.5739]],[[21.5522,61.5739],[21.5491,61.5751]],[[21.5491,61.5751],[21.5489,61.5752]],[[21.752,61.4908],[21.7307,61.5004]],[[21.7765,61.4883],[21.752,61.4908]],[[21.7307,61.5004],[21.7305,61.5005]],[[21.7829,61.4795],[21.7825,61.4798]],[[21.7842,61.4789],[21.7829,61.4795]],[[21.7823,61.4799],[21.7822,61.4801]],[[21.7825,61.4798],[21.7823,61.4799]],[[21.7822,61.4801],[21.7816,61.4865]],[[21.7795,61.4877],[21.7765,61.4883]],[[21.787,61.4772],[21.7842,61.4789]],[[21.7816,61.4865],[21.7795,61.4877]],[[21.7983,61.4703],[21.7972,61.4709]],[[21.7912,61.4747],[21.787,61.4772]],[[21.7919,61.4743],[21.7912,61.4747]],[[21.7946,61.4725],[21.7919,61.4743]],[[21.7972,61.4709],[21.7946,61.4725]],[[21.8023,61.4679],[21.8011,61.4686]],[[21.8023,61.4679],[21.8027,61.4677]],[[21.8026,61.4677],[21.8023,61.4679]],[[21.8019,61.4682],[21.8015,61.4684]],[[21.8015,61.4684],[21.801,61.4687]],[[21.8011,61.4686],[21.7999,61.4693]],[[21.8023,61.4679],[21.8019,61.4682]],[[21.8052,61.4661],[21.8045,61.4666]],[[21.8086,61.4641],[21.8052,61.4661]],[[21.8045,61.4666],[21.8026,61.4677]],[[21.7999,61.4693],[21.7983,61.4703]],[[22.0752,60.5814],[22.0658,60.5881],[22.0362,60.5996],[22.0017,60.6072],[21.9734,60.6449],[21.9677,60.6487]],[[22.1176,60.4883],[22.0429,60.4709]],[[22.0429,60.4709],[22.0422,60.4707]],[[22.0422,60.4707],[22.0347,60.4687]],[[22.1129,60.5054],[22.1022,60.5296],[22.0972,60.5487],[22.0984,60.5576]],[[22.1243,60.4874],[22.1196,60.4902],[22.1129,60.5053]],[[22.1239,60.4875],[22.1178,60.4883]],[[22.134,60.4842],[22.1243,60.4874]],[[22.1252,60.4871],[22.1239,60.4875]],[[22.1178,60.4883],[22.1176,60.4883]],[[22.1129,60.5053],[22.1129,60.5054]],[[22.1822,60.461],[22.1536,60.4745]],[[22.2242,60.4542],[22.1955,60.4582]],[[22.2296,60.4344],[22.2231,60.4348]],[[22.2309,60.4347],[22.223,60.4347]],[[22.2316,60.4352],[22.2296,60.4344]],[[22.19,60.459],[22.1893,60.4591]],[[22.1946,60.4584],[22.19,60.459]],[[22.1893,60.4591],[22.1835,60.4604]],[[22.1835,60.4604],[22.1822,60.461]],[[22.1955,60.4582],[22.1946,60.4584]],[[22.2327,60.453],[22.2242,60.4542]],[[22.1529,60.4748],[22.1479,60.4775]],[[22.1477,60.4776],[22.1392,60.4822]],[[22.1479,60.4775],[22.1477,60.4776]],[[22.1358,60.4836],[22.135,60.4838]],[[22.1358,60.4836],[22.1352,60.4838]],[[22.1352,60.4838],[22.134,60.4842]],[[22.135,60.4838],[22.1339,60.4842]],[[22.1387,60.4825],[22.1358,60.4836]],[[22.1339,60.4842],[22.1252,60.4871]],[[22.1392,60.4822],[22.1387,60.4825]],[[22.1536,60.4745],[22.1529,60.4748]],[[22.0984,60.5577],[22.0912,60.5709]],[[22.0984,60.5576],[22.0984,60.5577]],[[22.0912,60.5709],[22.0755,60.5812]],[[22.0755,60.5812],[22.0752,60.5814]],[[21.9466,60.6563],[21.8772,60.6632]],[[21.8772,60.6632],[21.8767,60.6632]],[[21.9677,60.6487],[21.9608,60.652]],[[21.9524,60.6553],[21.9519,60.6554]],[[21.9519,60.6554],[21.9466,60.6563]],[[21.9608,60.652],[21.9524,60.6553]],[[22.2333,60.4426],[22.2326,60.4402]],[[22.2323,60.4363],[22.2318,60.4353]],[[22.2323,60.4366],[22.2323,60.4366]],[[22.2318,60.4353],[22.2316,60.4352]],[[22.2323,60.4366],[22.2323,60.4363]],[[22.2326,60.4402],[22.2323,60.438]],[[22.2316,60.4352],[22.2309,60.4347]],[[22.2323,60.438],[22.2323,60.4366]],[[22.2356,60.4449],[22.2333,60.4426]],[[22.237,60.4457],[22.2356,60.4449]],[[22.2393,60.4472],[22.237,60.4457]],[[22.245,60.4517],[22.2422,60.4514]],[[22.2375,60.452],[22.2342,60.4527]],[[22.243,60.4502],[22.2428,60.4499]],[[22.2342,60.4527],[22.2327,60.453]],[[22.2428,60.4499],[22.2419,60.4487]],[[22.2419,60.4487],[22.2411,60.4482]],[[22.2411,60.4482],[22.2393,60.4472]],[[22.2422,60.4514],[22.2375,60.452]],[[22.2536,60.4543],[22.2491,60.4529]],[[22.2533,60.4543],[22.2492,60.453]],[[22.2479,60.4525],[22.2473,60.4523]],[[22.2457,60.4518],[22.2451,60.4517]],[[22.2473,60.4523],[22.2457,60.4518]],[[22.2451,60.4517],[22.2442,60.4512]],[[22.2435,60.4508],[22.243,60.4502]],[[22.2491,60.4529],[22.2482,60.4526]],[[22.2442,60.4512],[22.2435,60.4508]],[[22.2457,60.4519],[22.245,60.4517]],[[22.2479,60.4525],[22.2473,60.4523]],[[22.2471,60.4523],[22.2457,60.4519]],[[22.2482,60.4526],[22.2479,60.4525]],[[22.2492,60.453],[22.2491,60.4529]],[[22.2491,60.4529],[22.2479,60.4525]],[[22.2472,60.4523],[22.2471,60.4523]],[[22.2473,60.4523],[22.2472,60.4523]],[[22.2456,60.4518],[22.2451,60.4517]],[[22.2549,60.4547],[22.2536,60.4543]],[[22.2556,60.455],[22.2534,60.4543]],[[22.2551,60.4548],[22.2549,60.4547]],[[22.2534,60.4543],[22.2533,60.4543]],[[22.2577,60.4556],[22.2551,60.4548]],[[22.2605,60.4566],[22.2556,60.455]],[[22.2606,60.4565],[22.2577,60.4556]],[[22.2671,60.4587],[22.2647,60.458]],[[22.2676,60.4589],[22.2671,60.4587]],[[22.2693,60.4594],[22.2649,60.458]],[[22.2649,60.458],[22.2606,60.4565]],[[22.2725,60.4605],[22.2676,60.4589]],[[22.2647,60.458],[22.2605,60.4566]],[[22.271,60.46],[22.2702,60.4597]],[[22.2718,60.4602],[22.2702,60.4597]],[[22.2701,60.4597],[22.2693,60.4594]],[[22.2702,60.4597],[22.2702,60.4597]],[[22.2702,60.4597],[22.2701,60.4597]],[[22.2854,60.4683],[22.2726,60.4605]],[[22.2773,60.4611],[22.2725,60.4605]],[[22.2773,60.461],[22.2726,60.4604]],[[22.2826,60.4604],[22.2811,60.4606]],[[22.2826,60.4603],[22.2811,60.4605]],[[22.2726,60.4604],[22.2718,60.4602]],[[22.2725,60.4605],[22.271,60.46]],[[22.2726,60.4605],[22.2725,60.4605]],[[22.2811,60.4606],[22.2777,60.461]],[[22.2811,60.4605],[22.2777,60.461]],[[22.2777,60.461],[22.2773,60.4611]],[[22.2777,60.461],[22.2773,60.461]],[[22.3217,60.4398],[22.3211,60.44]],[[22.3192,60.4403],[22.314,60.4414]],[[22.3211,60.44],[22.3192,60.4403]],[[22.3355,60.4377],[22.3217,60.4398]],[[22.293,60.4535],[22.2909,60.4557]],[[22.2956,60.4514],[22.2947,60.452]],[[22.2959,60.4514],[22.295,60.4521]],[[22.2931,60.4535],[22.291,60.4557]],[[22.2937,60.4529],[22.293,60.4535]],[[22.294,60.4527],[22.2931,60.4535]],[[22.295,60.4521],[22.294,60.4527]],[[22.2947,60.452],[22.2937,60.4529]],[[22.3024,60.447],[22.3005,60.448]],[[22.3085,60.4437],[22.3024,60.447]],[[22.3024,60.447],[22.3009,60.4479]],[[22.3009,60.4479],[22.2972,60.4505]],[[22.3005,60.448],[22.297,60.4504]],[[22.2961,60.4511],[22.2956,60.4514]],[[22.2963,60.4511],[22.2959,60.4514]],[[22.297,60.4504],[22.2968,60.4505]],[[22.2968,60.4505],[22.2961,60.4511]],[[22.2972,60.4505],[22.297,60.4506]],[[22.297,60.4506],[22.2963,60.4511]],[[22.2882,60.4587],[22.2879,60.4589]],[[22.2883,60.4588],[22.288,60.4589]],[[22.288,60.4589],[22.2843,60.4601]],[[22.2879,60.4589],[22.2842,60.4601]],[[22.291,60.4557],[22.2883,60.4588]],[[22.2842,60.4601],[22.2826,60.4603]],[[22.2843,60.4601],[22.2826,60.4604]],[[22.2909,60.4557],[22.2882,60.4587]],[[22.3116,60.4422],[22.3085,60.4437]],[[22.314,60.4414],[22.3116,60.4422]],[[22.2855,60.4685],[22.2854,60.4683]],[[22.2855,60.4719],[22.2855,60.4685]],[[22.2855,60.4727],[22.2855,60.4719]],[[22.2984,60.4907],[22.2968,60.4849],[22.2861,60.478],[22.2855,60.4727]],[[22.3436,60.5363],[22.3257,60.5347],[22.3152,60.5299],[22.3054,60.5126],[22.3065,60.4976],[22.3017,60.4932]],[[22.3017,60.4932],[22.2984,60.4907]],[[22.391,60.4434],[22.3579,60.4389]],[[22.3579,60.4389],[22.3419,60.4374]],[[22.3419,60.4374],[22.3364,60.4376]],[[22.3364,60.4376],[22.3355,60.4377]],[[22.4134,60.4447],[22.3912,60.4434]],[[22.4823,60.4253],[22.4446,60.4418],[22.4319,60.4434]],[[22.3912,60.4434],[22.391,60.4434]],[[22.4182,60.4443],[22.4173,60.4443]],[[22.4173,60.4443],[22.4134,60.4447]],[[22.4319,60.4434],[22.4182,60.4443]],[[22.3454,60.5364],[22.3448,60.5364]],[[22.3448,60.5364],[22.3441,60.5363]],[[22.3441,60.5363],[22.3436,60.5363]],[[22.3536,60.537],[22.3454,60.5364]],[[22.3679,60.5389],[22.3536,60.537]],[[22.376,60.5402],[22.3679,60.5389]],[[22.3916,60.5428],[22.3764,60.5403]],[[22.3764,60.5403],[22.376,60.5402]],[[22.4439,60.5684],[22.4355,60.5616],[22.3921,60.5429]],[[22.3921,60.5429],[22.3916,60.5428]],[[22.492,60.4229],[22.4832,60.425]],[[22.4832,60.425],[22.4823,60.4253]],[[22.4989,60.4223],[22.492,60.4229]],[[22.5077,60.4227],[22.4994,60.4223]],[[22.4994,60.4223],[22.4989,60.4223]],[[22.5168,60.4232],[22.509,60.4228]],[[22.52,60.4233],[22.5181,60.4232]],[[22.509,60.4228],[22.5077,60.4227]],[[22.5181,60.4232],[22.5168,60.4232]],[[22.5249,60.424],[22.5246,60.4239]],[[22.5372,60.4273],[22.5305,60.425]],[[22.5204,60.4233],[22.52,60.4233]],[[22.5246,60.4239],[22.5204,60.4233]],[[22.5305,60.425],[22.5249,60.424]],[[22.5387,60.4283],[22.5374,60.4275]],[[22.5374,60.4275],[22.5372,60.4273]],[[22.5566,60.4372],[22.5387,60.4283]],[[22.5906,60.4468],[22.5697,60.44]],[[22.5686,60.4398],[22.5566,60.4372]],[[22.5697,60.44],[22.5686,60.4398]],[[22.6052,60.4524],[22.5906,60.4468]],[[22.6642,60.4601],[22.638,60.4623],[22.6245,60.4599]],[[22.6245,60.4599],[22.6052,60.4524]],[[22.533,60.6039],[22.5155,60.5908],[22.4597,60.5789],[22.4439,60.5684]],[[22.5434,60.6111],[22.533,60.6039]],[[22.5437,60.6113],[22.5434,60.6111]],[[22.5537,60.6186],[22.5437,60.6113]],[[22.5615,60.6266],[22.5551,60.6195]],[[22.554,60.6188],[22.5537,60.6186]],[[22.5551,60.6195],[22.554,60.6188]],[[22.738,60.7002],[22.7084,60.6941],[22.6761,60.6676],[22.6465,60.6628],[22.6121,60.6509],[22.5959,60.6486]],[[22.5804,60.6422],[22.5615,60.6266]],[[22.5806,60.6424],[22.5804,60.6422]],[[22.589,60.6475],[22.5806,60.6424]],[[22.5949,60.6485],[22.5897,60.6478]],[[22.5897,60.6478],[22.589,60.6475]],[[22.5959,60.6486],[22.5949,60.6485]],[[22.8857,60.4135],[22.8767,60.4142]],[[22.8754,60.4143],[22.8741,60.4145]],[[22.8767,60.4142],[22.8754,60.4143]],[[22.9073,60.4154],[22.8933,60.4141]],[[22.8933,60.4141],[22.8862,60.4135]],[[22.8862,60.4135],[22.8857,60.4135]],[[22.9386,60.4132],[22.929,60.4151]],[[22.9624,60.4097],[22.9494,60.4116]],[[22.9486,60.4117],[22.9386,60.4132]],[[22.9494,60.4116],[22.9486,60.4117]],[[22.9689,60.4088],[22.9624,60.4097]],[[23.0183,60.4026],[23.003,60.4038]],[[22.9836,60.4067],[22.9743,60.408]],[[22.9743,60.408],[22.9689,60.4088]],[[22.99,60.4057],[22.9836,60.4067]],[[22.9908,60.4056],[22.99,60.4057]],[[23.003,60.4038],[22.9908,60.4056]],[[23.0442,60.399],[23.0279,60.4024]],[[23.0217,60.4026],[23.0183,60.4026]],[[23.0279,60.4024],[23.0266,60.4025]],[[23.0266,60.4025],[23.0217,60.4026]],[[23.0654,60.3958],[23.0542,60.3966]],[[23.053,60.3968],[23.0453,60.3986]],[[23.0453,60.3986],[23.0442,60.399]],[[23.0542,60.3966],[23.053,60.3968]],[[23.0714,60.3958],[23.0686,60.3958]],[[23.0686,60.3958],[23.066,60.3958]],[[23.066,60.3958],[23.0654,60.3958]],[[23.2273,60.201],[23.2172,60.2058]],[[23.3117,60.1555],[23.2783,60.1723]],[[23.2549,60.1894],[23.234,60.1978]],[[23.2717,60.1759],[23.2677,60.1793]],[[23.2744,60.1742],[23.2717,60.1759]],[[23.2768,60.173],[23.2756,60.1736]],[[23.2783,60.1723],[23.2776,60.1726]],[[23.2756,60.1736],[23.2744,60.1742]],[[23.2776,60.1726],[23.2768,60.173]],[[23.234,60.1978],[23.2291,60.2001]],[[23.2291,60.2001],[23.2273,60.201]],[[23.2649,60.1827],[23.2626,60.1849]],[[23.2677,60.1793],[23.2649,60.1827]],[[23.2626,60.1849],[23.2564,60.1888]],[[23.2556,60.1891],[23.2549,60.1894]],[[23.2564,60.1888],[23.2556,60.1891]],[[23.3334,60.1507],[23.3117,60.1555]],[[23.3654,60.1445],[23.3334,60.1507]],[[23.3861,60.1397],[23.3663,60.1443]],[[23.3663,60.1443],[23.3654,60.1445]],[[23.4825,60.1154],[23.4306,60.1224]],[[23.4109,60.1282],[23.3861,60.1397]],[[23.4257,60.1233],[23.4146,60.1263]],[[23.4306,60.1224],[23.4257,60.1233]],[[23.411,60.1281],[23.4109,60.1282]],[[23.4146,60.1263],[23.411,60.1281]],[[23.4989,60.1125],[23.4833,60.1154]],[[23.4833,60.1154],[23.4825,60.1154]],[[23.1521,60.2543],[23.1393,60.2634]],[[23.1752,60.2341],[23.1632,60.2459]],[[23.1632,60.2459],[23.1557,60.2519]],[[23.1544,60.2527],[23.1521,60.2543]],[[23.1557,60.2519],[23.1551,60.2523]],[[23.1551,60.2523],[23.1544,60.2527]],[[23.1233,60.2767],[23.1165,60.2839]],[[23.1165,60.2839],[23.1104,60.2969]],[[23.1081,60.3027],[23.1069,60.3118]],[[23.1104,60.2969],[23.1081,60.3027]],[[23.1345,60.2675],[23.1341,60.2679]],[[23.1328,60.2691],[23.1296,60.2722]],[[23.1341,60.2679],[23.1328,60.2691]],[[23.1393,60.2634],[23.1345,60.2675]],[[23.1296,60.2722],[23.1233,60.2767]],[[23.1906,60.2162],[23.1851,60.2198],[23.1801,60.2293]],[[23.2,60.2129],[23.1906,60.2162]],[[23.1801,60.2293],[23.1752,60.2341]],[[23.2093,60.2096],[23.209,60.2097]],[[23.2095,60.2094],[23.2093,60.2096]],[[23.209,60.2097],[23.2082,60.2101]],[[23.2154,60.2066],[23.2095,60.2094]],[[23.2082,60.2101],[23.2,60.2129]],[[23.2172,60.2058],[23.2154,60.2066]],[[23.1069,60.3118],[23.0975,60.3239]],[[23.0975,60.3239],[23.0968,60.3307],[23.1039,60.3377]],[[23.1039,60.3377],[23.1062,60.3393]],[[23.1062,60.3393],[23.112,60.3437]],[[23.112,60.3437],[23.1152,60.3469]],[[23.1152,60.3469],[23.1165,60.3502]],[[23.1165,60.3502],[23.1172,60.3549]],[[23.1172,60.3549],[23.1194,60.3704]],[[23.1194,60.3704],[23.1226,60.377]],[[23.1221,60.3844],[23.1168,60.3877]],[[23.1168,60.3877],[23.1157,60.3882]],[[23.0793,60.3954],[23.0714,60.3958]],[[23.0897,60.3944],[23.0807,60.3953]],[[23.0807,60.3953],[23.0793,60.3954]],[[23.0908,60.3942],[23.0897,60.3944]],[[23.0961,60.3936],[23.0908,60.3942]],[[23.0983,60.3933],[23.0961,60.3936]],[[23.1098,60.3905],[23.0983,60.3933]],[[23.1136,60.3891],[23.1098,60.3905]],[[23.1157,60.3882],[23.1136,60.3891]],[[23.1251,60.3796],[23.1257,60.3816]],[[23.1226,60.377],[23.1251,60.3796]],[[23.1257,60.3816],[23.1255,60.3819]],[[23.1243,60.3829],[23.1237,60.3833]],[[23.1244,60.3828],[23.1243,60.3829]],[[23.1255,60.3819],[23.1244,60.3828]],[[23.1232,60.3836],[23.1221,60.3844]],[[23.1237,60.3833],[23.1232,60.3836]],[[22.665,60.46],[22.6642,60.4601]],[[22.6739,60.4593],[22.6699,60.4596]],[[22.6699,60.4596],[22.665,60.46]],[[22.676,60.4593],[22.6739,60.4593]],[[22.7055,60.4526],[22.7005,60.4554]],[[22.6788,60.4594],[22.676,60.4593]],[[22.6831,60.4594],[22.6823,60.4594]],[[22.6836,60.4594],[22.6831,60.4594]],[[22.6859,60.4594],[22.6836,60.4594]],[[22.6823,60.4594],[22.6788,60.4594]],[[22.6991,60.4563],[22.6859,60.4594]],[[22.7005,60.4554],[22.6991,60.4563]],[[22.754,60.4349],[22.7284,60.4378],[22.7055,60.4526]],[[22.7563,60.4346],[22.754,60.4349]],[[22.7645,60.4323],[22.7641,60.4325]],[[22.7641,60.4325],[22.7567,60.4346]],[[22.7694,60.4306],[22.7645,60.4323]],[[22.7567,60.4346],[22.7563,60.4346]],[[22.781,60.428],[22.7803,60.4282]],[[22.7803,60.4282],[22.7694,60.4306]],[[22.7936,60.4262],[22.7813,60.428]],[[22.8083,60.4244],[22.8036,60.4252]],[[22.8036,60.4252],[22.7936,60.4262]],[[22.7813,60.428],[22.781,60.428]],[[22.8094,60.4243],[22.8083,60.4244]],[[22.8349,60.4199],[22.8094,60.4243]],[[22.8353,60.4198],[22.8349,60.4199]],[[22.8528,60.4169],[22.8353,60.4198]],[[22.8585,60.4161],[22.8531,60.4168]],[[22.8531,60.4168],[22.8528,60.4169]],[[22.859,60.416],[22.8585,60.4161]],[[22.8654,60.4154],[22.859,60.416]],[[22.8741,60.4145],[22.8658,60.4153]],[[22.8658,60.4153],[22.8654,60.4154]],[[22.929,60.4151],[22.9073,60.4154]],[[22.9302,60.783],[22.8701,60.7525],[22.8103,60.7352],[22.7841,60.7215],[22.7682,60.7086],[22.7544,60.704]],[[22.7525,60.7036],[22.738,60.7002]],[[22.7539,60.7039],[22.7525,60.7036]],[[22.7544,60.704],[22.7539,60.7039]],[[23.0079,60.8083],[22.947,60.791],[22.9305,60.7832]],[[22.9305,60.7832],[22.9302,60.783]],[[23.0552,60.8409],[23.0238,60.8144],[23.0083,60.8083]],[[23.0083,60.8083],[23.0079,60.8083]],[[22.0804,61.2091],[21.9874,61.2016],[21.9031,61.2031]],[[21.9029,61.2031],[21.8578,61.1925]],[[21.8578,61.1925],[21.8576,61.1924]],[[21.9031,61.2031],[21.9029,61.2031]],[[22.2837,61.2563],[22.213,61.2341],[22.1637,61.2243]],[[22.0857,61.2094],[22.081,61.2091]],[[22.081,61.2091],[22.0804,61.2091]],[[22.1006,61.2104],[22.0965,61.2101]],[[22.096,61.2101],[22.0857,61.2094]],[[22.0965,61.2101],[22.096,61.2101]],[[22.1069,61.2108],[22.1006,61.2104]],[[22.1134,61.2123],[22.1069,61.2108]],[[22.1339,61.2185],[22.1134,61.2123]],[[22.1635,61.2242],[22.1344,61.2186]],[[22.1344,61.2186],[22.1339,61.2185]],[[22.1637,61.2243],[22.1635,61.2242]],[[22.3115,61.2523],[22.3032,61.2542]],[[22.3156,61.2516],[22.2996,61.2551]],[[22.3216,61.2509],[22.3204,61.251]],[[22.3157,61.2517],[22.3115,61.2523]],[[22.3204,61.251],[22.3186,61.2513]],[[22.3186,61.2513],[22.3157,61.2517]],[[22.3204,61.251],[22.3156,61.2516]],[[22.3382,61.2488],[22.3258,61.2503]],[[22.3258,61.2503],[22.3216,61.2509]],[[22.4039,61.2572],[22.3695,61.252]],[[22.3533,61.2502],[22.3387,61.2488]],[[22.3387,61.2488],[22.3382,61.2488]],[[22.3688,61.252],[22.3536,61.2502]],[[22.3536,61.2502],[22.3533,61.2502]],[[22.3695,61.252],[22.3688,61.252]],[[22.0668,61.3337],[22.0226,61.348],[21.9953,61.3702]],[[21.9286,61.4092],[21.9022,61.4153],[21.8752,61.427]],[[21.8669,61.4309],[21.8626,61.433]],[[21.8626,61.433],[21.8622,61.4332]],[[21.8398,61.4596],[21.8482,61.4641],[21.8494,61.4703]],[[21.8752,61.427],[21.8747,61.4272]],[[21.8747,61.4272],[21.867,61.4309]],[[21.867,61.4309],[21.8669,61.4309]],[[21.9534,61.3959],[21.9407,61.4054],[21.9298,61.4089]],[[21.9298,61.4089],[21.9286,61.4092]],[[21.9553,61.3942],[21.9535,61.3958]],[[21.9535,61.3958],[21.9534,61.3959]],[[21.969,61.3873],[21.9634,61.3899]],[[21.9634,61.3899],[21.9607,61.3912]],[[21.9607,61.3912],[21.9553,61.3942]],[[21.9951,61.3704],[21.9826,61.3807]],[[21.9762,61.3839],[21.9696,61.387]],[[21.9826,61.3807],[21.9787,61.3828]],[[21.9787,61.3828],[21.9762,61.3839]],[[21.9953,61.3702],[21.9951,61.3704]],[[21.9696,61.387],[21.969,61.3873]],[[22.2905,61.2574],[22.2113,61.2771],[22.1689,61.2947]],[[22.1141,61.3177],[22.0668,61.3337]],[[22.1328,61.3099],[22.1224,61.3142]],[[22.1188,61.3158],[22.1179,61.3161]],[[22.1179,61.3161],[22.1141,61.3177]],[[22.1224,61.3142],[22.1188,61.3158]],[[22.1689,61.2947],[22.1424,61.3059]],[[22.1358,61.3086],[22.1343,61.3093]],[[22.133,61.3098],[22.1328,61.3099]],[[22.1376,61.3079],[22.1358,61.3086]],[[22.1343,61.3093],[22.133,61.3098]],[[22.1385,61.3075],[22.1376,61.3079]],[[22.1424,61.3059],[22.1385,61.3075]],[[21.8469,61.4744],[21.844,61.4794]],[[21.8494,61.4703],[21.8491,61.4708]],[[21.8491,61.4708],[21.8469,61.4744]],[[22.2951,61.2562],[22.2896,61.2571]],[[22.2909,61.2573],[22.2905,61.2574]],[[22.294,61.2565],[22.2909,61.2573]],[[22.2948,61.2563],[22.294,61.2565]],[[22.2968,61.2558],[22.2951,61.2562]],[[22.2896,61.2571],[22.2837,61.2563]],[[22.2967,61.2559],[22.2948,61.2563]],[[22.2989,61.2553],[22.2967,61.2559]],[[22.2996,61.2551],[22.2989,61.2553]],[[22.2996,61.2551],[22.2968,61.2558]],[[22.3032,61.2542],[22.2996,61.2551]],[[22.4039,61.2572],[22.4042,61.2573]],[[22.423,61.2612],[22.4042,61.2573]],[[22.4323,61.2649],[22.423,61.2612]],[[22.4345,61.267],[22.4335,61.266]],[[22.4335,61.266],[22.4326,61.2651]],[[22.4326,61.2651],[22.4323,61.2649]],[[22.4413,61.2787],[22.4391,61.2751]],[[22.439,61.2746],[22.4345,61.267]],[[22.4391,61.2751],[22.439,61.2746]],[[22.4666,61.2835],[22.4511,61.2842],[22.4419,61.2793]],[[22.6754,61.2927],[22.6441,61.292],[22.6162,61.301],[22.5844,61.3026],[22.5506,61.3092]],[[22.4419,61.2793],[22.4413,61.2787]],[[22.4793,61.2846],[22.4666,61.2835]],[[22.489,61.2884],[22.4793,61.2846]],[[22.4928,61.2898],[22.489,61.2884]],[[22.5063,61.2966],[22.4945,61.2905]],[[22.4945,61.2905],[22.4928,61.2898]],[[22.5074,61.2974],[22.5063,61.2966]],[[22.5225,61.3045],[22.5074,61.2974]],[[22.5379,61.3089],[22.5233,61.3047]],[[22.5233,61.3047],[22.5225,61.3045]],[[22.5506,61.3092],[22.5379,61.3089]],[[23.0598,60.8468],[23.0552,60.8409]],[[23.0606,60.8478],[23.0598,60.8468]],[[23.0615,60.8489],[23.0606,60.8478]],[[23.0654,60.8519],[23.0643,60.8513]],[[23.0643,60.8513],[23.0636,60.8508]],[[23.0636,60.8508],[23.0633,60.8506]],[[23.0633,60.8506],[23.0615,60.8489]],[[23.0691,60.854],[23.0654,60.8519]],[[23.3095,60.8982],[23.3046,60.8921],[23.2951,60.888],[23.2671,60.8887],[23.2176,60.8772],[23.1622,60.8815],[23.0802,60.8596],[23.0691,60.854]],[[23.4913,60.9573],[23.4497,60.9486],[23.3914,60.9242],[23.3667,60.9195]],[[23.3471,60.9185],[23.3177,60.9113],[23.3096,60.8983]],[[23.3096,60.8983],[23.3095,60.8982]],[[23.3476,60.9186],[23.3471,60.9185]],[[23.3503,60.9189],[23.3476,60.9186]],[[23.3626,60.9195],[23.3503,60.9189]],[[23.3667,60.9195],[23.3626,60.9195]],[[22.6757,61.2927],[22.6754,61.2927]],[[22.692,61.295],[22.6757,61.2927]],[[22.7012,61.2961],[22.6989,61.2958]],[[22.6989,61.2958],[22.692,61.295]],[[22.7024,61.2962],[22.7012,61.2961]],[[22.7837,61.3209],[22.7342,61.3088],[22.7249,61.3034]],[[22.703,61.2963],[22.7024,61.2962]],[[22.7211,61.3008],[22.7095,61.297]],[[22.7095,61.297],[22.703,61.2963]],[[22.7218,61.3013],[22.7211,61.3008]],[[22.7233,61.3023],[22.7231,61.3021]],[[22.7231,61.3021],[22.7224,61.3016]],[[22.7224,61.3016],[22.7218,61.3013]],[[22.7249,61.3034],[22.7238,61.3027]],[[22.7237,61.3026],[22.7233,61.3023]],[[22.7238,61.3027],[22.7237,61.3026]],[[22.8484,61.3504],[22.8223,61.3429],[22.8029,61.3274]],[[22.7854,61.3212],[22.7837,61.3209]],[[22.7989,61.3247],[22.7854,61.3212]],[[22.7998,61.3251],[22.7989,61.3247]],[[22.8029,61.3274],[22.7998,61.3251]],[[22.8501,61.3507],[22.8484,61.3504]],[[22.8705,61.35],[22.8501,61.3507]],[[22.9275,61.361],[22.9098,61.3547]],[[22.8813,61.3493],[22.8705,61.35]],[[22.8829,61.3494],[22.8822,61.3493]],[[22.8822,61.3493],[22.8813,61.3493]],[[22.883,61.3494],[22.8829,61.3494]],[[22.8855,61.3494],[22.883,61.3494]],[[22.8861,61.3495],[22.8855,61.3494]],[[22.8867,61.3495],[22.8861,61.3495]],[[22.8891,61.3496],[22.8867,61.3495]],[[22.8904,61.3496],[22.8891,61.3496]],[[22.899,61.3509],[22.8904,61.3496]],[[22.9081,61.3541],[22.904,61.3526]],[[22.903,61.3522],[22.899,61.3509]],[[22.9033,61.3524],[22.9031,61.3523]],[[22.904,61.3526],[22.9033,61.3524]],[[22.9031,61.3523],[22.903,61.3522]],[[22.9098,61.3547],[22.9088,61.3544]],[[22.9088,61.3544],[22.9081,61.3541]],[[22.9715,61.3865],[22.9508,61.3699]],[[22.9281,61.3613],[22.9275,61.361]],[[22.9463,61.3686],[22.9281,61.3613]],[[22.9508,61.3699],[22.9503,61.3697]],[[22.9503,61.3697],[22.9463,61.3686]],[[23.0338,61.4316],[22.9918,61.4103]],[[22.9709,61.3902],[22.9716,61.3866]],[[22.9716,61.3866],[22.9715,61.3865]],[[22.9727,61.3982],[22.9709,61.3902]],[[22.9737,61.4005],[22.9727,61.3982]],[[22.9738,61.4006],[22.9737,61.4005]],[[22.98,61.4052],[22.9738,61.4006]],[[22.9893,61.4092],[22.98,61.4052]],[[22.9915,61.4102],[22.9897,61.4094]],[[22.9897,61.4094],[22.9893,61.4092]],[[22.9918,61.4103],[22.9915,61.4102]],[[23.0719,61.4563],[23.0531,61.4448]],[[23.0397,61.4375],[23.0347,61.4323]],[[23.0347,61.4323],[23.0338,61.4316]],[[23.0405,61.4385],[23.0397,61.4375]],[[23.0476,61.4427],[23.0405,61.4385]],[[23.0531,61.4448],[23.0476,61.4427]],[[23.1789,61.456],[23.1403,61.4616],[23.1196,61.4606]],[[23.1189,61.4606],[23.0879,61.4625],[23.0721,61.4564]],[[23.0721,61.4564],[23.0719,61.4563]],[[23.1196,61.4606],[23.1189,61.4606]],[[23.1791,61.456],[23.1789,61.456]],[[23.1928,61.4607],[23.1791,61.456]],[[23.2029,61.4634],[23.1931,61.4608]],[[23.1931,61.4608],[23.1928,61.4607]],[[23.3312,61.4736],[23.2669,61.4723]],[[23.2184,61.4667],[23.2029,61.4634]],[[23.236,61.4712],[23.2184,61.4667]],[[23.2519,61.4733],[23.2365,61.4713]],[[23.2669,61.4723],[23.2521,61.4733]],[[23.2365,61.4713],[23.236,61.4712]],[[23.2521,61.4733],[23.2519,61.4733]],[[23.3495,61.4744],[23.3401,61.4745]],[[23.3401,61.4745],[23.335,61.474]],[[23.3322,61.4737],[23.3312,61.4736]],[[23.335,61.474],[23.3322,61.4737]],[[23.4009,61.4668],[23.3585,61.4721]],[[23.3535,61.4737],[23.3495,61.4744]],[[23.3585,61.4721],[23.3541,61.4736]],[[23.3541,61.4736],[23.3535,61.4737]],[[23.4862,61.4758],[23.4548,61.4678],[23.4239,61.4659]],[[23.4235,61.466],[23.4014,61.4668]],[[23.4014,61.4668],[23.4009,61.4668]],[[23.4239,61.4659],[23.4235,61.466]],[[23.4883,61.4763],[23.4862,61.4758]],[[23.5029,61.6569],[23.4744,61.6792]],[[21.5728,63.0876],[21.5646,63.0879]],[[21.5768,63.0884],[21.5728,63.0876]],[[21.5646,63.0879],[21.5615,63.0876]],[[21.5788,63.089],[21.5768,63.0884]],[[21.5989,63.0934],[21.5788,63.089]],[[21.5994,63.0936],[21.5989,63.0934]],[[21.6001,63.0984],[21.5994,63.0936]],[[21.6077,63.1009],[21.6001,63.0985]],[[21.6001,63.0985],[21.6001,63.0984]],[[21.9955,62.9914],[21.9628,62.9981],[21.8883,63.0342],[21.8141,63.06],[21.7779,63.069]],[[21.6586,63.084],[21.6434,63.091]],[[21.6839,63.0773],[21.6648,63.0807]],[[21.6648,63.0807],[21.6586,63.084]],[[21.6851,63.0772],[21.6839,63.0773]],[[21.7024,63.0781],[21.6851,63.0772]],[[21.7088,63.0787],[21.7024,63.0781]],[[21.6146,63.0996],[21.6077,63.1009]],[[21.6434,63.091],[21.6265,63.0961]],[[21.6205,63.0983],[21.6192,63.0987]],[[21.6192,63.0987],[21.6157,63.0994]],[[21.6157,63.0994],[21.6146,63.0996]],[[21.6265,63.0961],[21.6259,63.0963]],[[21.6259,63.0963],[21.6215,63.0979]],[[21.6215,63.0979],[21.6205,63.0983]],[[21.7377,63.0718],[21.7148,63.078]],[[21.7663,63.071],[21.7415,63.0712]],[[21.7093,63.0787],[21.7088,63.0787]],[[21.7148,63.078],[21.7093,63.0787]],[[21.7415,63.0712],[21.7377,63.0718]],[[21.7718,63.0708],[21.7673,63.071]],[[21.7673,63.071],[21.7665,63.071]],[[21.7665,63.071],[21.7663,63.071]],[[21.7779,63.069],[21.772,63.0708]],[[21.772,63.0708],[21.7718,63.0708]],[[22.6119,61.8637],[22.6548,61.873],[22.7195,61.9]],[[22.4892,61.8456],[22.5465,61.8531]],[[22.4596,61.8417],[22.4741,61.8437]],[[22.4741,61.8437],[22.4892,61.8456]],[[22.5571,61.8558],[22.6115,61.8636]],[[22.5483,61.8535],[22.5566,61.8557]],[[22.5465,61.8531],[22.5483,61.8535]],[[22.5566,61.8557],[22.5571,61.8558]],[[22.6115,61.8636],[22.6119,61.8637]],[[22.8525,61.9561],[22.8601,61.9615],[22.93,61.978]],[[22.7197,61.9],[22.7481,61.9143],[22.7602,61.9259],[22.7735,61.9316]],[[22.7195,61.9],[22.7197,61.9]],[[22.7735,61.9316],[22.7739,61.9318]],[[22.7739,61.9318],[22.7824,61.9369]],[[22.7826,61.937],[22.803,61.9433],[22.8418,61.948],[22.8524,61.9558]],[[22.7824,61.9369],[22.7826,61.937]],[[22.8524,61.9558],[22.8525,61.9561]],[[22.9363,61.981],[22.9689,62.0011],[22.9767,62.0142],[22.9895,62.0173]],[[22.93,61.978],[22.9363,61.981]],[[22.9898,62.0173],[23.0083,62.0175]],[[22.9895,62.0173],[22.9898,62.0173]],[[23.0083,62.0175],[23.0085,62.0176]],[[23.0133,62.0193],[23.018,62.0215]],[[23.0085,62.0176],[23.0133,62.0193]],[[23.0184,62.0218],[23.0248,62.0312],[23.0344,62.0333]],[[23.018,62.0215],[23.0184,62.0218]],[[23.0347,62.0334],[23.0442,62.0341]],[[23.0344,62.0333],[23.0347,62.0334]],[[23.0453,62.0342],[23.0654,62.0361]],[[23.0442,62.0341],[23.0453,62.0342]],[[23.0654,62.0361],[23.0758,62.0397],[23.0792,62.0462]],[[23.0729,62.0829],[23.0681,62.0942]],[[23.306,61.8432],[23.2375,61.9082]],[[23.3806,61.7575],[23.3803,61.7578]],[[23.3803,61.7578],[23.3744,61.7653]],[[23.3844,61.7544],[23.3806,61.7575]],[[23.3742,61.7655],[23.3593,61.7864]],[[23.3744,61.7653],[23.3742,61.7655]],[[23.463,61.6875],[23.4466,61.6996],[23.4133,61.733]],[[23.4744,61.6792],[23.4647,61.6863]],[[23.4647,61.6863],[23.463,61.6875]],[[23.4132,61.7331],[23.3958,61.746]],[[23.3958,61.746],[23.3869,61.7526]],[[23.4133,61.733],[23.4132,61.7331]],[[23.3852,61.7538],[23.3844,61.7544]],[[23.3869,61.7526],[23.3852,61.7538]],[[23.3403,61.808],[23.3245,61.8242]],[[23.3238,61.8249],[23.316,61.833]],[[23.3245,61.8242],[23.3238,61.8249]],[[23.3591,61.7867],[23.3434,61.8047]],[[23.3593,61.7864],[23.3591,61.7867]],[[23.3432,61.8049],[23.3405,61.8078]],[[23.3434,61.8047],[23.3432,61.8049]],[[23.3405,61.8078],[23.3403,61.808]],[[23.316,61.833],[23.3147,61.8343]],[[23.3147,61.8343],[23.3072,61.842]],[[23.3072,61.842],[23.306,61.8432]],[[23.2149,61.9284],[23.1714,61.9631]],[[23.1425,61.9857],[23.1336,61.9926]],[[23.1545,61.9763],[23.144,61.9845]],[[23.144,61.9845],[23.1425,61.9857]],[[23.1583,61.9734],[23.155,61.9759]],[[23.1712,61.9633],[23.1588,61.973]],[[23.1588,61.973],[23.1583,61.9734]],[[23.1714,61.9631],[23.1712,61.9633]],[[23.155,61.9759],[23.1545,61.9763]],[[23.2267,61.9179],[23.2155,61.9279]],[[23.2155,61.9279],[23.2149,61.9284]],[[23.2375,61.9082],[23.236,61.9096]],[[23.236,61.9096],[23.2282,61.9166]],[[23.2282,61.9166],[23.2267,61.9179]],[[23.1072,62.0155],[23.0837,62.0381],[23.0793,62.0462]],[[23.1313,61.9944],[23.117,62.006]],[[23.1168,62.0062],[23.1073,62.0153]],[[23.117,62.006],[23.1168,62.0062]],[[23.1073,62.0153],[23.1072,62.0155]],[[23.1336,61.9926],[23.1318,61.9941]],[[23.1318,61.9941],[23.1313,61.9944]],[[23.0793,62.0462],[23.0793,62.0464]],[[23.0792,62.0462],[23.0792,62.0464]],[[23.0788,62.0491],[23.0774,62.0572]],[[23.0772,62.0587],[23.073,62.0826]],[[23.0793,62.0464],[23.0792,62.0469]],[[23.0792,62.0464],[23.0787,62.0494]],[[23.0792,62.0469],[23.0791,62.0477]],[[23.0791,62.0477],[23.0788,62.0491]],[[23.0774,62.0572],[23.0772,62.0587]],[[23.073,62.0826],[23.0729,62.0829]],[[23.0526,62.1293],[23.0379,62.1706]],[[23.0681,62.0942],[23.0679,62.0946]],[[23.0633,62.1039],[23.0593,62.1118]],[[23.0679,62.0946],[23.0639,62.1026]],[[23.0639,62.1026],[23.0633,62.1039]],[[23.058,62.1143],[23.0541,62.1253]],[[23.0581,62.1141],[23.058,62.1143]],[[23.0586,62.1131],[23.0581,62.1141]],[[23.0593,62.1118],[23.0586,62.1131]],[[23.0541,62.1253],[23.054,62.1254]],[[23.054,62.1254],[23.0527,62.1292]],[[23.0527,62.1292],[23.0526,62.1293]],[[23.0351,62.1784],[23.0132,62.2395]],[[23.0379,62.1706],[23.0351,62.1784]],[[23.0129,62.2403],[23.0129,62.2405]],[[23.0132,62.2395],[23.0129,62.2403]],[[23.0129,62.2405],[23.0127,62.241]],[[23.0127,62.241],[23.0095,62.2499]],[[23.009,62.2513],[22.9923,62.2978]],[[23.0095,62.2499],[23.009,62.2513]],[[22.9922,62.298],[22.9897,62.305]],[[22.9923,62.2978],[22.9922,62.298]],[[22.9854,62.3169],[22.9613,62.3943]],[[22.9613,62.3943],[22.9608,62.3957]],[[22.9608,62.3957],[22.958,62.4075]],[[22.9897,62.305],[22.9897,62.3052]],[[22.9897,62.3052],[22.9893,62.3062]],[[22.9893,62.3062],[22.9887,62.3077]],[[22.9887,62.3077],[22.986,62.3154]],[[22.986,62.3154],[22.9854,62.3169]],[[22.9577,62.4138],[22.9548,62.4626]],[[22.9577,62.4124],[22.9577,62.4127]],[[22.958,62.4075],[22.9577,62.4124]],[[22.9577,62.4127],[22.9577,62.4136]],[[22.9577,62.4136],[22.9577,62.4138]],[[22.9538,62.4799],[22.9431,62.5437]],[[22.9548,62.4626],[22.9548,62.4627]],[[22.9544,62.4706],[22.9539,62.4785]],[[22.9548,62.4627],[22.9546,62.4665]],[[22.9546,62.4665],[22.9546,62.4667]],[[22.9546,62.4667],[22.9545,62.4692]],[[22.9545,62.4692],[22.9544,62.4706]],[[22.9539,62.4785],[22.9538,62.4799]],[[22.7535,62.8404],[22.7219,62.8583],[22.6013,62.9047],[22.5775,62.9115],[22.5281,62.9187],[22.4035,62.9489]],[[22.0687,62.9913],[22.0241,62.988],[22.0055,62.9899]],[[22.0055,62.9899],[21.9955,62.9914]],[[22.3885,62.9527],[22.239,62.9904],[22.2135,62.9944]],[[22.1275,62.9985],[22.069,62.9913]],[[22.069,62.9913],[22.0687,62.9913]],[[22.2115,62.9947],[22.1685,63.0012]],[[22.1289,62.9987],[22.1275,62.9985]],[[22.1465,63.0004],[22.1289,62.9987]],[[22.1472,63.0005],[22.1465,63.0004]],[[22.1626,63.0019],[22.1472,63.0005]],[[22.1685,63.0012],[22.1626,63.0019]],[[22.2135,62.9944],[22.2131,62.9945]],[[22.2128,62.9945],[22.2115,62.9947]],[[22.2131,62.9945],[22.2128,62.9945]],[[22.4028,62.9491],[22.398,62.9502]],[[22.3946,62.9511],[22.3885,62.9527]],[[22.398,62.9502],[22.395,62.951]],[[22.395,62.951],[22.3946,62.9511]],[[22.4035,62.9489],[22.4028,62.9491]],[[23.0828,62.718],[22.9415,62.7579]],[[22.9408,62.5554],[22.942,62.6287]],[[22.9431,62.5437],[22.9408,62.5554]],[[22.9409,62.65],[22.9372,62.673]],[[22.9407,62.65],[22.9371,62.673]],[[22.942,62.629],[22.9421,62.6298]],[[22.942,62.6287],[22.942,62.629]],[[22.9421,62.6298],[22.9421,62.6301]],[[22.9421,62.6301],[22.9411,62.6471]],[[22.9411,62.6471],[22.9407,62.65]],[[22.9411,62.6471],[22.9409,62.65]],[[22.9313,62.709],[22.9128,62.7552]],[[22.9314,62.709],[22.9129,62.7554]],[[22.9347,62.6892],[22.9314,62.7089]],[[22.9345,62.6891],[22.9313,62.7088]],[[22.9372,62.673],[22.937,62.6747]],[[22.9371,62.673],[22.9368,62.6747]],[[22.937,62.6747],[22.935,62.6875]],[[22.9368,62.6747],[22.9348,62.6874]],[[22.9348,62.6874],[22.9345,62.6891]],[[22.935,62.6875],[22.9347,62.6892]],[[22.9314,62.7089],[22.9314,62.709]],[[22.9313,62.7088],[22.9313,62.709]],[[22.8174,62.8042],[22.7747,62.8255],[22.754,62.84]],[[22.8588,62.8066],[22.9113,62.8311]],[[22.8587,62.8066],[22.9113,62.8313]],[[22.8294,62.7987],[22.8196,62.8032]],[[22.8337,62.7968],[22.8294,62.7987]],[[22.8678,62.7808],[22.856,62.7866]],[[22.8677,62.7808],[22.8559,62.7866]],[[22.8557,62.7867],[22.8552,62.7869]],[[22.8557,62.7867],[22.8553,62.787]],[[22.8559,62.7866],[22.8557,62.7867]],[[22.856,62.7866],[22.8557,62.7867]],[[22.8439,62.7921],[22.8382,62.7947]],[[22.8484,62.7901],[22.8439,62.7921]],[[22.8334,62.7995],[22.8428,62.8021]],[[22.8337,62.7995],[22.8428,62.8021]],[[22.8486,62.79],[22.8439,62.7921]],[[22.8439,62.7921],[22.8383,62.7947]],[[22.8354,62.7959],[22.8343,62.7965]],[[22.8354,62.7961],[22.8346,62.7965]],[[22.8354,62.7959],[22.8344,62.7965]],[[22.8356,62.7959],[22.8354,62.7959]],[[22.8359,62.7957],[22.8356,62.7959]],[[22.836,62.7958],[22.8357,62.7959]],[[22.8357,62.7959],[22.8355,62.796]],[[22.8342,62.7965],[22.8331,62.7969]],[[22.8343,62.7965],[22.8337,62.7968]],[[22.8382,62.7947],[22.8359,62.7957]],[[22.8383,62.7947],[22.836,62.7958]],[[22.8332,62.7991],[22.8334,62.7995]],[[22.8335,62.7991],[22.8337,62.7995]],[[22.8344,62.7965],[22.8343,62.7966]],[[22.8343,62.7966],[22.8332,62.7991]],[[22.8346,62.7965],[22.8335,62.7991]],[[22.8355,62.796],[22.8354,62.7961]],[[22.8519,62.7885],[22.8502,62.7893]],[[22.8502,62.7893],[22.8498,62.7895]],[[22.8502,62.7893],[22.8498,62.7894]],[[22.8522,62.7884],[22.8502,62.7893]],[[22.8498,62.7895],[22.8493,62.7897]],[[22.8498,62.7894],[22.8486,62.79]],[[22.8493,62.7897],[22.8484,62.7901]],[[22.8521,62.7884],[22.8519,62.7885]],[[22.8552,62.7869],[22.8527,62.7881]],[[22.8553,62.787],[22.8528,62.7881]],[[22.8528,62.7881],[22.8525,62.7882]],[[22.8527,62.7881],[22.8525,62.7882]],[[22.8525,62.7882],[22.8521,62.7884]],[[22.8525,62.7882],[22.8522,62.7884]],[[22.8196,62.8032],[22.8189,62.8035]],[[22.8189,62.8035],[22.8174,62.8042]],[[22.8428,62.8021],[22.8476,62.8023]],[[22.8428,62.8021],[22.8476,62.8024]],[[22.8476,62.8024],[22.8479,62.8024]],[[22.8476,62.8023],[22.8479,62.8024]],[[22.8534,62.804],[22.8577,62.8061]],[[22.8533,62.8041],[22.8577,62.8061]],[[22.8577,62.8061],[22.858,62.8063]],[[22.8577,62.8061],[22.858,62.8063]],[[22.858,62.8063],[22.8587,62.8066]],[[22.858,62.8063],[22.8588,62.8066]],[[22.8479,62.8024],[22.8534,62.804]],[[22.8479,62.8024],[22.8533,62.8041]],[[22.754,62.84],[22.7535,62.8404]],[[22.9128,62.7552],[22.9063,62.7649],[22.893,62.772]],[[22.8928,62.7723],[22.8795,62.7768]],[[22.9129,62.7554],[22.9089,62.7626],[22.9,62.7693]],[[22.893,62.772],[22.8859,62.7745]],[[22.9,62.7693],[22.8974,62.7707]],[[22.8996,62.7703],[22.8934,62.7721]],[[22.8974,62.7707],[22.8934,62.7721]],[[22.8934,62.7721],[22.8928,62.7723]],[[22.9186,62.7647],[22.8996,62.7703]],[[22.9363,62.7594],[22.9321,62.7607]],[[22.9409,62.7581],[22.9363,62.7594]],[[22.9321,62.7607],[22.9186,62.7647]],[[22.9415,62.7579],[22.9409,62.7581]],[[22.8744,62.7785],[22.8677,62.7808]],[[22.8745,62.7785],[22.8678,62.7808]],[[22.8745,62.7785],[22.8753,62.7782]],[[22.8752,62.7782],[22.8744,62.7785]],[[22.8859,62.7745],[22.8794,62.7767]],[[22.8795,62.7768],[22.8753,62.7782]],[[22.8794,62.7767],[22.8752,62.7782]],[[22.9118,62.8313],[22.9113,62.8311]],[[22.9117,62.8315],[22.9113,62.8313]],[[22.9138,62.8322],[22.9118,62.8313]],[[22.9144,62.8324],[22.9138,62.8322]],[[22.9148,62.8326],[22.9144,62.8324]],[[22.9136,62.8322],[22.9117,62.8315]],[[22.9142,62.8325],[22.9136,62.8322]],[[22.9156,62.8329],[22.9148,62.8326]],[[22.9186,62.8342],[22.9156,62.8329]],[[22.9147,62.8327],[22.9142,62.8325]],[[22.9185,62.8342],[22.9154,62.833]],[[22.919,62.8345],[22.9366,62.8488]],[[22.9192,62.8344],[22.9369,62.8487]],[[22.9154,62.833],[22.9147,62.8327]],[[22.9369,62.849],[22.9614,62.8728]],[[22.9372,62.849],[22.9616,62.8728]],[[22.9192,62.8344],[22.9186,62.8342]],[[22.919,62.8345],[22.9185,62.8342]],[[22.9369,62.8487],[22.9372,62.849]],[[22.9366,62.8488],[22.9369,62.849]],[[22.962,62.8731],[22.9706,62.8803]],[[22.9617,62.8731],[22.9703,62.8804]],[[22.9616,62.8728],[22.962,62.8731]],[[22.9614,62.8728],[22.9617,62.8731]],[[22.9706,62.8803],[22.9708,62.8805]],[[22.9708,62.8805],[22.9822,62.8903]],[[22.9703,62.8804],[22.9706,62.8806]],[[22.9706,62.8806],[22.9819,62.8903]],[[22.9949,62.9013],[23.0146,62.9181]],[[22.9946,62.9013],[23.0143,62.9182]],[[22.9822,62.8903],[22.9945,62.9009]],[[22.9819,62.8903],[22.9942,62.901]],[[22.9945,62.9009],[22.9949,62.9013]],[[22.9942,62.901],[22.9946,62.9013]],[[23.0143,62.9182],[23.0147,62.9185]],[[23.0146,62.9181],[23.015,62.9184]],[[23.015,62.9184],[23.023,62.9288]],[[23.0147,62.9185],[23.0175,62.9209]],[[23.0229,62.9292],[23.0255,62.9376],[23.0219,62.9469]],[[23.0232,62.9292],[23.0258,62.9376],[23.0222,62.947]],[[23.0227,62.9289],[23.0229,62.9292]],[[23.0175,62.9209],[23.0227,62.9289]],[[23.023,62.9288],[23.0232,62.9292]],[[23.3393,62.647],[23.2965,62.6474],[23.255,62.6561],[23.1442,62.7003]],[[23.144,62.7004],[23.0946,62.7167]],[[23.0943,62.7168],[23.0833,62.7179]],[[23.0833,62.7179],[23.0828,62.718]],[[23.0946,62.7167],[23.0943,62.7168]],[[23.1442,62.7003],[23.144,62.7004]],[[23.5898,62.6188],[23.5519,62.6215],[23.5241,62.6279],[23.485,62.6303],[23.4401,62.6384]],[[23.4134,62.6437],[23.3395,62.647]],[[23.3395,62.647],[23.3393,62.647]],[[23.4277,62.6408],[23.4134,62.6437]],[[23.4401,62.6384],[23.4277,62.6408]],[[23.0116,62.9784],[23.0081,62.9882],[23.011,63.0068],[23.0081,63.0157],[23.013,63.0327]],[[23.0149,62.9686],[23.0144,62.971]],[[23.0168,62.9584],[23.0147,62.9634]],[[23.0147,62.9634],[23.0146,62.9637]],[[23.0146,62.9642],[23.0148,62.9672]],[[23.0149,62.968],[23.0149,62.9684]],[[23.0146,62.9637],[23.0146,62.9642]],[[23.015,62.968],[23.0151,62.9684]],[[23.0149,62.9684],[23.0149,62.9686]],[[23.0148,62.9672],[23.0148,62.9673]],[[23.0148,62.9673],[23.0149,62.9678]],[[23.0148,62.9673],[23.0148,62.9678]],[[23.0148,62.9678],[23.0149,62.968]],[[23.0149,62.9678],[23.015,62.968]],[[23.0132,62.9742],[23.013,62.9746]],[[23.0144,62.971],[23.0132,62.9742]],[[23.013,62.9746],[23.0121,62.9771]],[[23.0121,62.9771],[23.0116,62.9784]],[[23.0222,62.947],[23.022,62.9473]],[[23.0219,62.9469],[23.0217,62.9473]],[[23.022,62.9473],[23.0174,62.957]],[[23.0217,62.9473],[23.0174,62.957]],[[23.0174,62.957],[23.0173,62.9574]],[[23.0169,62.9582],[23.0168,62.9584]],[[23.0173,62.9574],[23.0169,62.9582]],[[23.013,63.0327],[23.0143,63.0398]],[[23.0039,63.1326],[22.9873,63.1529],[22.9593,63.1683]],[[23.0143,63.0398],[23.0146,63.0408]],[[23.0146,63.0408],[23.022,63.0538]],[[23.0222,63.0539],[23.0369,63.0686],[23.04,63.0917]],[[23.022,63.0538],[23.0222,63.0539]],[[23.0295,63.1059],[23.0076,63.1262]],[[23.0076,63.1262],[23.004,63.1324]],[[23.004,63.1324],[23.0039,63.1326]],[[23.04,63.0921],[23.04,63.0917]],[[23.04,63.0921],[23.039,63.0952]],[[23.0362,63.0986],[23.0295,63.1059]],[[23.039,63.0952],[23.0385,63.096]],[[23.0374,63.0973],[23.0371,63.0976]],[[23.0385,63.096],[23.0374,63.0973]],[[23.0371,63.0976],[23.0371,63.0977]],[[23.0371,63.0977],[23.0362,63.0986]],[[22.8741,63.2385],[22.8686,63.2516],[22.8554,63.2643]],[[22.7683,63.3468],[22.7503,63.3574]],[[22.8552,63.2645],[22.8308,63.28]],[[22.8554,63.2643],[22.8552,63.2645]],[[22.8277,63.283],[22.823,63.2875]],[[22.8308,63.28],[22.8305,63.2802]],[[22.8305,63.2802],[22.8277,63.283]],[[22.821,63.2894],[22.8157,63.2959],[22.8156,63.3043]],[[22.823,63.2875],[22.8227,63.2878]],[[22.8227,63.2878],[22.821,63.2894]],[[22.8076,63.3178],[22.7765,63.3407]],[[22.7765,63.3407],[22.7683,63.3468]],[[22.8156,63.3043],[22.8156,63.3046]],[[22.8152,63.3106],[22.8107,63.3155]],[[22.8156,63.3046],[22.8153,63.3104]],[[22.8153,63.3104],[22.8152,63.3106]],[[22.8107,63.3155],[22.8079,63.3176]],[[22.8079,63.3176],[22.8076,63.3178]],[[22.9284,63.1916],[22.8988,63.2168]],[[22.9509,63.1747],[22.9284,63.1916]],[[22.9593,63.1683],[22.9509,63.1747]],[[22.897,63.2182],[22.8823,63.2297]],[[22.8988,63.2168],[22.8982,63.2172]],[[22.8972,63.2181],[22.897,63.2182]],[[22.8982,63.2172],[22.8972,63.2181]],[[22.8823,63.2297],[22.8745,63.2374]],[[22.8745,63.2374],[22.8743,63.238]],[[22.8743,63.238],[22.8741,63.2383]],[[22.8741,63.2383],[22.8741,63.2385]],[[23.5645,60.0222],[23.518,60.0071]],[[23.513,60.0061],[23.5017,59.9971]],[[23.518,60.0071],[23.513,60.0061]],[[23.5877,60.0354],[23.5645,60.0222]],[[23.6011,60.0428],[23.5877,60.0354]],[[23.581,60.0822],[23.5651,60.0907]],[[23.5555,60.0958],[23.5531,60.0974]],[[23.5525,60.0978],[23.5478,60.1008]],[[23.5531,60.0974],[23.5525,60.0978]],[[23.5646,60.0909],[23.5638,60.0913]],[[23.5638,60.0914],[23.5603,60.0931]],[[23.5651,60.0907],[23.5646,60.0909]],[[23.5638,60.0913],[23.5638,60.0914]],[[23.5603,60.0931],[23.5579,60.0944]],[[23.5579,60.0944],[23.5555,60.0958]],[[23.5927,60.0762],[23.5822,60.0816]],[[23.5933,60.076],[23.5927,60.0762]],[[23.5822,60.0816],[23.581,60.0822]],[[23.6256,60.0502],[23.6011,60.0428]],[[23.6481,60.0636],[23.6318,60.0633]],[[23.6069,60.0704],[23.5933,60.076]],[[23.6266,60.064],[23.6143,60.0673]],[[23.6132,60.0677],[23.6075,60.0701]],[[23.6075,60.0701],[23.6069,60.0704]],[[23.6143,60.0673],[23.6139,60.0674]],[[23.6136,60.0675],[23.6132,60.0677]],[[23.6139,60.0674],[23.6136,60.0675]],[[23.6407,60.0593],[23.6256,60.0502]],[[23.6503,60.0638],[23.6411,60.0596]],[[23.6411,60.0596],[23.6407,60.0593]],[[23.6318,60.0633],[23.6266,60.064]],[[23.6559,60.0663],[23.6551,60.0659]],[[23.6547,60.0658],[23.6526,60.0648]],[[23.6562,60.0665],[23.6559,60.0663]],[[23.6568,60.0667],[23.6559,60.0663]],[[23.6559,60.0663],[23.655,60.066]],[[23.6551,60.0659],[23.6547,60.0658]],[[23.6569,60.0668],[23.6562,60.0665]],[[23.66,60.068],[23.6568,60.0667]],[[23.6584,60.0674],[23.6569,60.0668]],[[23.6526,60.0648],[23.6503,60.0638]],[[23.655,60.066],[23.6481,60.0636]],[[23.6584,60.0674],[23.6559,60.0663]],[[23.6606,60.0684],[23.6584,60.0674]],[[23.6598,60.0681],[23.6569,60.0668]],[[23.6734,60.071],[23.663,60.0695]],[[23.6757,60.0706],[23.6631,60.0695]],[[23.6608,60.0685],[23.6598,60.0681]],[[23.6606,60.0684],[23.66,60.068]],[[23.6609,60.0685],[23.6606,60.0684]],[[23.6628,60.0694],[23.6608,60.0685]],[[23.6629,60.0694],[23.6609,60.0685]],[[23.663,60.0695],[23.6628,60.0694]],[[23.6631,60.0695],[23.6629,60.0694]],[[23.6951,60.072],[23.6837,60.0693]],[[23.6952,60.072],[23.6837,60.0693]],[[23.6788,60.0701],[23.6766,60.0705]],[[23.6799,60.0699],[23.6766,60.0705]],[[23.6766,60.0705],[23.6761,60.0706]],[[23.6766,60.0705],[23.6757,60.0706]],[[23.6758,60.0707],[23.6734,60.071]],[[23.6761,60.0706],[23.6758,60.0707]],[[23.6837,60.0693],[23.6788,60.0701]],[[23.6837,60.0693],[23.6799,60.0699]],[[23.6994,60.0753],[23.6955,60.0724]],[[23.6994,60.0753],[23.6956,60.0724]],[[23.6955,60.0724],[23.6951,60.072]],[[23.6956,60.0724],[23.6952,60.072]],[[23.5297,60.107],[23.4989,60.1125]],[[23.5453,60.1022],[23.5341,60.1062]],[[23.5341,60.1062],[23.5297,60.107]],[[23.547,60.1012],[23.5453,60.1022]],[[23.5478,60.1008],[23.547,60.1012]],[[23.7686,60.0794],[23.7465,60.0807]],[[23.7458,60.0895],[23.7199,60.0798]],[[23.7823,60.1076],[23.7586,60.1001],[23.7458,60.0895]],[[23.7106,60.0779],[23.7079,60.0776]],[[23.7079,60.0775],[23.6994,60.0753]],[[23.7079,60.0776],[23.6994,60.0753]],[[23.7157,60.0784],[23.7079,60.0775]],[[23.7128,60.0781],[23.7106,60.0779]],[[23.7157,60.0784],[23.7106,60.0779]],[[23.7291,60.0787],[23.7157,60.0784]],[[23.7199,60.0798],[23.7128,60.0781]],[[23.7301,60.0787],[23.7291,60.0787]],[[23.7465,60.0807],[23.7301,60.0787]],[[23.7902,60.0727],[23.7783,60.0758]],[[23.8048,60.0707],[23.794,60.072]],[[23.794,60.072],[23.7918,60.0724]],[[23.7905,60.0726],[23.7902,60.0727]],[[23.7918,60.0724],[23.7905,60.0726]],[[23.7689,60.0793],[23.7686,60.0794]],[[23.7779,60.076],[23.7717,60.0783]],[[23.7717,60.0783],[23.7689,60.0793]],[[23.7783,60.0758],[23.7779,60.076]],[[23.8726,60.0677],[23.8548,60.0678]],[[23.818,60.0698],[23.8053,60.0707]],[[23.8053,60.0707],[23.8048,60.0707]],[[23.8395,60.0682],[23.818,60.0698]],[[23.8504,60.0678],[23.8395,60.0682]],[[23.8548,60.0678],[23.851,60.0678]],[[23.851,60.0678],[23.8504,60.0678]],[[23.8998,60.0643],[23.8768,60.0676]],[[23.8768,60.0676],[23.8726,60.0677]],[[23.9008,60.0642],[23.8998,60.0643]],[[23.9088,60.063],[23.9051,60.0635]],[[23.9051,60.0635],[23.9008,60.0642]],[[23.8501,60.1332],[23.8129,60.1262],[23.7955,60.1127],[23.7829,60.1078]],[[23.7829,60.1078],[23.7823,60.1076]],[[23.8601,60.1375],[23.8508,60.1335]],[[23.8508,60.1335],[23.8501,60.1332]],[[23.9192,60.159],[23.908,60.1572],[23.8798,60.144]],[[23.8798,60.144],[23.8617,60.1381]],[[23.8617,60.1381],[23.861,60.1379]],[[23.861,60.1379],[23.8601,60.1375]],[[24.0771,60.2398],[24.0493,60.2221],[24.0209,60.2118],[24.0039,60.1963]],[[24.02,60.0896],[24.0079,60.0814],[23.9523,60.0633]],[[23.9226,60.0634],[23.9088,60.063]],[[23.923,60.0634],[23.9226,60.0634]],[[23.931,60.0623],[23.9291,60.0627]],[[23.9291,60.0627],[23.923,60.0634]],[[23.9364,60.0615],[23.931,60.0623]],[[23.9376,60.0614],[23.9364,60.0615]],[[23.9384,60.0613],[23.9376,60.0614]],[[23.9523,60.0633],[23.9384,60.0613]],[[24.0218,60.0908],[24.02,60.0896]],[[24.0274,60.0948],[24.0218,60.0908]],[[24.051,60.1005],[24.0276,60.095]],[[24.0276,60.095],[24.0274,60.0948]],[[23.9265,60.1601],[23.9192,60.159]],[[23.9446,60.1653],[23.9265,60.1601]],[[23.9536,60.1699],[23.9446,60.1653]],[[23.9566,60.1716],[23.9536,60.1699]],[[23.9575,60.1722],[23.9566,60.1716]],[[23.9638,60.176],[23.9593,60.1733]],[[23.9593,60.1733],[23.9589,60.1731]],[[23.9589,60.1731],[23.9575,60.1722]],[[23.9667,60.1772],[23.9638,60.176]],[[23.9761,60.1803],[23.9687,60.1779]],[[23.9679,60.1776],[23.9667,60.1772]],[[23.9687,60.1779],[23.9679,60.1776]],[[23.9849,60.1836],[23.9844,60.1833]],[[23.9844,60.1833],[23.9761,60.1803]],[[23.9971,60.1928],[23.9849,60.1836]],[[23.9976,60.193],[23.9971,60.1928]],[[24.0028,60.1955],[23.9976,60.193]],[[24.0039,60.1963],[24.0028,60.1955]],[[24.0929,60.1074],[24.0513,60.1005]],[[24.0513,60.1005],[24.051,60.1005]],[[24.1332,60.1243],[24.117,60.1161]],[[24.1025,60.1103],[24.0929,60.1074]],[[24.1112,60.113],[24.1031,60.1105]],[[24.1031,60.1105],[24.1027,60.1103]],[[24.1027,60.1103],[24.1025,60.1103]],[[24.117,60.1161],[24.1112,60.113]],[[24.1862,60.1367],[24.1555,60.1311]],[[24.1503,60.1299],[24.1353,60.125]],[[24.135,60.1249],[24.1332,60.1243]],[[24.1353,60.125],[24.135,60.1249]],[[24.1555,60.1311],[24.1546,60.1309]],[[24.1546,60.1309],[24.1503,60.1299]],[[24.2023,60.1386],[24.1862,60.1367]],[[24.2026,60.1386],[24.2023,60.1386]],[[24.2099,60.1395],[24.2026,60.1386]],[[24.2127,60.1398],[24.2099,60.1395]],[[24.2214,60.1406],[24.2207,60.1406]],[[24.2207,60.1406],[24.2127,60.1398]],[[24.2223,60.1407],[24.2214,60.1406]],[[24.2635,60.1382],[24.2342,60.1411]],[[24.2257,60.141],[24.2249,60.1409]],[[24.2236,60.1408],[24.2223,60.1407]],[[24.2245,60.1409],[24.2236,60.1408]],[[24.2249,60.1409],[24.2245,60.1409]],[[24.2342,60.1411],[24.2257,60.141]],[[24.2746,60.1362],[24.2738,60.1364]],[[24.2738,60.1364],[24.2659,60.138]],[[24.2659,60.138],[24.2635,60.1382]],[[24.3459,60.1071],[24.3257,60.1123]],[[24.3071,60.1235],[24.2946,60.1276]],[[24.3257,60.1123],[24.321,60.1159]],[[24.321,60.1159],[24.3073,60.1235]],[[24.3073,60.1235],[24.3071,60.1235]],[[24.2816,60.1335],[24.2779,60.1351]],[[24.2921,60.1286],[24.2816,60.1335]],[[24.2779,60.1351],[24.2746,60.1362]],[[24.2946,60.1276],[24.2921,60.1286]],[[24.1042,60.2578],[24.089,60.2474]],[[24.0823,60.2431],[24.0773,60.2399]],[[24.0773,60.2399],[24.0771,60.2398]],[[24.0888,60.2473],[24.0828,60.2434]],[[24.0828,60.2434],[24.0823,60.2431]],[[24.089,60.2474],[24.0888,60.2473]],[[24.1048,60.2583],[24.1044,60.2579]],[[24.1091,60.2615],[24.1048,60.2583]],[[24.1044,60.2579],[24.1042,60.2578]],[[24.1098,60.262],[24.1091,60.2615]],[[24.1188,60.2662],[24.1098,60.262]],[[24.1317,60.2684],[24.1203,60.2666]],[[24.1203,60.2666],[24.1198,60.2665]],[[24.1198,60.2665],[24.1188,60.2662]],[[24.1842,60.2884],[24.1381,60.27]],[[24.1371,60.2696],[24.1317,60.2684]],[[24.1381,60.27],[24.1371,60.2696]],[[24.2256,60.3002],[24.2089,60.2951]],[[24.1846,60.2885],[24.1842,60.2884]],[[24.2043,60.2939],[24.1846,60.2885]],[[24.2089,60.2951],[24.2081,60.2949]],[[24.2081,60.2949],[24.2046,60.2939]],[[24.2046,60.2939],[24.2043,60.2939]],[[24.2264,60.3007],[24.2256,60.3002]],[[24.2426,60.3107],[24.2264,60.3007]],[[24.2969,60.3219],[24.2811,60.3221],[24.243,60.3109]],[[24.243,60.3109],[24.2426,60.3107]],[[24.3069,60.3232],[24.2969,60.3219]],[[24.3163,60.3282],[24.3074,60.3234]],[[24.3074,60.3234],[24.3069,60.3232]],[[24.3167,60.3286],[24.3163,60.3282]],[[24.329,60.3378],[24.3203,60.3324]],[[24.3198,60.3319],[24.3167,60.3286]],[[24.3203,60.3324],[24.3198,60.3319]],[[24.374,60.1103],[24.3459,60.1071]],[[24.3826,60.1132],[24.374,60.1103]],[[24.388,60.1151],[24.3878,60.115]],[[24.3908,60.1162],[24.388,60.1151]],[[24.4002,60.1182],[24.3908,60.1162]],[[24.3878,60.115],[24.3826,60.1132]],[[24.4042,60.1186],[24.4036,60.1185]],[[24.4012,60.1183],[24.4002,60.1182]],[[24.4036,60.1185],[24.4012,60.1183]],[[24.4165,60.1196],[24.4042,60.1186]],[[24.4199,60.1199],[24.4165,60.1196]],[[24.428,60.12],[24.4232,60.12]],[[24.4321,60.1199],[24.428,60.12]],[[24.4321,60.1198],[24.428,60.12]],[[24.4201,60.1199],[24.4199,60.1199]],[[24.4232,60.12],[24.4201,60.1199]],[[24.4726,60.1185],[24.4555,60.1168]],[[24.4726,60.1185],[24.4555,60.1167]],[[24.4495,60.1182],[24.4394,60.1196]],[[24.4495,60.1182],[24.4409,60.1195]],[[24.4394,60.1196],[24.438,60.1197]],[[24.4404,60.1195],[24.4335,60.1198]],[[24.4335,60.1198],[24.4321,60.1198]],[[24.4378,60.1197],[24.4335,60.1198]],[[24.4335,60.1198],[24.4321,60.1199]],[[24.438,60.1197],[24.4378,60.1197]],[[24.4409,60.1195],[24.4404,60.1195]],[[24.4555,60.1168],[24.4495,60.1182]],[[24.4555,60.1167],[24.4495,60.1182]],[[24.4729,60.1186],[24.4726,60.1185]],[[24.4729,60.1186],[24.4726,60.1185]],[[24.4797,60.1214],[24.4752,60.1195]],[[24.4752,60.1195],[24.4729,60.1186]],[[24.4781,60.1208],[24.4751,60.1196]],[[24.4751,60.1196],[24.4729,60.1186]],[[24.4866,60.1244],[24.4838,60.1231]],[[24.4867,60.1243],[24.4823,60.1225]],[[24.4823,60.1225],[24.4797,60.1214]],[[24.4838,60.1231],[24.4781,60.1208]],[[24.5002,60.1326],[24.4867,60.1243]],[[24.5002,60.1326],[24.4866,60.1244]],[[24.5126,60.1378],[24.5002,60.1326]],[[24.5125,60.1378],[24.5002,60.1326]],[[24.5167,60.1396],[24.5125,60.1378]],[[24.5167,60.1395],[24.5126,60.1378]],[[24.5247,60.146],[24.5167,60.1395]],[[24.5237,60.1452],[24.5188,60.1408]],[[24.5188,60.1408],[24.5167,60.1396]],[[24.5257,60.147],[24.5237,60.1452]],[[24.5345,60.1539],[24.5299,60.1504]],[[24.5344,60.1539],[24.5299,60.1504]],[[24.5299,60.1504],[24.5257,60.147]],[[24.5299,60.1504],[24.525,60.1463]],[[24.525,60.1463],[24.5247,60.146]],[[24.5347,60.1542],[24.5344,60.1539]],[[24.5348,60.1542],[24.5345,60.1539]],[[24.5366,60.1555],[24.5348,60.1542]],[[24.5365,60.1556],[24.5347,60.1542]],[[24.5381,60.1572],[24.5365,60.1556]],[[24.5382,60.1572],[24.5366,60.1555]],[[24.5383,60.1574],[24.5381,60.1572]],[[24.5384,60.1574],[24.5382,60.1572]],[[24.5401,60.1601],[24.5383,60.1574]],[[24.5401,60.1601],[24.5384,60.1574]],[[24.5452,60.1678],[24.5423,60.1634]],[[24.5452,60.1678],[24.5424,60.1634]],[[24.5407,60.161],[24.5405,60.1609]],[[24.5408,60.161],[24.5406,60.1608]],[[24.5423,60.1634],[24.5407,60.161]],[[24.5424,60.1634],[24.5408,60.161]],[[24.5406,60.1608],[24.5401,60.1601]],[[24.5405,60.1609],[24.5401,60.1601]],[[24.5473,60.1705],[24.5452,60.1678]],[[24.5472,60.1705],[24.5452,60.1678]],[[24.5497,60.1722],[24.5473,60.1705]],[[24.5497,60.1722],[24.5472,60.1705]],[[24.5569,60.1771],[24.5497,60.1722]],[[24.5568,60.1771],[24.5497,60.1722]],[[24.5602,60.1791],[24.5569,60.1771]],[[24.5601,60.1791],[24.5568,60.1771]],[[24.5737,60.1847],[24.5601,60.1791]],[[24.5737,60.1847],[24.5602,60.1791]],[[24.5777,60.1851],[24.5737,60.1847]],[[24.5777,60.1851],[24.5737,60.1847]],[[24.5897,60.186],[24.5889,60.1858]],[[24.5898,60.1859],[24.5889,60.1858]],[[24.5847,60.1853],[24.5818,60.1852]],[[24.5847,60.1853],[24.5818,60.1852]],[[24.5784,60.1851],[24.578,60.1851]],[[24.5784,60.1851],[24.578,60.1851]],[[24.5818,60.1852],[24.5784,60.1851]],[[24.5818,60.1852],[24.5784,60.1851]],[[24.578,60.1851],[24.5777,60.1851]],[[24.578,60.1851],[24.5777,60.1851]],[[24.588,60.1857],[24.5847,60.1853]],[[24.588,60.1856],[24.5847,60.1853]],[[24.5889,60.1858],[24.588,60.1856]],[[24.5889,60.1858],[24.588,60.1857]],[[24.6045,60.1909],[24.5975,60.1884]],[[24.6045,60.1909],[24.5974,60.1884]],[[24.5975,60.1884],[24.5955,60.1877]],[[24.5974,60.1884],[24.5941,60.1872]],[[24.5941,60.1872],[24.5897,60.186]],[[24.5951,60.1875],[24.5898,60.1859]],[[24.5955,60.1877],[24.5951,60.1875]],[[24.6087,60.1923],[24.6045,60.1909]],[[24.6099,60.1928],[24.6045,60.1909]],[[24.6152,60.195],[24.6099,60.1928]],[[24.6152,60.1949],[24.6093,60.1925]],[[24.6154,60.195],[24.6152,60.195]],[[24.6154,60.195],[24.6152,60.1949]],[[24.6093,60.1925],[24.6087,60.1923]],[[24.6214,60.1976],[24.6154,60.195]],[[24.6214,60.1976],[24.6154,60.195]],[[24.6331,60.2009],[24.6281,60.2001]],[[24.6331,60.2009],[24.6281,60.2]],[[24.627,60.1997],[24.6214,60.1976]],[[24.627,60.1998],[24.6214,60.1976]],[[24.6281,60.2001],[24.627,60.1998]],[[24.6281,60.2],[24.627,60.1997]],[[24.6406,60.2021],[24.6345,60.2011]],[[24.6406,60.2021],[24.6345,60.201]],[[24.6457,60.2031],[24.6406,60.2021]],[[24.6457,60.2031],[24.6406,60.2021]],[[24.6345,60.2011],[24.634,60.201]],[[24.6345,60.201],[24.634,60.201]],[[24.634,60.201],[24.6331,60.2009]],[[24.634,60.201],[24.6331,60.2009]],[[24.6536,60.2046],[24.6475,60.2034]],[[24.6496,60.2038],[24.6475,60.2034]],[[24.6544,60.2047],[24.6529,60.2044]],[[24.6557,60.205],[24.6536,60.2046]],[[24.6475,60.2034],[24.6457,60.2031]],[[24.6475,60.2034],[24.6457,60.2031]],[[24.6529,60.2044],[24.6496,60.2038]],[[24.6327,60.4901],[24.6162,60.49],[24.5592,60.4764],[24.5359,60.4387],[24.5009,60.431],[24.4933,60.4263],[24.4929,60.4027]],[[24.4043,60.3677],[24.3874,60.3645],[24.329,60.3378]],[[24.4509,60.3895],[24.4362,60.3751],[24.4052,60.3678]],[[24.4052,60.3678],[24.4043,60.3677]],[[24.4929,60.4024],[24.4814,60.3973],[24.4649,60.3989],[24.4564,60.3964]],[[24.4548,60.3928],[24.4547,60.3926]],[[24.4547,60.3926],[24.4509,60.3895]],[[24.4564,60.3964],[24.4548,60.3928]],[[24.4929,60.4027],[24.4929,60.4024]],[[24.6558,60.205],[24.6544,60.2047]],[[24.6608,60.206],[24.6562,60.2051]],[[24.6608,60.206],[24.6562,60.2051]],[[24.6562,60.2051],[24.6558,60.205]],[[24.6562,60.2051],[24.6557,60.205]],[[24.6663,60.207],[24.6626,60.2063]],[[24.6663,60.2071],[24.6643,60.2067]],[[24.6626,60.2063],[24.6614,60.2061]],[[24.6643,60.2067],[24.6614,60.2061]],[[24.6614,60.2061],[24.6608,60.206]],[[24.6614,60.2061],[24.6608,60.206]],[[24.6756,60.2073],[24.6663,60.2071]],[[24.6756,60.2073],[24.6663,60.207]],[[24.6895,60.2066],[24.6756,60.2073]],[[24.6895,60.2065],[24.6756,60.2073]],[[24.7009,60.207],[24.6895,60.2065]],[[24.701,60.2071],[24.6895,60.2066]],[[24.7017,60.2071],[24.701,60.2071]],[[24.7016,60.2069],[24.7009,60.207]],[[24.7133,60.2077],[24.7017,60.2071]],[[24.7133,60.2077],[24.7016,60.2069]],[[24.726,60.2115],[24.7133,60.2077]],[[24.726,60.2114],[24.7133,60.2077]],[[24.7334,60.2122],[24.7329,60.2121]],[[24.7335,60.2121],[24.7329,60.2121]],[[24.7271,60.2116],[24.726,60.2115]],[[24.7273,60.2116],[24.726,60.2114]],[[24.7288,60.2117],[24.7272,60.2116]],[[24.7288,60.2117],[24.7273,60.2116]],[[24.7272,60.2116],[24.7271,60.2116]],[[24.7329,60.2121],[24.7292,60.2117]],[[24.7329,60.2121],[24.7292,60.2118]],[[24.7292,60.2117],[24.7288,60.2117]],[[24.7292,60.2118],[24.7288,60.2117]],[[24.7481,60.2142],[24.7387,60.2127]],[[24.748,60.2141],[24.7401,60.2128]],[[24.7401,60.2128],[24.7383,60.2126]],[[24.7387,60.2127],[24.7377,60.2126]],[[24.7383,60.2126],[24.7335,60.2121]],[[24.7377,60.2126],[24.7334,60.2122]],[[24.9412,60.1714],[24.9412,60.1716]],[[24.9415,60.1714],[24.9415,60.1716]],[[24.941,60.1714],[24.9409,60.1716]],[[24.941,60.1714],[24.941,60.1716]],[[24.9418,60.1714],[24.9418,60.1716]],[[24.9416,60.1714],[24.9416,60.1716]],[[24.9412,60.1716],[24.9412,60.1717]],[[24.9413,60.1714],[24.9413,60.1716]],[[24.9415,60.1716],[24.9415,60.1717]],[[24.9416,60.1716],[24.9416,60.1717]],[[24.9418,60.1716],[24.9418,60.1717]],[[24.9419,60.1714],[24.9419,60.1717]],[[24.9413,60.1716],[24.9413,60.1717]],[[24.9413,60.1717],[24.9411,60.174]],[[24.9415,60.1717],[24.9413,60.174]],[[24.9401,60.1784],[24.939,60.1811]],[[24.94,60.1778],[24.938,60.1827]],[[24.9418,60.1717],[24.9415,60.174]],[[24.9416,60.1717],[24.9413,60.174]],[[24.9403,60.1752],[24.9389,60.1793]],[[24.94,60.1771],[24.9394,60.1786]],[[24.94,60.1779],[24.9385,60.1816]],[[24.9402,60.178],[24.9387,60.1816]],[[24.9398,60.176],[24.9388,60.1792]],[[24.9392,60.1781],[24.939,60.1786]],[[24.939,60.1784],[24.9389,60.1789]],[[24.9392,60.178],[24.939,60.1786]],[[24.9409,60.1716],[24.9407,60.174]],[[24.941,60.1716],[24.9408,60.174]],[[24.9412,60.1717],[24.941,60.174]],[[24.9419,60.1717],[24.9416,60.174]],[[24.9401,60.178],[24.9386,60.1816]],[[24.9404,60.1778],[24.94,60.1787]],[[24.939,60.1784],[24.9388,60.179]],[[24.9395,60.1782],[24.9392,60.1787]],[[24.9397,60.1779],[24.9392,60.1787]],[[24.9403,60.1752],[24.9401,60.1767]],[[24.9412,60.176],[24.9407,60.1767]],[[24.9396,60.1756],[24.9394,60.1772]],[[24.9395,60.1751],[24.9392,60.178]],[[24.9392,60.177],[24.9391,60.1776]],[[24.94,60.1751],[24.9399,60.1763]],[[24.9418,60.174],[24.9414,60.1758]],[[24.941,60.176],[24.9397,60.1779]],[[24.9395,60.1772],[24.9393,60.1776]],[[24.94,60.1728],[24.9399,60.1739]],[[24.9401,60.1753],[24.94,60.1759]],[[24.9406,60.1757],[24.9404,60.1767]],[[24.9397,60.1777],[24.9395,60.1782]],[[24.9406,60.1749],[24.9403,60.1763]],[[24.9412,60.176],[24.9407,60.1772]],[[24.9403,60.1775],[24.9401,60.1779]],[[24.9407,60.1767],[24.9404,60.1775]],[[24.9404,60.1775],[24.9402,60.1779]],[[24.9404,60.1775],[24.9401,60.1779]],[[24.9395,60.1772],[24.9392,60.1781]],[[24.9421,60.174],[24.9417,60.1758]],[[24.9419,60.174],[24.9415,60.1758]],[[24.9393,60.1776],[24.9392,60.1781]],[[24.9406,60.1772],[24.9404,60.1775]],[[24.9399,60.1771],[24.9398,60.1776]],[[24.9401,60.1779],[24.9401,60.178]],[[24.9414,60.1752],[24.9412,60.176]],[[24.9405,60.1728],[24.9404,60.1739]],[[24.941,60.1765],[24.9406,60.1772]],[[24.9402,60.1762],[24.9401,60.1768]],[[24.9397,60.1757],[24.9395,60.1772]],[[24.9407,60.1763],[24.9404,60.1771]],[[24.9405,60.1767],[24.9403,60.1771]],[[24.941,60.176],[24.9407,60.1767]],[[24.9399,60.1728],[24.9398,60.1739]],[[24.9409,60.1767],[24.9406,60.1772]],[[24.9393,60.1757],[24.9392,60.177]],[[24.9406,60.1774],[24.9401,60.1783]],[[24.94,60.1759],[24.9399,60.1771]],[[24.9397,60.1728],[24.9396,60.1736]],[[24.9413,60.1753],[24.941,60.176]],[[24.9399,60.1763],[24.9397,60.1777]],[[24.9396,60.1728],[24.9396,60.1736]],[[24.9404,60.1751],[24.9402,60.1762]],[[24.9415,60.1759],[24.9409,60.1767]],[[24.9408,60.1755],[24.9404,60.1767]],[[24.9402,60.1775],[24.9401,60.1776]],[[24.9402,60.1779],[24.9402,60.178]],[[24.9401,60.1783],[24.9401,60.1784]],[[24.9393,60.1776],[24.939,60.1784]],[[24.9417,60.1758],[24.9409,60.1767]],[[24.9415,60.1758],[24.9415,60.1759]],[[24.9414,60.1758],[24.941,60.1765]],[[24.9414,60.1755],[24.9412,60.176]],[[24.9411,60.1755],[24.941,60.176]],[[24.9411,60.1754],[24.9407,60.1763]],[[24.9408,60.176],[24.9405,60.1767]],[[24.9408,60.1753],[24.9408,60.1755]],[[24.9406,60.1749],[24.9406,60.1749]],[[24.9406,60.1751],[24.9406,60.1756]],[[24.9406,60.1728],[24.9405,60.1739]],[[24.9403,60.1751],[24.9403,60.1752]],[[24.9403,60.1728],[24.9402,60.1739]],[[24.9402,60.1728],[24.9401,60.1739]],[[24.9397,60.1751],[24.9397,60.1751]],[[24.9398,60.1752],[24.9397,60.1757]],[[24.9395,60.1751],[24.9395,60.1751]],[[24.9394,60.1751],[24.9393,60.1757]],[[24.9391,60.178],[24.939,60.1784]],[[24.9391,60.1776],[24.9391,60.178]],[[24.9397,60.1757],[24.9398,60.176]],[[24.9394,60.1772],[24.9393,60.1776]],[[24.9397,60.1751],[24.9396,60.1756]],[[24.9402,60.1775],[24.94,60.1778]],[[24.9404,60.1771],[24.9403,60.1775]],[[24.9404,60.1771],[24.9402,60.1775]],[[24.9407,60.1767],[24.9404,60.1771]],[[24.9409,60.1767],[24.9407,60.1772]],[[24.9406,60.1774],[24.9404,60.1778]],[[24.9403,60.1771],[24.9403,60.1775]],[[24.9403,60.1771],[24.9402,60.1775]],[[24.9402,60.1762],[24.9401,60.1767]],[[24.9399,60.1771],[24.9397,60.1777]],[[24.9406,60.1756],[24.9406,60.1757]],[[24.9401,60.1767],[24.9399,60.1771]],[[24.9401,60.1767],[24.94,60.1771]],[[24.9403,60.1763],[24.94,60.1771]],[[24.9404,60.1767],[24.94,60.1778]],[[24.9404,60.1767],[24.9403,60.1771]],[[24.9403,60.1775],[24.9402,60.1779]],[[24.9401,60.1776],[24.94,60.1779]],[[24.9422,60.1733],[24.9421,60.174]],[[24.942,60.1732],[24.9419,60.174]],[[24.9419,60.1732],[24.9418,60.174]],[[24.9416,60.174],[24.9414,60.1755]],[[24.9415,60.174],[24.9414,60.1752]],[[24.9413,60.174],[24.9411,60.1755]],[[24.9413,60.174],[24.9411,60.1754]],[[24.9411,60.174],[24.9408,60.176]],[[24.941,60.174],[24.9408,60.1753]],[[24.9408,60.174],[24.9406,60.1751]],[[24.9407,60.174],[24.9406,60.1749]],[[24.9405,60.1739],[24.9404,60.1751]],[[24.9404,60.1739],[24.9403,60.1751]],[[24.9402,60.1739],[24.9401,60.1753]],[[24.9401,60.1739],[24.94,60.1751]],[[24.9399,60.1739],[24.9398,60.1752]],[[24.9398,60.1739],[24.9397,60.1751]],[[24.9396,60.1736],[24.9394,60.1751]],[[24.9396,60.1736],[24.9395,60.1751]],[[24.9407,60.1772],[24.9406,60.1774]],[[24.9397,60.1726],[24.9396,60.1728]],[[24.9398,60.1726],[24.9397,60.1728]],[[24.94,60.1726],[24.9399,60.1728]],[[24.94,60.1726],[24.94,60.1728]],[[24.9402,60.1726],[24.9402,60.1728]],[[24.9403,60.1726],[24.9403,60.1728]],[[24.9405,60.1726],[24.9405,60.1728]],[[24.9406,60.1726],[24.9406,60.1728]],[[24.9422,60.1731],[24.9422,60.1733]],[[24.9419,60.173],[24.9419,60.1732]],[[24.942,60.173],[24.942,60.1732]],[[24.9302,60.203],[24.9297,60.2033]],[[24.9281,60.2041],[24.9246,60.2061]],[[24.9303,60.2027],[24.9295,60.2031]],[[24.9304,60.2028],[24.9296,60.2032]],[[24.928,60.2041],[24.9254,60.2056]],[[24.9282,60.2042],[24.9224,60.2073]],[[24.9302,60.2025],[24.9294,60.2031]],[[24.9294,60.2031],[24.9262,60.205]],[[24.9297,60.2033],[24.9282,60.2042]],[[24.9295,60.2031],[24.928,60.2041]],[[24.9296,60.2032],[24.9281,60.2041]],[[24.939,60.1811],[24.9386,60.1822]],[[24.9377,60.1823],[24.9381,60.1812]],[[24.938,60.1812],[24.9376,60.1824]],[[24.9386,60.1803],[24.9381,60.1815]],[[24.9386,60.1818],[24.9373,60.1846]],[[24.94,60.1787],[24.9388,60.1818]],[[24.9384,60.182],[24.9371,60.1848]],[[24.9379,60.1823],[24.9378,60.1824]],[[24.9378,60.1823],[24.9377,60.1824]],[[24.9377,60.1823],[24.9376,60.1824]],[[24.9386,60.1816],[24.9385,60.1818]],[[24.9388,60.179],[24.9383,60.1808]],[[24.9388,60.179],[24.9382,60.1808]],[[24.9387,60.1798],[24.9386,60.1802]],[[24.9391,60.179],[24.9386,60.1802]],[[24.9391,60.1791],[24.938,60.1819]],[[24.939,60.1786],[24.9389,60.1789]],[[24.9392,60.1791],[24.9391,60.1791]],[[24.938,60.1819],[24.9379,60.1823]],[[24.9383,60.1808],[24.9381,60.1812]],[[24.9382,60.1808],[24.938,60.1812]],[[24.9389,60.1789],[24.9388,60.179]],[[24.9382,60.1823],[24.9375,60.1838]],[[24.9378,60.1824],[24.9374,60.1834]],[[24.9376,60.1824],[24.9372,60.1834]],[[24.9385,60.1818],[24.9384,60.182]],[[24.9387,60.1816],[24.9386,60.1818]],[[24.9377,60.1824],[24.9373,60.1834]],[[24.9385,60.1816],[24.9382,60.1823]],[[24.9392,60.1787],[24.9391,60.179]],[[24.9389,60.1793],[24.9387,60.1798]],[[24.9388,60.1792],[24.9387,60.1798]],[[24.9394,60.1786],[24.9392,60.1791]],[[24.9386,60.1802],[24.9386,60.1803]],[[24.9375,60.1838],[24.937,60.1848]],[[24.938,60.1827],[24.9379,60.1829]],[[24.9379,60.1829],[24.9376,60.1836]],[[24.9381,60.1815],[24.9378,60.1823]],[[24.9388,60.1818],[24.9386,60.1822]],[[24.9346,60.1906],[24.9339,60.1928]],[[24.9365,60.1851],[24.9362,60.1856]],[[24.9366,60.1851],[24.9363,60.1857]],[[24.9374,60.1834],[24.9366,60.1851]],[[24.9372,60.1834],[24.9364,60.1851]],[[24.9373,60.1834],[24.9365,60.1851]],[[24.9376,60.1824],[24.9363,60.1851]],[[24.9386,60.1822],[24.9371,60.1852]],[[24.9371,60.1848],[24.9369,60.1852]],[[24.937,60.1848],[24.9368,60.1851]],[[24.9373,60.1846],[24.937,60.1852]],[[24.9345,60.1903],[24.9337,60.1928]],[[24.9346,60.1899],[24.9336,60.1928]],[[24.9344,60.1908],[24.9338,60.1928]],[[24.9342,60.19],[24.9333,60.1927]],[[24.9343,60.1901],[24.9334,60.1927]],[[24.9341,60.19],[24.9334,60.1917]],[[24.934,60.19],[24.9333,60.1917]],[[24.9368,60.1857],[24.9351,60.1894]],[[24.9366,60.1857],[24.9354,60.1882]],[[24.9368,60.1857],[24.9352,60.1891]],[[24.9367,60.1857],[24.9354,60.1885]],[[24.9354,60.1885],[24.9345,60.1903]],[[24.9363,60.1851],[24.9361,60.1856]],[[24.9356,60.1871],[24.9342,60.19]],[[24.9354,60.1882],[24.9346,60.1899]],[[24.9356,60.1871],[24.9343,60.1901]],[[24.935,60.188],[24.934,60.19]],[[24.9352,60.1891],[24.9344,60.1908]],[[24.9364,60.1851],[24.9362,60.1856]],[[24.9363,60.1857],[24.9356,60.1871]],[[24.9359,60.1862],[24.9341,60.19]],[[24.9358,60.1862],[24.935,60.188]],[[24.9362,60.1856],[24.9356,60.1871]],[[24.9351,60.1894],[24.9346,60.1906]],[[24.9361,60.1856],[24.9358,60.1862]],[[24.9362,60.1856],[24.9359,60.1862]],[[24.9368,60.1851],[24.9366,60.1857]],[[24.9371,60.1852],[24.9368,60.1857]],[[24.9369,60.1852],[24.9367,60.1857]],[[24.937,60.1852],[24.9368,60.1857]],[[24.934,60.1948],[24.9343,60.1966]],[[24.9336,60.1957],[24.9336,60.1966]],[[24.9332,60.1927],[24.9332,60.1933]],[[24.9339,60.1928],[24.9339,60.1934]],[[24.9338,60.1928],[24.9338,60.1934]],[[24.9337,60.1928],[24.9337,60.1933]],[[24.9334,60.1927],[24.9334,60.1933]],[[24.9331,60.1927],[24.9331,60.1932]],[[24.9341,60.1944],[24.9345,60.1965]],[[24.934,60.1944],[24.9344,60.1966]],[[24.9336,60.1928],[24.9336,60.1933]],[[24.934,60.1948],[24.9341,60.1966]],[[24.9333,60.1927],[24.9333,60.1933]],[[24.9341,60.1978],[24.934,60.1978]],[[24.9337,60.1957],[24.9337,60.1967]],[[24.9333,60.1939],[24.9337,60.1957]],[[24.9331,60.1932],[24.9332,60.1939]],[[24.9332,60.1933],[24.9333,60.1939]],[[24.9333,60.1933],[24.9334,60.1939]],[[24.9335,60.1939],[24.9339,60.1967]],[[24.9336,60.1973],[24.9335,60.1976]],[[24.9335,60.1975],[24.9333,60.1978]],[[24.9335,60.1972],[24.9333,60.1975]],[[24.9342,60.1969],[24.9341,60.1978]],[[24.9339,60.1974],[24.9337,60.1978]],[[24.9343,60.1969],[24.9342,60.1978]],[[24.9339,60.1977],[24.9339,60.1978]],[[24.9334,60.1972],[24.9332,60.1976]],[[24.9332,60.1978],[24.9332,60.1978]],[[24.9342,60.1978],[24.9341,60.198]],[[24.9344,60.1979],[24.9344,60.198]],[[24.9344,60.198],[24.9344,60.1981]],[[24.9339,60.1936],[24.934,60.1944]],[[24.934,60.1937],[24.9341,60.1944]],[[24.9344,60.1975],[24.9344,60.1979]],[[24.9343,60.1975],[24.9343,60.1978]],[[24.9335,60.1976],[24.9334,60.1978]],[[24.9333,60.1976],[24.9332,60.1978]],[[24.9336,60.1933],[24.934,60.1948]],[[24.9337,60.1933],[24.934,60.1948]],[[24.9339,60.1934],[24.934,60.1937]],[[24.9338,60.1934],[24.9339,60.1936]],[[24.9334,60.1933],[24.9335,60.1939]],[[24.9334,60.1939],[24.9338,60.1967]],[[24.9332,60.1939],[24.9336,60.1957]],[[24.9334,60.1917],[24.9332,60.1927]],[[24.9333,60.1917],[24.9331,60.1927]],[[24.934,60.1971],[24.9341,60.1966]],[[24.9336,60.1966],[24.9334,60.1972]],[[24.9337,60.1967],[24.9335,60.1972]],[[24.9338,60.1967],[24.9336,60.1972]],[[24.9339,60.1967],[24.9337,60.1973]],[[24.9341,60.1966],[24.9342,60.1965]],[[24.9341,60.197],[24.9339,60.1977]],[[24.9343,60.1966],[24.9343,60.1967]],[[24.9344,60.1969],[24.9343,60.1975]],[[24.9345,60.1968],[24.9344,60.1975]],[[24.9332,60.1976],[24.9331,60.1978]],[[24.9333,60.1975],[24.9333,60.1976]],[[24.9336,60.1972],[24.9335,60.1975]],[[24.9337,60.1973],[24.9336,60.1973]],[[24.9339,60.1974],[24.934,60.1971]],[[24.9341,60.1966],[24.9341,60.197]],[[24.9343,60.1967],[24.9342,60.1969]],[[24.9343,60.1967],[24.9343,60.1969]],[[24.9344,60.1966],[24.9344,60.1969]],[[24.9345,60.1965],[24.9345,60.1968]],[[24.9341,60.198],[24.9337,60.1991]],[[24.9322,60.2036],[24.933,60.2071]],[[24.9321,60.204],[24.9328,60.207]],[[24.9332,60.1978],[24.9324,60.1992]],[[24.9325,60.2019],[24.9331,60.2072]],[[24.9327,60.2019],[24.9332,60.2072]],[[24.9334,60.1978],[24.9328,60.199]],[[24.9333,60.1978],[24.9327,60.199]],[[24.9331,60.1978],[24.9323,60.1988]],[[24.9337,60.1978],[24.9331,60.1991]],[[24.9339,60.1978],[24.9333,60.1991]],[[24.934,60.1978],[24.9334,60.1991]],[[24.9343,60.1978],[24.9342,60.1982]],[[24.9344,60.1981],[24.9344,60.1982]],[[24.9316,60.2014],[24.9304,60.2028]],[[24.9322,60.2023],[24.9321,60.2034]],[[24.9316,60.2015],[24.9302,60.203]],[[24.9342,60.1982],[24.9338,60.1991]],[[24.9321,60.2019],[24.9321,60.204]],[[24.9323,60.2019],[24.9322,60.2023]],[[24.9324,60.2019],[24.9322,60.2036]],[[24.9344,60.1982],[24.9339,60.1994]],[[24.9313,60.2014],[24.9303,60.2027]],[[24.9322,60.2023],[24.9322,60.2036]],[[24.932,60.203],[24.9321,60.2039]],[[24.9322,60.2011],[24.9319,60.2022]],[[24.9323,60.1988],[24.9309,60.2017]],[[24.9324,60.1992],[24.9313,60.2014]],[[24.9327,60.199],[24.9316,60.2014]],[[24.9328,60.199],[24.9316,60.2015]],[[24.9337,60.1998],[24.9327,60.2019]],[[24.9335,60.1997],[24.9325,60.2019]],[[24.9334,60.1997],[24.9324,60.2019]],[[24.9332,60.1997],[24.9323,60.2019]],[[24.9331,60.1997],[24.9321,60.2019]],[[24.9331,60.1991],[24.9322,60.2011]],[[24.9319,60.2022],[24.932,60.203]],[[24.9309,60.2017],[24.9302,60.2025]],[[24.9339,60.1994],[24.9337,60.1998]],[[24.9338,60.1991],[24.9335,60.1997]],[[24.9337,60.1991],[24.9334,60.1997]],[[24.9334,60.1991],[24.9332,60.1997]],[[24.9333,60.1991],[24.9331,60.1997]],[[24.9893,60.1422],[24.9896,60.1423]],[[24.9885,60.142],[24.9893,60.1422]],[[24.9886,60.142],[24.9896,60.1423]],[[24.9913,60.1469],[24.9918,60.1469]],[[24.9913,60.147],[24.9918,60.1471]],[[24.9913,60.147],[24.9918,60.147]],[[24.7605,60.2171],[24.7536,60.216]],[[24.7605,60.217],[24.7537,60.2159]],[[24.753,60.2159],[24.7493,60.2146]],[[24.7531,60.2158],[24.7493,60.2145]],[[24.7486,60.2144],[24.7481,60.2142]],[[24.7486,60.2143],[24.748,60.2141]],[[24.7493,60.2145],[24.7486,60.2143]],[[24.7493,60.2146],[24.7486,60.2144]],[[24.7536,60.216],[24.753,60.2159]],[[24.7537,60.2159],[24.7531,60.2158]],[[24.7743,60.2172],[24.7626,60.2171]],[[24.7742,60.2172],[24.7626,60.2171]],[[24.7608,60.2171],[24.7605,60.2171]],[[24.7626,60.2171],[24.7608,60.2171]],[[24.7608,60.217],[24.7605,60.217]],[[24.7626,60.2171],[24.7608,60.217]],[[24.7846,60.2182],[24.7799,60.2177]],[[24.7846,60.2181],[24.7799,60.2176]],[[24.7795,60.2176],[24.7769,60.2173]],[[24.7795,60.2176],[24.7769,60.2174]],[[24.7769,60.2173],[24.7743,60.2172]],[[24.7769,60.2174],[24.7742,60.2172]],[[24.7799,60.2176],[24.7795,60.2176]],[[24.7799,60.2177],[24.7795,60.2176]],[[24.7864,60.2184],[24.7846,60.2182]],[[24.7864,60.2183],[24.7846,60.2181]],[[24.7869,60.2184],[24.7864,60.2184]],[[24.7869,60.2184],[24.7864,60.2183]],[[24.7921,60.219],[24.7888,60.2186]],[[24.7921,60.219],[24.7888,60.2186]],[[24.7878,60.2185],[24.7869,60.2184]],[[24.7877,60.2185],[24.7869,60.2184]],[[24.7888,60.2186],[24.7878,60.2185]],[[24.7888,60.2186],[24.7877,60.2185]],[[24.7984,60.2193],[24.7964,60.2192]],[[24.8045,60.2195],[24.7984,60.2193]],[[24.7964,60.2193],[24.7921,60.219]],[[24.7964,60.2192],[24.7921,60.219]],[[24.8002,60.2194],[24.7964,60.2193]],[[24.8029,60.2194],[24.8002,60.2194]],[[24.808,60.2196],[24.8074,60.2196]],[[24.808,60.2196],[24.8074,60.2195]],[[24.8074,60.2195],[24.8058,60.2195]],[[24.808,60.2195],[24.8074,60.2195]],[[24.8074,60.2195],[24.8058,60.2195]],[[24.8108,60.2194],[24.8099,60.2194]],[[24.8099,60.2196],[24.808,60.2196]],[[24.8099,60.2195],[24.808,60.2195]],[[24.8099,60.2194],[24.808,60.2195]],[[24.8099,60.2196],[24.808,60.2196]],[[24.8074,60.2196],[24.8029,60.2194]],[[24.8176,60.2191],[24.8099,60.2195]],[[24.8058,60.2195],[24.8045,60.2195]],[[24.8144,60.2194],[24.8099,60.2196]],[[24.8143,60.2194],[24.8099,60.2196]],[[24.8153,60.2191],[24.8108,60.2194]],[[24.8176,60.219],[24.8153,60.2191]],[[24.8182,60.219],[24.8176,60.219]],[[24.8176,60.2192],[24.8144,60.2194]],[[24.8176,60.2192],[24.8143,60.2194]],[[24.8354,60.2188],[24.8247,60.2186]],[[24.8354,60.2189],[24.8176,60.2192]],[[24.8354,60.2189],[24.8176,60.2192]],[[24.8354,60.2188],[24.8208,60.2189]],[[24.8208,60.2189],[24.8176,60.2191]],[[24.8247,60.2186],[24.8182,60.219]],[[24.8363,60.2191],[24.8354,60.2189]],[[24.8363,60.2189],[24.8354,60.2188]],[[24.8363,60.2191],[24.8354,60.2189]],[[24.8363,60.219],[24.8354,60.2188]],[[24.8393,60.2198],[24.8363,60.219]],[[24.8394,60.2197],[24.8363,60.2189]],[[24.8393,60.2198],[24.8363,60.2191]],[[24.8392,60.2199],[24.8363,60.2191]],[[24.858,60.2237],[24.8459,60.2225]],[[24.858,60.2237],[24.8459,60.2225]],[[24.8579,60.2235],[24.8461,60.2224]],[[24.858,60.2236],[24.846,60.2225]],[[24.846,60.2225],[24.8393,60.2198]],[[24.8461,60.2224],[24.8394,60.2197]],[[24.8459,60.2225],[24.8392,60.2199]],[[24.8459,60.2225],[24.8393,60.2198]],[[24.7614,60.2793],[24.761,60.2793]],[[24.8514,60.2822],[24.8502,60.2836]],[[24.8505,60.2831],[24.8501,60.2836]],[[24.8514,60.2822],[24.8509,60.2827]],[[24.8509,60.2827],[24.8505,60.2831]],[[24.8473,60.2867],[24.8466,60.2879]],[[24.8501,60.2836],[24.8482,60.2856]],[[24.8476,60.2868],[24.8468,60.2879]],[[24.8493,60.2847],[24.8476,60.2868]],[[24.8502,60.2836],[24.8493,60.2847]],[[24.8482,60.2856],[24.8473,60.2867]],[[24.8466,60.2879],[24.8457,60.29]],[[24.845,60.2919],[24.8443,60.2935]],[[24.8468,60.2879],[24.8458,60.29]],[[24.8437,60.2952],[24.8426,60.2988]],[[24.8451,60.2919],[24.8445,60.2935]],[[24.8439,60.2952],[24.8427,60.2988]],[[24.8445,60.2935],[24.8441,60.2947]],[[24.8441,60.2947],[24.8439,60.2952]],[[24.8439,60.2947],[24.8437,60.2952]],[[24.8443,60.2935],[24.8439,60.2947]],[[24.8457,60.29],[24.8453,60.291]],[[24.8453,60.291],[24.845,60.2919]],[[24.8458,60.29],[24.8454,60.291]],[[24.8454,60.291],[24.8451,60.2919]],[[24.8421,60.3017],[24.8421,60.3022]],[[24.8427,60.2988],[24.8422,60.3017]],[[24.8422,60.3017],[24.8421,60.3022]],[[24.8426,60.2988],[24.8421,60.3017]],[[24.8416,60.3088],[24.8423,60.3115]],[[24.8415,60.3088],[24.8423,60.3116]],[[24.8421,60.3022],[24.842,60.3041]],[[24.8421,60.3022],[24.8418,60.3041]],[[24.8417,60.3076],[24.8417,60.3082]],[[24.8415,60.3076],[24.8415,60.3082]],[[24.8419,60.3055],[24.8419,60.306]],[[24.8419,60.306],[24.8417,60.3076]],[[24.8416,60.3055],[24.8416,60.306]],[[24.8416,60.306],[24.8415,60.3076]],[[24.8415,60.3082],[24.8415,60.3088]],[[24.8417,60.3082],[24.8416,60.3088]],[[24.842,60.3041],[24.8419,60.3055]],[[24.8418,60.3041],[24.8416,60.3055]],[[24.8655,60.2225],[24.8579,60.2235]],[[24.8655,60.2226],[24.858,60.2236]],[[24.8655,60.2226],[24.858,60.2237]],[[24.8656,60.2227],[24.858,60.2237]],[[24.8756,60.222],[24.8655,60.2225]],[[24.8785,60.2222],[24.8655,60.2226]],[[24.8784,60.222],[24.8756,60.222]],[[24.8773,60.2223],[24.8656,60.2227]],[[24.8773,60.2222],[24.8655,60.2226]],[[24.8785,60.2223],[24.8773,60.2223]],[[24.8785,60.2222],[24.8773,60.2222]],[[24.8947,60.2177],[24.8899,60.2195]],[[24.9044,60.2151],[24.895,60.2179]],[[24.9043,60.215],[24.9,60.2161]],[[24.9043,60.215],[24.8999,60.216]],[[24.9044,60.2151],[24.895,60.2178]],[[24.8973,60.2169],[24.8947,60.2177]],[[24.9,60.2161],[24.8948,60.2178]],[[24.8999,60.216],[24.8973,60.2169]],[[24.882,60.222],[24.8785,60.2223]],[[24.8819,60.222],[24.8785,60.2222]],[[24.8904,60.2194],[24.8868,60.2205]],[[24.8904,60.2194],[24.8869,60.2207]],[[24.8895,60.2196],[24.8868,60.2205]],[[24.8901,60.2198],[24.8872,60.2208]],[[24.8895,60.2196],[24.8859,60.2206]],[[24.8899,60.2195],[24.8895,60.2196]],[[24.8868,60.2205],[24.886,60.2207]],[[24.8868,60.2205],[24.886,60.2207]],[[24.886,60.2207],[24.884,60.2214]],[[24.886,60.2207],[24.8842,60.2214]],[[24.8842,60.2214],[24.8832,60.2219]],[[24.884,60.2214],[24.8831,60.2219]],[[24.8832,60.2219],[24.8808,60.2261]],[[24.8829,60.2296],[24.8842,60.2312]],[[24.8859,60.2206],[24.8784,60.222]],[[24.8831,60.2219],[24.8808,60.2261]],[[24.8828,60.2296],[24.8842,60.2312]],[[24.895,60.2179],[24.8901,60.2198]],[[24.8872,60.2208],[24.882,60.222]],[[24.887,60.2207],[24.8819,60.222]],[[24.8869,60.2207],[24.8785,60.2222]],[[24.8906,60.2193],[24.8904,60.2194]],[[24.8907,60.2194],[24.887,60.2207]],[[24.8818,60.2283],[24.8829,60.2296]],[[24.8812,60.2273],[24.8818,60.2283]],[[24.8812,60.2273],[24.8817,60.2283]],[[24.8817,60.2283],[24.8828,60.2296]],[[24.8809,60.2267],[24.8812,60.2273]],[[24.881,60.2267],[24.8812,60.2273]],[[24.8808,60.2261],[24.8809,60.2267]],[[24.8808,60.2261],[24.881,60.2267]],[[24.895,60.2178],[24.8907,60.2194]],[[24.8948,60.2178],[24.8906,60.2193]],[[24.8677,60.2432],[24.8659,60.2447]],[[24.8736,60.2407],[24.8683,60.2429]],[[24.8729,60.2409],[24.8682,60.2429]],[[24.8677,60.2432],[24.8658,60.2446]],[[24.8784,60.2392],[24.8755,60.2401]],[[24.8784,60.2391],[24.8754,60.2401]],[[24.8683,60.2429],[24.8677,60.2432]],[[24.8682,60.2429],[24.8677,60.2432]],[[24.8754,60.2401],[24.8729,60.2409]],[[24.8755,60.2401],[24.8736,60.2407]],[[24.8641,60.2464],[24.8631,60.2475]],[[24.8643,60.2462],[24.8641,60.2464]],[[24.8625,60.2481],[24.8621,60.2486]],[[24.8631,60.2475],[24.8625,60.2481]],[[24.8642,60.2462],[24.8641,60.2464]],[[24.8641,60.2464],[24.863,60.2475]],[[24.863,60.2475],[24.8625,60.2481]],[[24.8625,60.2481],[24.862,60.2485]],[[24.8621,60.2486],[24.8603,60.2504]],[[24.8602,60.2504],[24.862,60.2485]],[[24.857,60.254],[24.8552,60.2576]],[[24.857,60.254],[24.8552,60.2576]],[[24.8591,60.2516],[24.8602,60.2504]],[[24.8603,60.2504],[24.8592,60.2516]],[[24.8583,60.2525],[24.857,60.254]],[[24.8583,60.2524],[24.857,60.254]],[[24.8657,60.2448],[24.8643,60.2462]],[[24.8657,60.2447],[24.8642,60.2462]],[[24.8592,60.2516],[24.859,60.2517]],[[24.8591,60.2516],[24.859,60.2517]],[[24.859,60.2517],[24.8583,60.2524]],[[24.859,60.2517],[24.8583,60.2525]],[[24.8659,60.2447],[24.8657,60.2448]],[[24.8658,60.2446],[24.8657,60.2447]],[[24.8851,60.2341],[24.8848,60.235]],[[24.8842,60.2312],[24.8846,60.2317]],[[24.885,60.2327],[24.8851,60.2341]],[[24.8848,60.2321],[24.885,60.2327]],[[24.8842,60.2312],[24.8845,60.2317]],[[24.8847,60.232],[24.885,60.2327]],[[24.885,60.2327],[24.885,60.2341]],[[24.885,60.2341],[24.8847,60.235]],[[24.8846,60.2317],[24.8848,60.2321]],[[24.8845,60.2317],[24.8847,60.232]],[[24.8848,60.235],[24.8799,60.2387]],[[24.8847,60.235],[24.8798,60.2386]],[[24.8799,60.2387],[24.8784,60.2392]],[[24.8798,60.2386],[24.8784,60.2391]],[[24.9197,60.2087],[24.9098,60.2134]],[[24.9192,60.2087],[24.9118,60.2124]],[[24.919,60.2087],[24.9103,60.213]],[[24.9192,60.2088],[24.9097,60.2134]],[[24.9104,60.213],[24.9096,60.2133]],[[24.9103,60.213],[24.9096,60.2133]],[[24.9092,60.2135],[24.9043,60.215]],[[24.9092,60.2135],[24.9043,60.215]],[[24.9094,60.2136],[24.9044,60.2151]],[[24.9093,60.2136],[24.9044,60.2151]],[[24.9098,60.2134],[24.9094,60.2136]],[[24.9097,60.2134],[24.9093,60.2136]],[[24.9096,60.2133],[24.9092,60.2135]],[[24.9096,60.2133],[24.9092,60.2135]],[[24.9118,60.2124],[24.9104,60.213]],[[24.9224,60.2073],[24.9203,60.2084]],[[24.9203,60.2084],[24.9197,60.2087]],[[24.9229,60.2069],[24.9192,60.2088]],[[24.9228,60.2069],[24.9192,60.2087]],[[24.9227,60.2068],[24.919,60.2087]],[[24.9254,60.2055],[24.9244,60.206]],[[24.9254,60.2056],[24.9245,60.2061]],[[24.9262,60.205],[24.9254,60.2055]],[[24.9246,60.2061],[24.9229,60.2069]],[[24.9245,60.2061],[24.9228,60.2069]],[[24.9244,60.206],[24.9227,60.2068]],[[24.933,60.2072],[24.935,60.2109]],[[24.9329,60.2072],[24.9341,60.2093]],[[24.933,60.2071],[24.933,60.2072]],[[24.9328,60.207],[24.9329,60.2072]],[[24.9332,60.2072],[24.9339,60.2084]],[[24.9331,60.2072],[24.9343,60.2092]],[[24.9363,60.213],[24.9435,60.219]],[[24.9362,60.213],[24.9435,60.219]],[[24.9364,60.213],[24.9437,60.2189]],[[24.9365,60.213],[24.9438,60.2188]],[[24.9343,60.2092],[24.9354,60.2113]],[[24.9341,60.2093],[24.9353,60.2115]],[[24.9339,60.2084],[24.9355,60.2113]],[[24.936,60.2122],[24.9365,60.213]],[[24.935,60.2109],[24.9354,60.2115]],[[24.9355,60.2113],[24.936,60.2122]],[[24.9354,60.2113],[24.9359,60.2122]],[[24.9354,60.2115],[24.9363,60.213]],[[24.9359,60.2122],[24.9364,60.213]],[[24.9353,60.2115],[24.9362,60.213]],[[24.9435,60.219],[24.9478,60.2208]],[[24.9526,60.2224],[24.9624,60.2263]],[[24.9502,60.2214],[24.9627,60.2261]],[[24.9501,60.2215],[24.9626,60.2262]],[[24.9478,60.2208],[24.9624,60.2262]],[[24.9435,60.219],[24.9526,60.2224]],[[24.9437,60.2189],[24.9501,60.2215]],[[24.9438,60.2188],[24.9502,60.2214]],[[24.855,60.259],[24.8548,60.2616]],[[24.8548,60.2616],[24.8547,60.2627]],[[24.8547,60.2629],[24.8546,60.2635]],[[24.8547,60.2627],[24.8547,60.2628]],[[24.8549,60.259],[24.8547,60.2616]],[[24.8547,60.2616],[24.8546,60.2625]],[[24.8546,60.2627],[24.8546,60.2628]],[[24.8546,60.2628],[24.8545,60.2635]],[[24.8546,60.2625],[24.8546,60.2627]],[[24.8547,60.2628],[24.8547,60.2629]],[[24.8552,60.2576],[24.8551,60.2582]],[[24.8552,60.2576],[24.855,60.2582]],[[24.855,60.2582],[24.8549,60.259]],[[24.8551,60.2582],[24.855,60.259]],[[24.8546,60.2635],[24.8546,60.2639]],[[24.854,60.2697],[24.8538,60.2703]],[[24.8538,60.2697],[24.8535,60.2703]],[[24.8545,60.2635],[24.8545,60.2639]],[[24.8544,60.2666],[24.8542,60.2683]],[[24.8541,60.2683],[24.8538,60.2697]],[[24.8543,60.2666],[24.8541,60.2683]],[[24.8542,60.2683],[24.854,60.2697]],[[24.8545,60.2639],[24.8543,60.2666]],[[24.8546,60.2639],[24.8544,60.2666]],[[24.9036,60.3094],[24.918,60.3085]],[[24.9036,60.3092],[24.9177,60.3082]],[[24.8538,60.2703],[24.8526,60.2725]],[[24.8519,60.2745],[24.8522,60.2765]],[[24.8535,60.2703],[24.8525,60.2724]],[[24.852,60.2743],[24.852,60.2745]],[[24.852,60.2745],[24.8524,60.2763]],[[24.8519,60.2743],[24.8519,60.2745]],[[24.8523,60.273],[24.852,60.2743]],[[24.8526,60.2725],[24.8525,60.2727]],[[24.8522,60.273],[24.8519,60.2743]],[[24.8525,60.2724],[24.8524,60.2727]],[[24.8522,60.2765],[24.8522,60.2765]],[[24.8524,60.2727],[24.8522,60.273]],[[24.8524,60.2763],[24.8524,60.2765]],[[24.8525,60.2727],[24.8523,60.273]],[[24.8522,60.2765],[24.8523,60.277]],[[24.8524,60.2765],[24.8526,60.277]],[[24.8526,60.277],[24.8531,60.2791]],[[24.8523,60.277],[24.8528,60.279]],[[24.8528,60.279],[24.8528,60.2794]],[[24.8531,60.2791],[24.8531,60.2794]],[[24.8531,60.2794],[24.8531,60.2795]],[[24.8528,60.2805],[24.8514,60.2822]],[[24.8528,60.2794],[24.8528,60.2795]],[[24.8526,60.2805],[24.8514,60.2822]],[[24.8531,60.2795],[24.8528,60.2805]],[[24.8528,60.2795],[24.8526,60.2805]],[[24.8944,60.3099],[24.9036,60.3092]],[[24.8945,60.3099],[24.9036,60.3094]],[[24.9295,60.3044],[24.9368,60.3021]],[[24.9298,60.3045],[24.9369,60.3022]],[[24.9177,60.3082],[24.9295,60.3044]],[[24.918,60.3085],[24.9298,60.3045]],[[24.9368,60.3021],[24.9412,60.3014]],[[24.9369,60.3022],[24.9413,60.3016]],[[24.9413,60.3016],[24.9546,60.3036]],[[24.9412,60.3014],[24.9548,60.3035]],[[24.9546,60.3036],[24.958,60.3054]],[[24.9548,60.3035],[24.9582,60.3053]],[[24.8423,60.3116],[24.8434,60.3127]],[[24.8435,60.3127],[24.8445,60.3133]],[[24.8423,60.3115],[24.8435,60.3127]],[[24.8434,60.3127],[24.8444,60.3134]],[[24.8444,60.3134],[24.8506,60.3162]],[[24.8445,60.3133],[24.8508,60.3162]],[[24.8508,60.3162],[24.8527,60.317]],[[24.8506,60.3162],[24.8526,60.3171]],[[24.8526,60.3171],[24.8687,60.3185]],[[24.8527,60.317],[24.8686,60.3184]],[[24.8687,60.3185],[24.8731,60.3172]],[[24.8686,60.3184],[24.873,60.3171]],[[24.8764,60.3162],[24.8799,60.3152]],[[24.8762,60.3162],[24.8775,60.3159]],[[24.8731,60.3172],[24.8764,60.3162]],[[24.873,60.3171],[24.8762,60.3162]],[[24.8775,60.3159],[24.8796,60.3152]],[[24.8846,60.3137],[24.8862,60.3131]],[[24.8845,60.3137],[24.8862,60.3131]],[[24.8843,60.3138],[24.8846,60.3137]],[[24.8842,60.3138],[24.8845,60.3137]],[[24.8862,60.3131],[24.8913,60.3108]],[[24.8862,60.3131],[24.8913,60.3108]],[[24.8799,60.3152],[24.8843,60.3138]],[[24.8796,60.3152],[24.8842,60.3138]],[[24.893,60.3102],[24.8944,60.3099]],[[24.8918,60.3107],[24.893,60.3103]],[[24.8918,60.3106],[24.893,60.3102]],[[24.893,60.3103],[24.8945,60.3099]],[[24.8913,60.3108],[24.8918,60.3106]],[[24.8913,60.3108],[24.8918,60.3107]],[[25.145,60.4053],[25.1742,60.4041],[25.208,60.3974],[25.223,60.391]],[[24.966,60.2281],[24.9704,60.2303]],[[24.9626,60.2262],[24.9657,60.2278]],[[24.9661,60.228],[24.9704,60.2303]],[[24.9663,60.2279],[24.9705,60.2302]],[[24.9624,60.2262],[24.9656,60.2279]],[[24.9659,60.2281],[24.9703,60.2303]],[[24.9624,60.2263],[24.9656,60.2279]],[[24.9657,60.2278],[24.9661,60.228]],[[24.9656,60.2279],[24.966,60.2281]],[[24.9659,60.2277],[24.9663,60.2279]],[[24.9656,60.2279],[24.9659,60.2281]],[[24.9627,60.2261],[24.9659,60.2277]],[[24.9704,60.2303],[24.9813,60.2359]],[[24.9705,60.2302],[24.9806,60.2355]],[[24.9703,60.2303],[24.9734,60.2319]],[[24.9702,60.2304],[24.9721,60.2313]],[[24.9704,60.2303],[24.975,60.2327]],[[24.9761,60.2333],[24.9805,60.2355]],[[24.9786,60.2346],[24.9804,60.2356]],[[24.9806,60.2355],[24.9816,60.236]],[[24.9804,60.2356],[24.9814,60.2361]],[[24.9805,60.2355],[24.9815,60.236]],[[24.9813,60.2359],[24.9823,60.2364]],[[24.9734,60.2319],[24.9786,60.2346]],[[24.975,60.2327],[24.9761,60.2333]],[[24.9816,60.236],[24.9827,60.2365]],[[24.9814,60.2361],[24.9825,60.2366]],[[24.9815,60.236],[24.9825,60.2366]],[[24.9823,60.2364],[24.9826,60.2365]],[[24.9826,60.2365],[24.9841,60.2373]],[[24.9827,60.2365],[24.9842,60.2373]],[[24.9825,60.2366],[24.9839,60.2374]],[[24.9825,60.2366],[24.984,60.2374]],[[24.986,60.2383],[24.9925,60.2416]],[[24.9841,60.2373],[24.9851,60.2378]],[[24.984,60.2374],[24.985,60.2379]],[[24.9859,60.2384],[24.9923,60.2417]],[[24.9934,60.2422],[24.9968,60.244]],[[24.9861,60.2383],[24.9928,60.2416]],[[24.9842,60.2373],[24.9852,60.2378]],[[24.9839,60.2374],[24.985,60.2379]],[[24.9859,60.2384],[24.9922,60.2417]],[[24.9933,60.2422],[24.9968,60.244]],[[24.9936,60.2422],[24.9969,60.2439]],[[24.9939,60.2422],[24.997,60.2439]],[[24.9851,60.2378],[24.986,60.2383]],[[24.9852,60.2378],[24.9861,60.2383]],[[24.985,60.2379],[24.9859,60.2384]],[[24.985,60.2379],[24.9859,60.2384]],[[24.9925,60.2416],[24.9936,60.2422]],[[24.9923,60.2417],[24.9934,60.2422]],[[24.9928,60.2416],[24.9939,60.2422]],[[24.9922,60.2417],[24.9933,60.2422]],[[24.9969,60.2439],[25.0019,60.2465]],[[24.997,60.2439],[25.002,60.2464]],[[25.0015,60.2464],[25.0018,60.2465]],[[24.9968,60.244],[25.0015,60.2464]],[[24.9968,60.244],[25.0017,60.2466]],[[25.0018,60.2465],[25.0092,60.2503]],[[25.002,60.2464],[25.0099,60.2504]],[[25.0019,60.2465],[25.0093,60.2502]],[[25.0017,60.2466],[25.0095,60.2506]],[[25.0099,60.2504],[25.0157,60.2539]],[[25.0196,60.2565],[25.0234,60.259]],[[25.0197,60.2565],[25.0235,60.259]],[[25.0093,60.2502],[25.0157,60.2539]],[[25.0195,60.2566],[25.0233,60.259]],[[25.0195,60.2566],[25.0233,60.2591]],[[25.0095,60.2506],[25.0155,60.254]],[[25.0092,60.2503],[25.0156,60.254]],[[25.0157,60.2539],[25.0197,60.2565]],[[25.0157,60.2539],[25.0196,60.2565]],[[25.0156,60.254],[25.0195,60.2566]],[[25.0155,60.254],[25.0195,60.2566]],[[24.9621,60.3093],[24.9645,60.3118]],[[24.9582,60.3053],[24.9629,60.3097]],[[24.958,60.3054],[24.9616,60.3087]],[[24.9616,60.3087],[24.9621,60.3093]],[[25.0332,60.2685],[25.0359,60.2745]],[[25.0333,60.2685],[25.0362,60.2745]],[[25.033,60.2685],[25.0357,60.2745]],[[25.0235,60.259],[25.0309,60.2645]],[[25.0234,60.259],[25.0306,60.2645]],[[25.0233,60.2591],[25.0304,60.2646]],[[25.0233,60.259],[25.0305,60.2646]],[[25.0331,60.2685],[25.0358,60.2745]],[[25.0321,60.2665],[25.0324,60.267]],[[25.0323,60.267],[25.0331,60.2685]],[[25.032,60.2666],[25.0323,60.267]],[[25.0323,60.2665],[25.0326,60.2669]],[[25.032,60.2666],[25.0322,60.2671]],[[25.0324,60.267],[25.0332,60.2685]],[[25.0326,60.2669],[25.0333,60.2685]],[[25.0306,60.2645],[25.0321,60.2665]],[[25.0309,60.2645],[25.0323,60.2665]],[[25.0322,60.2671],[25.033,60.2685]],[[25.0305,60.2646],[25.032,60.2666]],[[25.0304,60.2646],[25.032,60.2666]],[[25.0385,60.2802],[25.0406,60.2845]],[[25.0385,60.2802],[25.0405,60.2845]],[[25.0384,60.2802],[25.0404,60.2845]],[[25.0359,60.2745],[25.0371,60.2771]],[[25.0362,60.2745],[25.0373,60.2771]],[[25.0387,60.2802],[25.0407,60.2845]],[[25.0357,60.2745],[25.037,60.2772]],[[25.0358,60.2745],[25.0371,60.2771]],[[25.0371,60.2771],[25.0372,60.2773]],[[25.0371,60.2771],[25.0372,60.2774]],[[25.0373,60.2771],[25.0374,60.2773]],[[25.0374,60.2773],[25.0387,60.2802]],[[25.037,60.2772],[25.037,60.2774]],[[25.0372,60.2773],[25.0385,60.2802]],[[25.0372,60.2774],[25.0385,60.2802]],[[25.037,60.2774],[25.0384,60.2802]],[[25.0407,60.2845],[25.0412,60.2856]],[[25.0406,60.2845],[25.0411,60.2856]],[[25.0428,60.2893],[25.043,60.2896]],[[25.0429,60.2893],[25.0431,60.2896]],[[25.0426,60.2893],[25.0428,60.2897]],[[25.0427,60.2893],[25.0429,60.2897]],[[25.0429,60.2897],[25.0429,60.2897]],[[25.0415,60.2866],[25.0427,60.2893]],[[25.0423,60.2881],[25.0428,60.2893]],[[25.0456,60.2958],[25.0469,60.2986]],[[25.043,60.2896],[25.0431,60.2899]],[[25.0428,60.2897],[25.0429,60.2899]],[[25.0431,60.2896],[25.0432,60.2899]],[[25.0429,60.2897],[25.043,60.2899]],[[25.0429,60.2897],[25.043,60.2899]],[[25.0456,60.2948],[25.0464,60.2969]],[[25.046,60.2951],[25.0466,60.2969]],[[25.0412,60.2856],[25.0429,60.2893]],[[25.0411,60.2856],[25.0423,60.2881]],[[25.046,60.296],[25.0464,60.2973]],[[25.0404,60.2845],[25.0426,60.2893]],[[25.0405,60.2845],[25.0415,60.2866]],[[25.0458,60.2959],[25.0464,60.2973]],[[25.0462,60.2958],[25.0464,60.2965]],[[25.0432,60.2901],[25.0436,60.2905]],[[25.0433,60.2901],[25.0437,60.2906]],[[25.0429,60.2899],[25.043,60.2901]],[[25.0431,60.2899],[25.0432,60.2901]],[[25.0432,60.2899],[25.0433,60.2901]],[[25.0439,60.2913],[25.046,60.296]],[[25.0436,60.2905],[25.0443,60.2916]],[[25.0445,60.2917],[25.046,60.2951]],[[25.0443,60.2916],[25.0444,60.2917]],[[25.0459,60.2951],[25.0462,60.2958]],[[25.0463,60.2944],[25.0462,60.2958]],[[25.0436,60.2905],[25.0441,60.2915]],[[25.0441,60.2915],[25.0454,60.2944]],[[25.0437,60.2906],[25.0445,60.2917]],[[25.043,60.2901],[25.0436,60.2913]],[[25.0431,60.2901],[25.0437,60.2913]],[[25.0444,60.2917],[25.0459,60.2951]],[[25.0445,60.2931],[25.0458,60.2959]],[[25.0444,60.2931],[25.0456,60.2958]],[[25.0431,60.2901],[25.0439,60.2913]],[[25.043,60.2899],[25.0431,60.2901]],[[25.043,60.2899],[25.0431,60.2901]],[[25.0454,60.2944],[25.0456,60.2948]],[[25.0437,60.2913],[25.0444,60.2929]],[[25.0444,60.293],[25.0445,60.2931]],[[25.0444,60.2929],[25.0444,60.293]],[[25.0436,60.2913],[25.0443,60.2929]],[[25.0443,60.2929],[25.0444,60.2931]],[[25.0557,60.2887],[25.0554,60.2889]],[[25.0464,60.2973],[25.047,60.2986]],[[25.0466,60.2975],[25.0471,60.2985]],[[25.0464,60.2969],[25.0467,60.298]],[[25.0464,60.2965],[25.0466,60.2975]],[[25.0466,60.2969],[25.0473,60.2985]],[[25.0473,60.299],[25.0477,60.2997]],[[25.0473,60.2985],[25.0475,60.2989]],[[25.0471,60.2985],[25.0473,60.2989]],[[25.0473,60.2989],[25.0473,60.299]],[[25.047,60.2986],[25.0472,60.299]],[[25.0469,60.2986],[25.0471,60.299]],[[25.0477,60.2997],[25.0482,60.3009]],[[25.0475,60.2989],[25.048,60.2999]],[[25.0472,60.299],[25.0482,60.3012]],[[25.0471,60.299],[25.0487,60.3025]],[[25.0487,60.3025],[25.0489,60.3028]],[[25.0489,60.3024],[25.0491,60.3028]],[[25.0491,60.3024],[25.0493,60.3027]],[[25.0488,60.3025],[25.0489,60.3028]],[[25.0488,60.3023],[25.0489,60.3024]],[[25.048,60.2999],[25.0491,60.3024]],[[25.0482,60.3009],[25.0488,60.3023]],[[25.0482,60.3012],[25.0488,60.3025]],[[25.0491,60.3028],[25.0507,60.3063]],[[25.0493,60.3027],[25.0508,60.3061]],[[25.052,60.3094],[25.0539,60.3135]],[[25.0521,60.3094],[25.054,60.3135]],[[25.0519,60.3095],[25.0538,60.3135]],[[25.0522,60.3094],[25.0529,60.3108]],[[25.0523,60.3094],[25.0531,60.3107]],[[25.0524,60.3094],[25.0539,60.3122]],[[25.0489,60.3028],[25.0489,60.303]],[[25.0489,60.3028],[25.049,60.303]],[[25.0489,60.303],[25.051,60.3074]],[[25.049,60.303],[25.0511,60.3074]],[[25.052,60.3092],[25.0521,60.3094]],[[25.0519,60.3092],[25.052,60.3094]],[[25.0518,60.3092],[25.0519,60.3095]],[[25.0523,60.3092],[25.0524,60.3094]],[[25.051,60.3074],[25.0518,60.3092]],[[25.0511,60.3074],[25.0519,60.3092]],[[25.0512,60.3074],[25.0516,60.3083]],[[25.0513,60.3074],[25.0516,60.308]],[[25.0516,60.308],[25.0522,60.3092]],[[25.0522,60.3092],[25.0523,60.3094]],[[25.0521,60.3092],[25.0522,60.3094]],[[25.0516,60.3083],[25.0521,60.3092]],[[25.0516,60.308],[25.0523,60.3092]],[[25.0516,60.3083],[25.052,60.3092]],[[25.0508,60.3061],[25.0513,60.3074]],[[25.0507,60.3063],[25.0512,60.3074]],[[25.1318,60.2568],[25.1311,60.2657],[25.1157,60.2736],[25.1049,60.2875]],[[25.1526,60.208],[25.1506,60.2077]],[[25.1548,60.2082],[25.1526,60.208]],[[25.1583,60.2088],[25.1548,60.2082]],[[25.1584,60.2088],[25.1583,60.2088]],[[25.1638,60.2111],[25.1631,60.2107]],[[25.1631,60.2107],[25.1627,60.2104]],[[25.1646,60.2116],[25.1638,60.2111]],[[25.1627,60.2104],[25.1584,60.2088]],[[25.168,60.2134],[25.1646,60.2116]],[[25.1751,60.2251],[25.1634,60.2312]],[[25.1402,60.2485],[25.1322,60.2536]],[[25.1322,60.2536],[25.1318,60.2568]],[[25.1554,60.2401],[25.1426,60.2469]],[[25.1627,60.2324],[25.1622,60.2336]],[[25.1622,60.2336],[25.1621,60.2338]],[[25.1629,60.232],[25.1629,60.2321]],[[25.1621,60.2338],[25.162,60.2339]],[[25.1629,60.2321],[25.1628,60.2322]],[[25.1634,60.2312],[25.1629,60.232]],[[25.1628,60.2322],[25.1627,60.2324]],[[25.162,60.2339],[25.157,60.2392]],[[25.157,60.2392],[25.1554,60.2401]],[[25.1426,60.2469],[25.1402,60.2485]],[[25.1049,60.2875],[25.0999,60.2962],[25.1131,60.3205]],[[24.9645,60.3118],[24.9651,60.3124]],[[24.9629,60.3097],[24.9643,60.3111]],[[24.9651,60.3124],[24.9674,60.3147]],[[24.9643,60.3111],[24.9677,60.3147]],[[24.9677,60.3147],[24.9719,60.319]],[[24.9674,60.3147],[24.9716,60.3191]],[[24.9719,60.319],[24.9802,60.324],[24.9937,60.325]],[[24.9716,60.3191],[24.9813,60.3245],[24.9938,60.3252]],[[24.9938,60.3252],[24.9999,60.3242]],[[24.9937,60.325],[24.9997,60.324]],[[24.9997,60.324],[25.0131,60.3227]],[[24.9999,60.3242],[25.0131,60.3228]],[[25.0163,60.3228],[25.0198,60.3231]],[[25.0163,60.3228],[25.0198,60.3231]],[[25.0198,60.3231],[25.0211,60.3232]],[[25.0198,60.3231],[25.0211,60.3232]],[[25.0131,60.3228],[25.0163,60.3228]],[[25.0131,60.3227],[25.0163,60.3228]],[[25.0211,60.3232],[25.0217,60.3233]],[[25.0211,60.3232],[25.0217,60.3233]],[[25.0268,60.3238],[25.0275,60.3238]],[[25.0269,60.3238],[25.0275,60.3238]],[[25.0217,60.3233],[25.0268,60.3238]],[[25.0217,60.3233],[25.0269,60.3238]],[[25.0217,60.3233],[25.0217,60.3233]],[[25.0217,60.3233],[25.0217,60.3233]],[[25.0289,60.3239],[25.0299,60.3239]],[[25.0289,60.3239],[25.0299,60.3239]],[[25.0299,60.3239],[25.0371,60.3232]],[[25.0299,60.3239],[25.037,60.323]],[[25.0275,60.3238],[25.0289,60.3239]],[[25.0275,60.3238],[25.0289,60.3239]],[[25.0399,60.3225],[25.0421,60.322]],[[25.04,60.3226],[25.0422,60.3221]],[[25.0462,60.3212],[25.0484,60.3207]],[[25.0458,60.3212],[25.0487,60.3206]],[[25.0371,60.3232],[25.04,60.3226]],[[25.037,60.323],[25.0399,60.3225]],[[25.0421,60.322],[25.0458,60.3212]],[[25.0422,60.3221],[25.0462,60.3212]],[[25.0529,60.3108],[25.0536,60.3122]],[[25.0531,60.3107],[25.0537,60.3122]],[[25.0552,60.3148],[25.0554,60.3151]],[[25.0551,60.3148],[25.0553,60.3151]],[[25.054,60.3135],[25.0596,60.323]],[[25.0539,60.3135],[25.0595,60.323]],[[25.0539,60.3122],[25.0568,60.3191]],[[25.0538,60.3135],[25.0594,60.323]],[[25.0537,60.3122],[25.0552,60.3148]],[[25.0536,60.3191],[25.0554,60.3151]],[[25.0535,60.3191],[25.0553,60.3151]],[[25.0536,60.3122],[25.0551,60.3148]],[[25.0568,60.3191],[25.0598,60.3229]],[[25.052,60.3198],[25.0535,60.3191]],[[25.0495,60.3205],[25.052,60.3198]],[[25.0521,60.3198],[25.0536,60.3191]],[[25.0495,60.3205],[25.0521,60.3198]],[[25.0487,60.3206],[25.0495,60.3205]],[[25.0484,60.3207],[25.0495,60.3205]],[[25.0598,60.3229],[25.0602,60.3233]],[[25.0596,60.323],[25.0599,60.3233]],[[25.0595,60.323],[25.0598,60.3233]],[[25.0594,60.323],[25.0598,60.3234]],[[25.0602,60.3233],[25.0622,60.3256]],[[25.0599,60.3233],[25.0616,60.3251]],[[25.0598,60.3233],[25.0615,60.3251]],[[25.0598,60.3234],[25.0614,60.3251]],[[25.1131,60.3205],[25.1159,60.33],[25.1101,60.3523],[25.0952,60.3707]],[[25.0622,60.3256],[25.0626,60.3259]],[[25.062,60.3256],[25.0623,60.326]],[[25.0621,60.3256],[25.0624,60.326]],[[25.0619,60.3256],[25.0623,60.326]],[[25.0616,60.3251],[25.0621,60.3256]],[[25.0615,60.3251],[25.062,60.3256]],[[25.0614,60.3251],[25.0619,60.3256]],[[25.0623,60.326],[25.0697,60.3347]],[[25.0626,60.3259],[25.07,60.3347]],[[25.0624,60.326],[25.0698,60.3347]],[[25.0623,60.326],[25.0697,60.3347]],[[25.0698,60.3347],[25.0707,60.3361]],[[25.07,60.3347],[25.0708,60.3361]],[[25.0697,60.3347],[25.0709,60.3369]],[[25.0697,60.3347],[25.071,60.3369]],[[25.0707,60.3361],[25.0738,60.3422]],[[25.0709,60.3369],[25.0736,60.3422]],[[25.071,60.3369],[25.0737,60.3422]],[[25.0738,60.3422],[25.076,60.3465]],[[25.074,60.3424],[25.0761,60.3465]],[[25.0708,60.3361],[25.074,60.3424]],[[25.0736,60.3422],[25.0759,60.3465]],[[25.0737,60.3422],[25.0759,60.3465]],[[25.0765,60.3476],[25.0826,60.3591]],[[25.0767,60.3475],[25.0828,60.359]],[[25.0764,60.3476],[25.0825,60.3591]],[[25.0766,60.3476],[25.0827,60.359]],[[25.0759,60.3465],[25.0762,60.3471]],[[25.0761,60.3465],[25.0764,60.3471]],[[25.0759,60.3465],[25.0761,60.3471]],[[25.076,60.3465],[25.0763,60.3471]],[[25.0763,60.3471],[25.0766,60.3476]],[[25.0764,60.3471],[25.0767,60.3475]],[[25.0762,60.3471],[25.0765,60.3476]],[[25.0761,60.3471],[25.0764,60.3476]],[[25.0831,60.3597],[25.0935,60.3711]],[[25.0833,60.3596],[25.0937,60.3711]],[[25.0832,60.3597],[25.0936,60.3711]],[[25.083,60.3597],[25.0934,60.3711]],[[25.0826,60.3591],[25.083,60.3596]],[[25.0828,60.359],[25.0832,60.3595]],[[25.0827,60.359],[25.0831,60.3595]],[[25.0825,60.3591],[25.0829,60.3596]],[[25.0832,60.3595],[25.0833,60.3596]],[[25.0831,60.3595],[25.0832,60.3597]],[[25.0829,60.3596],[25.083,60.3597]],[[25.083,60.3596],[25.0831,60.3597]],[[25.0958,60.375],[25.0959,60.3754]],[[25.0959,60.375],[25.096,60.3754]],[[25.0957,60.3751],[25.0958,60.3755]],[[25.0937,60.3711],[25.0958,60.375]],[[25.0936,60.3711],[25.0957,60.3751]],[[25.0934,60.3711],[25.0955,60.3751]],[[25.0935,60.3711],[25.0956,60.3751]],[[25.0951,60.3711],[25.0959,60.375]],[[25.0952,60.3707],[25.0951,60.3711]],[[25.0956,60.3751],[25.0957,60.3755]],[[25.0955,60.3751],[25.0957,60.3755]],[[25.0959,60.3754],[25.0982,60.3817]],[[25.098,60.3818],[25.1025,60.3943]],[[25.096,60.3754],[25.0983,60.3817]],[[25.0958,60.3755],[25.0981,60.3818]],[[25.0957,60.3755],[25.0979,60.3818]],[[25.0999,60.3864],[25.1027,60.3943]],[[25.0981,60.3818],[25.1026,60.3943]],[[25.0979,60.3818],[25.1024,60.3943]],[[25.0957,60.3755],[25.098,60.3818]],[[25.0999,60.3862],[25.1028,60.3943]],[[25.0982,60.3817],[25.0999,60.3864]],[[25.0983,60.3817],[25.0997,60.3857]],[[25.0997,60.3857],[25.0999,60.3862]],[[25.1027,60.3943],[25.1028,60.3947]],[[25.1026,60.3943],[25.1027,60.3947]],[[25.1028,60.3943],[25.1029,60.3947]],[[25.1025,60.3943],[25.1026,60.3947]],[[25.1024,60.3943],[25.1025,60.3947]],[[25.1028,60.3947],[25.1029,60.3952]],[[25.1026,60.3947],[25.1028,60.3952]],[[25.1048,60.4009],[25.1051,60.4015]],[[25.1029,60.3947],[25.1031,60.3952]],[[25.1025,60.3947],[25.1027,60.3952]],[[25.1027,60.3947],[25.1029,60.3952]],[[25.1048,60.4009],[25.105,60.4015]],[[25.1051,60.4009],[25.1056,60.4018]],[[25.105,60.4009],[25.1056,60.4025]],[[25.1052,60.4012],[25.1059,60.4026]],[[25.1028,60.3952],[25.1038,60.398]],[[25.1029,60.3952],[25.1036,60.3971]],[[25.1029,60.3952],[25.104,60.3984]],[[25.1047,60.4006],[25.1048,60.4009]],[[25.1027,60.3952],[25.1046,60.4006]],[[25.1046,60.4006],[25.1048,60.4009]],[[25.1048,60.4003],[25.1049,60.4006]],[[25.105,60.4006],[25.1051,60.4009]],[[25.1048,60.4003],[25.1049,60.4006]],[[25.1049,60.4006],[25.1051,60.4009]],[[25.1049,60.4006],[25.105,60.4009]],[[25.1038,60.3974],[25.105,60.4006]],[[25.1042,60.399],[25.1048,60.4003]],[[25.1036,60.3971],[25.1038,60.3974]],[[25.1031,60.3952],[25.1033,60.3958]],[[25.104,60.3984],[25.1042,60.399]],[[25.1038,60.398],[25.1047,60.4006]],[[25.1051,60.4009],[25.1052,60.4012]],[[25.1033,60.3958],[25.105,60.4006]],[[25.1056,60.4018],[25.106,60.4026]],[[25.1051,60.4015],[25.1058,60.4034]],[[25.1056,60.4025],[25.1059,60.4034]],[[25.105,60.4015],[25.1057,60.4034]],[[25.105,60.4015],[25.1056,60.4034]],[[25.106,60.4026],[25.1066,60.4043]],[[25.1073,60.4062],[25.1074,60.4066]],[[25.1074,60.4066],[25.1077,60.4074]],[[25.1077,60.4074],[25.1079,60.4078]],[[25.1077,60.4074],[25.1078,60.4078]],[[25.1079,60.4078],[25.11,60.4087]],[[25.1056,60.4034],[25.1073,60.4082]],[[25.1094,60.4134],[25.1113,60.4209]],[[25.1072,60.4062],[25.1077,60.4083]],[[25.1058,60.4034],[25.1075,60.4082]],[[25.1078,60.4078],[25.1087,60.4105]],[[25.1092,60.4134],[25.111,60.4209]],[[25.1066,60.4043],[25.1073,60.4062]],[[25.11,60.4087],[25.1161,60.4081]],[[25.1059,60.4026],[25.1072,60.4062]],[[25.1059,60.4034],[25.1076,60.4082]],[[25.1093,60.4134],[25.1112,60.4209]],[[25.1057,60.4034],[25.1074,60.4082]],[[25.1093,60.4134],[25.1111,60.4209]],[[25.1095,60.4129],[25.1117,60.4212]],[[25.1077,60.4083],[25.1078,60.4088]],[[25.1088,60.4109],[25.1093,60.4129]],[[25.1075,60.4082],[25.1084,60.4107]],[[25.1085,60.4116],[25.1092,60.4134]],[[25.1084,60.4107],[25.1093,60.4134]],[[25.1073,60.4082],[25.1085,60.4116]],[[25.1074,60.4082],[25.1089,60.4124]],[[25.1093,60.4129],[25.1094,60.4134]],[[25.1078,60.4088],[25.1082,60.4099]],[[25.1076,60.4082],[25.1078,60.4088]],[[25.1089,60.4124],[25.1093,60.4134]],[[25.1087,60.4105],[25.1091,60.4116]],[[25.1091,60.4116],[25.1095,60.4129]],[[25.1082,60.4099],[25.1093,60.4129]],[[25.1184,60.4062],[25.1198,60.4052]],[[25.1173,60.4072],[25.1182,60.4064]],[[25.1169,60.4076],[25.1173,60.4072]],[[25.1182,60.4064],[25.1184,60.4062]],[[25.124,60.4036],[25.1244,60.4034]],[[25.1222,60.4041],[25.124,60.4036]],[[25.1244,60.4034],[25.1279,60.4028]],[[25.1147,60.4161],[25.1147,60.41]],[[25.1161,60.4081],[25.1169,60.4076]],[[25.1198,60.4052],[25.1222,60.4041]],[[25.1163,60.4082],[25.1169,60.4076]],[[25.1147,60.41],[25.1163,60.4082]],[[25.1279,60.4028],[25.145,60.4053]],[[24.757,60.5266],[24.7159,60.5127],[24.6918,60.4997],[24.6569,60.4895],[24.6362,60.4899]],[[24.6362,60.4899],[24.6327,60.4901]],[[24.7568,60.8208],[24.7127,60.8528],[24.7077,60.8599]],[[24.7516,60.8268],[24.7134,60.8524],[24.7078,60.8599]],[[24.7608,60.5425],[24.7616,60.531],[24.757,60.5266]],[[24.804,60.5794],[24.7997,60.5686],[24.7698,60.5548]],[[24.7694,60.5544],[24.7608,60.5425]],[[24.7698,60.5548],[24.7694,60.5544]],[[24.8072,60.5959],[24.8043,60.5807]],[[24.8043,60.5807],[24.804,60.5794]],[[24.8143,60.6054],[24.8072,60.5962]],[[24.8072,60.5962],[24.8072,60.5959]],[[24.8237,60.6122],[24.8144,60.6055]],[[24.8144,60.6055],[24.8143,60.6054]],[[24.8238,60.6123],[24.8237,60.6122]],[[24.8345,60.6228],[24.8238,60.6123]],[[24.8395,60.6238],[24.8345,60.6228]],[[24.842,60.6241],[24.8403,60.6239]],[[24.8403,60.6239],[24.8395,60.6238]],[[24.9616,60.5573],[24.9557,60.5602]],[[24.9595,60.5582],[24.9556,60.5601]],[[24.9477,60.5639],[24.9325,60.5779]],[[24.9478,60.564],[24.9326,60.5779]],[[24.9557,60.5602],[24.9478,60.564]],[[24.9556,60.5601],[24.9477,60.5639]],[[24.8705,60.6235],[24.8658,60.6263]],[[24.8705,60.6235],[24.8684,60.6248]],[[24.8826,60.616],[24.8769,60.6195]],[[24.8826,60.6161],[24.877,60.6195]],[[24.8727,60.6221],[24.8705,60.6235]],[[24.8727,60.6221],[24.8705,60.6235]],[[24.877,60.6195],[24.8765,60.6198]],[[24.8769,60.6195],[24.8764,60.6198]],[[24.8765,60.6198],[24.8727,60.6221]],[[24.8764,60.6198],[24.8727,60.6221]],[[24.8991,60.6058],[24.887,60.6133]],[[24.8992,60.6059],[24.8871,60.6133]],[[24.9043,60.6026],[24.8991,60.6058]],[[24.9044,60.6027],[24.8992,60.6059]],[[24.8871,60.6133],[24.8826,60.6161]],[[24.887,60.6133],[24.8826,60.616]],[[24.9302,60.5822],[24.9245,60.5896]],[[24.9302,60.5822],[24.9245,60.5897]],[[24.9178,60.5943],[24.9115,60.5982]],[[24.9179,60.5944],[24.9116,60.5982]],[[24.9245,60.5896],[24.9194,60.5933]],[[24.9245,60.5897],[24.9195,60.5934]],[[24.9182,60.5941],[24.9178,60.5943]],[[24.9183,60.5941],[24.9179,60.5944]],[[24.9195,60.5934],[24.9183,60.5941]],[[24.9194,60.5933],[24.9182,60.5941]],[[24.9325,60.5779],[24.9302,60.5822]],[[24.9326,60.5779],[24.9302,60.5822]],[[24.9081,60.6003],[24.9043,60.6026]],[[24.9082,60.6003],[24.9044,60.6027]],[[24.9115,60.5982],[24.9081,60.6003]],[[24.9116,60.5982],[24.9082,60.6003]],[[25.0597,60.4911],[25.0551,60.4952]],[[25.0654,60.4876],[25.061,60.4902]],[[25.0603,60.4905],[25.0567,60.4935]],[[25.0603,60.4905],[25.0567,60.4934]],[[25.0656,60.4873],[25.0603,60.4905]],[[25.0657,60.4873],[25.0603,60.4905]],[[25.0655,60.4873],[25.0602,60.4905]],[[25.0602,60.4905],[25.0559,60.494]],[[25.061,60.4902],[25.0597,60.4911]],[[25.0339,60.5181],[25.0198,60.5289]],[[25.034,60.5181],[25.0184,60.5297]],[[25.0439,60.5073],[25.0339,60.5181]],[[25.044,60.5073],[25.034,60.5181]],[[25.0486,60.5023],[25.044,60.5073]],[[25.0485,60.5023],[25.0439,60.5073]],[[25.0541,60.4962],[25.0519,60.4987]],[[25.0543,60.4959],[25.0518,60.4986]],[[25.0551,60.4952],[25.0545,60.4958]],[[25.0567,60.4935],[25.0546,60.4957]],[[25.0518,60.4986],[25.0485,60.5023]],[[25.0545,60.4958],[25.0541,60.4962]],[[25.0567,60.4934],[25.0543,60.4959]],[[25.0519,60.4987],[25.0486,60.5023]],[[25.0546,60.4957],[25.0541,60.4962]],[[25.0559,60.494],[25.0543,60.4959]],[[25.1097,60.4267],[25.1044,60.4463]],[[25.1128,60.4204],[25.1132,60.42]],[[25.1107,60.4238],[25.1091,60.4299]],[[25.1112,60.4209],[25.1101,60.4254]],[[25.1099,60.4253],[25.109,60.4278]],[[25.1108,60.4237],[25.1128,60.4204]],[[25.111,60.4209],[25.1103,60.424]],[[25.1113,60.4209],[25.1108,60.4237]],[[25.1111,60.4209],[25.1097,60.4267]],[[25.1101,60.4255],[25.1094,60.4282]],[[25.1132,60.42],[25.1135,60.4198]],[[25.1103,60.424],[25.1063,60.4389]],[[25.1101,60.4254],[25.1101,60.4255]],[[25.1117,60.4212],[25.1116,60.4216]],[[25.1116,60.4216],[25.1112,60.4225]],[[25.1108,60.4237],[25.1107,60.4238]],[[25.1103,60.424],[25.1099,60.4253]],[[25.109,60.4278],[25.1075,60.4326]],[[25.1094,60.4282],[25.1089,60.4304]],[[25.1087,60.4315],[25.1086,60.4335]],[[25.1091,60.4299],[25.1089,60.4304]],[[25.1089,60.4305],[25.1087,60.4315]],[[25.1089,60.4304],[25.1089,60.4305]],[[25.1089,60.4305],[25.1087,60.4315]],[[25.1075,60.4326],[25.1096,60.4375]],[[25.1094,60.4282],[25.1073,60.4359]],[[25.1086,60.4335],[25.1093,60.436]],[[25.1073,60.4359],[25.1045,60.4463]],[[25.1122,60.4397],[25.1162,60.4425]],[[25.1123,60.44],[25.1141,60.4412]],[[25.1087,60.4315],[25.1046,60.4463]],[[25.1063,60.4389],[25.1043,60.4463]],[[25.1093,60.436],[25.1095,60.4364]],[[25.1095,60.4364],[25.1122,60.4397]],[[25.1096,60.4375],[25.1123,60.44]],[[25.1045,60.4463],[25.1044,60.4466]],[[25.1044,60.4463],[25.1043,60.4466]],[[25.1046,60.4463],[25.1045,60.4466]],[[25.1043,60.4463],[25.1042,60.4466]],[[25.1043,60.4466],[25.1018,60.4557]],[[25.1044,60.4466],[25.1019,60.4557]],[[25.1045,60.4466],[25.102,60.4557]],[[25.1042,60.4466],[25.1017,60.4557]],[[25.1009,60.4593],[25.1,60.4628]],[[25.0996,60.465],[25.0985,60.4674]],[[25.0991,60.4656],[25.0983,60.4672]],[[25.1017,60.4561],[25.1002,60.4618]],[[25.0994,60.465],[25.0983,60.4673]],[[25.0991,60.4649],[25.0981,60.4673]],[[25.1014,60.458],[25.0997,60.4643]],[[25.1011,60.4581],[25.0995,60.4637]],[[25.0994,60.4645],[25.0993,60.465]],[[25.0993,60.465],[25.0991,60.4656]],[[25.0995,60.4645],[25.0994,60.465]],[[25.0997,60.4645],[25.0996,60.465]],[[25.1,60.4628],[25.0995,60.4645]],[[25.0993,60.4645],[25.0991,60.4649]],[[25.0994,60.464],[25.0993,60.4645]],[[25.1002,60.4618],[25.0994,60.4645]],[[25.0997,60.4643],[25.0997,60.4645]],[[25.0995,60.4637],[25.0994,60.464]],[[25.1018,60.4557],[25.1017,60.4561]],[[25.1019,60.4557],[25.1018,60.4561]],[[25.1018,60.4561],[25.1009,60.4593]],[[25.102,60.4557],[25.1019,60.4561]],[[25.1016,60.4561],[25.1011,60.4581]],[[25.1017,60.4557],[25.1016,60.4561]],[[25.1019,60.4561],[25.1014,60.458]],[[25.1138,60.4194],[25.1147,60.4161]],[[25.1135,60.4198],[25.1138,60.4194]],[[25.1141,60.4412],[25.1175,60.4434]],[[25.1205,60.4455],[25.1242,60.454]],[[25.1205,60.4455],[25.1243,60.454]],[[25.1175,60.4434],[25.1205,60.4455]],[[25.1162,60.4425],[25.1205,60.4455]],[[25.1242,60.454],[25.1244,60.4551]],[[25.1243,60.454],[25.1244,60.4551]],[[25.1244,60.4551],[25.1265,60.4603]],[[25.1244,60.4551],[25.1265,60.4603]],[[25.1265,60.4603],[25.1323,60.4669]],[[25.1265,60.4603],[25.1324,60.4669]],[[25.0818,60.4786],[25.0719,60.4839]],[[25.0818,60.4786],[25.0719,60.4839]],[[25.0817,60.4785],[25.0718,60.4839]],[[25.0876,60.4757],[25.072,60.484]],[[25.0873,60.4756],[25.0818,60.4786]],[[25.0874,60.4756],[25.0818,60.4786]],[[25.0873,60.4755],[25.0817,60.4785]],[[25.072,60.484],[25.0706,60.4848]],[[25.0706,60.4848],[25.0699,60.4852]],[[25.0719,60.4839],[25.0661,60.487]],[[25.0719,60.4839],[25.0662,60.487]],[[25.0699,60.4852],[25.0664,60.4871]],[[25.0718,60.4839],[25.0661,60.487]],[[25.0661,60.487],[25.0656,60.4873]],[[25.0664,60.4871],[25.0659,60.4874]],[[25.0662,60.487],[25.0657,60.4873]],[[25.0661,60.487],[25.0655,60.4873]],[[25.0659,60.4874],[25.0654,60.4876]],[[25.0983,60.4673],[25.0969,60.4692]],[[25.0983,60.4672],[25.0968,60.4692]],[[25.0968,60.4692],[25.0966,60.4694]],[[25.0969,60.4692],[25.0967,60.4694]],[[25.097,60.4692],[25.0968,60.4694]],[[25.0985,60.4674],[25.097,60.4692]],[[25.0967,60.4692],[25.0966,60.4693]],[[25.0981,60.4673],[25.0967,60.4692]],[[25.0966,60.4694],[25.0891,60.4746]],[[25.0967,60.4694],[25.0891,60.4747]],[[25.0968,60.4694],[25.088,60.4754]],[[25.0966,60.4693],[25.089,60.4746]],[[25.088,60.4754],[25.0876,60.4757]],[[25.0891,60.4746],[25.0873,60.4756]],[[25.0891,60.4747],[25.0874,60.4756]],[[25.089,60.4746],[25.0873,60.4755]],[[25.1411,60.5157],[25.1659,60.531]],[[25.1412,60.5157],[25.166,60.5309]],[[25.1323,60.4669],[25.1326,60.4672]],[[25.1324,60.4669],[25.1326,60.4672]],[[25.135,60.4694],[25.1354,60.4698]],[[25.1351,60.4694],[25.1355,60.4699]],[[25.1387,60.4762],[25.1354,60.4864]],[[25.1387,60.4762],[25.1353,60.4864]],[[25.1354,60.4698],[25.1387,60.4762]],[[25.1355,60.4699],[25.1387,60.4762]],[[25.1326,60.4672],[25.135,60.4694]],[[25.1326,60.4672],[25.1351,60.4694]],[[25.1345,60.4902],[25.1341,60.4935]],[[25.1353,60.4864],[25.1345,60.4902]],[[25.1354,60.4864],[25.1346,60.4903]],[[25.1346,60.4903],[25.1342,60.4935]],[[25.1341,60.4935],[25.134,60.4951]],[[25.1337,60.4975],[25.1335,60.499]],[[25.134,60.4951],[25.1337,60.4975]],[[25.134,60.4951],[25.1338,60.4975]],[[25.1342,60.4935],[25.134,60.4951]],[[25.1338,60.4975],[25.1336,60.499]],[[25.1335,60.4997],[25.1357,60.5098]],[[25.1335,60.4997],[25.1358,60.5098]],[[25.1335,60.499],[25.1335,60.4997]],[[25.1336,60.499],[25.1335,60.4997]],[[25.1357,60.5098],[25.1376,60.5123]],[[25.1358,60.5098],[25.1377,60.5123]],[[25.1377,60.5123],[25.1385,60.5132]],[[25.1376,60.5123],[25.1384,60.5132]],[[25.1388,60.5135],[25.1396,60.5143]],[[25.1396,60.5143],[25.1411,60.5157]],[[25.1387,60.5135],[25.1396,60.5143]],[[25.1384,60.5132],[25.1387,60.5135]],[[25.1385,60.5132],[25.1388,60.5135]],[[25.1396,60.5143],[25.1412,60.5157]],[[25.0184,60.5297],[25.0053,60.5361]],[[25.0198,60.5289],[25.0052,60.536]],[[24.9859,60.5454],[24.9846,60.5461]],[[24.9897,60.5436],[24.9875,60.5446]],[[24.9897,60.5436],[24.9875,60.5447]],[[24.9875,60.5447],[24.9859,60.5455]],[[25.0052,60.536],[24.9901,60.5434]],[[25.0053,60.5361],[24.9901,60.5434]],[[24.9875,60.5446],[24.9859,60.5454]],[[24.9901,60.5434],[24.9897,60.5436]],[[24.9901,60.5434],[24.9897,60.5436]],[[24.9776,60.5494],[24.9675,60.5543]],[[24.9776,60.5495],[24.9676,60.5544]],[[24.9664,60.5549],[24.9595,60.5582]],[[24.9665,60.5549],[24.9616,60.5573]],[[24.9676,60.5544],[24.967,60.5546]],[[24.9675,60.5543],[24.967,60.5546]],[[24.967,60.5546],[24.9664,60.5549]],[[24.967,60.5546],[24.9665,60.5549]],[[24.9829,60.5469],[24.9776,60.5495]],[[24.9846,60.5461],[24.9776,60.5494]],[[24.9859,60.5455],[24.9829,60.5469]],[[24.842,60.6241],[24.8523,60.6278]],[[24.8524,60.6346],[24.8461,60.6395]],[[24.8561,60.6324],[24.8461,60.6394]],[[24.8523,60.6346],[24.846,60.6394]],[[24.8407,60.649],[24.8403,60.6515]],[[24.846,60.6394],[24.8407,60.6485]],[[24.8408,60.649],[24.8404,60.6519]],[[24.8406,60.6491],[24.8403,60.6515]],[[24.8431,60.6431],[24.8408,60.6487]],[[24.8461,60.6394],[24.8431,60.6431]],[[24.8432,60.6431],[24.8408,60.6486]],[[24.8461,60.6395],[24.8432,60.6431]],[[24.8408,60.6486],[24.8408,60.649]],[[24.8406,60.6487],[24.8406,60.6491]],[[24.8408,60.6487],[24.8407,60.649]],[[24.8407,60.6485],[24.8406,60.6487]],[[24.8393,60.6596],[24.8374,60.6733]],[[24.8392,60.6596],[24.8373,60.6733]],[[24.8403,60.652],[24.8399,60.6546]],[[24.8401,60.6534],[24.8401,60.6535]],[[24.8403,60.652],[24.8401,60.6534]],[[24.8403,60.6519],[24.8403,60.652]],[[24.8403,60.6515],[24.8403,60.6519]],[[24.8404,60.6519],[24.8403,60.652]],[[24.8399,60.6546],[24.8394,60.6581]],[[24.8401,60.6535],[24.8395,60.6581]],[[24.8395,60.6581],[24.8394,60.6585]],[[24.8394,60.6581],[24.8394,60.6585]],[[24.8394,60.6585],[24.8392,60.6596]],[[24.8394,60.6585],[24.8393,60.6596]],[[24.8371,60.6748],[24.8269,60.6892]],[[24.8372,60.6748],[24.8269,60.6892]],[[24.8374,60.6733],[24.8374,60.6736]],[[24.8373,60.6733],[24.8373,60.6736]],[[24.8373,60.6736],[24.8371,60.6748]],[[24.8374,60.6736],[24.8372,60.6748]],[[24.8033,60.712],[24.7984,60.7173]],[[24.8034,60.712],[24.7985,60.7174]],[[24.7985,60.7174],[24.7936,60.7221]],[[24.7984,60.7173],[24.7935,60.7221]],[[24.7925,60.723],[24.791,60.7245]],[[24.7874,60.7288],[24.7862,60.73]],[[24.7926,60.723],[24.7911,60.7245]],[[24.7936,60.7221],[24.7932,60.7225]],[[24.7935,60.7221],[24.7931,60.7225]],[[24.7874,60.7287],[24.787,60.729]],[[24.791,60.7245],[24.7893,60.7265]],[[24.7911,60.7245],[24.7894,60.7265]],[[24.7889,60.727],[24.7874,60.7287]],[[24.7894,60.7265],[24.789,60.727]],[[24.7893,60.7265],[24.7889,60.727]],[[24.789,60.727],[24.7874,60.7288]],[[24.7932,60.7225],[24.7926,60.723]],[[24.7931,60.7225],[24.7925,60.723]],[[24.8269,60.6892],[24.8169,60.6987]],[[24.8269,60.6892],[24.817,60.6987]],[[24.8176,60.6983],[24.8068,60.7078]],[[24.8169,60.6987],[24.809,60.7051]],[[24.817,60.6987],[24.8091,60.7051]],[[24.8192,60.6966],[24.8176,60.6983]],[[24.8068,60.7078],[24.8065,60.7082]],[[24.8065,60.7082],[24.8063,60.7085]],[[24.809,60.7051],[24.8033,60.712]],[[24.8091,60.7051],[24.8034,60.712]],[[24.8543,60.6288],[24.8538,60.6285]],[[24.8534,60.6283],[24.8523,60.6278]],[[24.8538,60.6285],[24.8534,60.6283]],[[24.8632,60.628],[24.8628,60.6282]],[[24.8633,60.6279],[24.8632,60.628]],[[24.8634,60.6279],[24.863,60.6282]],[[24.8634,60.6279],[24.8629,60.6282]],[[24.8632,60.628],[24.8628,60.6282]],[[24.8628,60.6282],[24.8611,60.6293]],[[24.8628,60.6282],[24.861,60.6293]],[[24.8629,60.6282],[24.8561,60.6324]],[[24.863,60.6282],[24.8561,60.6325]],[[24.861,60.6293],[24.856,60.6324]],[[24.8652,60.6267],[24.8633,60.6279]],[[24.8649,60.627],[24.8634,60.6279]],[[24.8611,60.6293],[24.8561,60.6324]],[[24.8559,60.6311],[24.8543,60.6288]],[[24.8655,60.6267],[24.8634,60.6279]],[[24.8555,60.6322],[24.8559,60.6311]],[[24.8548,60.6333],[24.853,60.6343]],[[24.856,60.6324],[24.8537,60.6337]],[[24.8561,60.6324],[24.853,60.6343]],[[24.8561,60.6325],[24.8548,60.6333]],[[24.853,60.6343],[24.8524,60.6346]],[[24.8537,60.6337],[24.8523,60.6346]],[[24.855,60.6328],[24.8555,60.6322]],[[24.8537,60.6337],[24.855,60.6328]],[[24.8672,60.6255],[24.8653,60.6267]],[[24.8684,60.6248],[24.8671,60.6257]],[[24.8684,60.6248],[24.8672,60.6255]],[[24.8671,60.6257],[24.8655,60.6267]],[[24.8658,60.6263],[24.8652,60.6267]],[[24.8653,60.6267],[24.8649,60.627]],[[24.7848,60.7715],[24.7836,60.7783],[24.7641,60.804]],[[24.7847,60.7715],[24.7835,60.7783],[24.764,60.804]],[[24.7633,60.7318],[24.763,60.7318]],[[24.7833,60.7328],[24.7823,60.7338]],[[24.7835,60.7328],[24.7826,60.7339]],[[24.7832,60.7332],[24.7826,60.7341]],[[24.7835,60.7328],[24.7824,60.7338]],[[24.7851,60.7311],[24.7839,60.7322]],[[24.7827,60.7334],[24.7824,60.7338]],[[24.7838,60.7322],[24.7827,60.7333]],[[24.7826,60.7341],[24.7823,60.7345]],[[24.7845,60.7317],[24.7832,60.7332]],[[24.7839,60.7322],[24.7834,60.7328]],[[24.7823,60.7345],[24.782,60.7353]],[[24.7839,60.7322],[24.7835,60.7328]],[[24.7826,60.7339],[24.7818,60.7353]],[[24.7838,60.7322],[24.7833,60.7328]],[[24.7834,60.7328],[24.7827,60.7334]],[[24.7824,60.7338],[24.7807,60.7383]],[[24.7818,60.7353],[24.7808,60.7381]],[[24.7858,60.7302],[24.7838,60.7322]],[[24.7841,60.7418],[24.7921,60.7427]],[[24.7827,60.7333],[24.7805,60.7376]],[[24.7823,60.7338],[24.7811,60.7361]],[[24.782,60.7353],[24.7811,60.7374]],[[24.7811,60.7399],[24.7834,60.7421]],[[24.7859,60.7303],[24.7851,60.7311]],[[24.7809,60.7414],[24.7811,60.7427]],[[24.781,60.7415],[24.7811,60.7423]],[[24.7824,60.7338],[24.7812,60.7361]],[[24.7812,60.742],[24.7812,60.7421]],[[24.7812,60.7361],[24.7806,60.7383]],[[24.7808,60.7381],[24.7809,60.7388]],[[24.7811,60.7374],[24.781,60.7386]],[[24.7807,60.7392],[24.7807,60.7397]],[[24.7809,60.7388],[24.781,60.7394]],[[24.781,60.7388],[24.781,60.7394]],[[24.781,60.7383],[24.7811,60.7386]],[[24.7812,60.7392],[24.7841,60.7418]],[[24.7808,60.7404],[24.7809,60.7414]],[[24.7805,60.7385],[24.7807,60.7397]],[[24.7806,60.7383],[24.7807,60.7392]],[[24.7808,60.7397],[24.781,60.7415]],[[24.7807,60.7397],[24.7808,60.7404]],[[24.7806,60.7383],[24.7807,60.7392]],[[24.7805,60.7376],[24.7805,60.7385]],[[24.781,60.7394],[24.7812,60.742]],[[24.7812,60.7391],[24.7812,60.7392]],[[24.781,60.7394],[24.7811,60.7399]],[[24.781,60.7386],[24.781,60.7388]],[[24.7811,60.7386],[24.7812,60.7391]],[[24.7807,60.7383],[24.7808,60.7397]],[[24.7811,60.7361],[24.7806,60.7383]],[[24.7807,60.7392],[24.7808,60.7397]],[[24.787,60.729],[24.7858,60.7302]],[[24.7862,60.73],[24.7859,60.7303]],[[24.7811,60.7427],[24.7816,60.7467]],[[24.7816,60.7452],[24.7818,60.7472]],[[24.782,60.7446],[24.7828,60.744]],[[24.7817,60.7459],[24.7817,60.7452]],[[24.7811,60.7423],[24.7817,60.7467]],[[24.7812,60.7421],[24.7816,60.7452]],[[24.7817,60.7452],[24.782,60.7446]],[[24.7828,60.744],[24.7831,60.7438]],[[24.7834,60.7421],[24.7886,60.7432]],[[24.7827,60.7551],[24.7833,60.7599]],[[24.7816,60.7467],[24.7819,60.7494]],[[24.7831,60.7438],[24.7967,60.7426]],[[24.7817,60.7467],[24.782,60.7494]],[[24.7827,60.7551],[24.7832,60.7599]],[[24.7828,60.7551],[24.7834,60.7599]],[[24.7818,60.7472],[24.7821,60.7494]],[[24.7827,60.7548],[24.7827,60.7551]],[[24.7828,60.7548],[24.7828,60.7551]],[[24.7826,60.7548],[24.7827,60.7551]],[[24.782,60.7494],[24.7827,60.7548]],[[24.7821,60.7494],[24.7828,60.7548]],[[24.7819,60.7494],[24.7826,60.7548]],[[24.7967,60.7426],[24.7979,60.7425]],[[24.7886,60.7432],[24.7967,60.7425]],[[24.7921,60.7427],[24.8048,60.7421]],[[24.7967,60.7425],[24.7998,60.7424]],[[24.7979,60.7425],[24.7998,60.7424]],[[24.7832,60.7599],[24.7835,60.7621]],[[24.7839,60.7645],[24.7845,60.7689]],[[24.7834,60.7599],[24.7837,60.7623]],[[24.7833,60.7599],[24.7836,60.7623]],[[24.7839,60.7653],[24.7844,60.7689]],[[24.7837,60.7623],[24.7838,60.7638]],[[24.7835,60.7621],[24.7839,60.7653]],[[24.7836,60.7623],[24.7838,60.7638]],[[24.7838,60.7638],[24.7839,60.7645]],[[24.7847,60.7711],[24.7848,60.7715]],[[24.7847,60.7711],[24.7847,60.7715]],[[24.7844,60.7689],[24.7847,60.7711]],[[24.7845,60.7689],[24.7847,60.7711]],[[24.8057,60.7421],[24.8096,60.7419]],[[24.8057,60.7421],[24.8193,60.7415]],[[24.8096,60.7419],[24.8193,60.7415]],[[24.8193,60.7415],[24.8798,60.7442]],[[24.8193,60.7415],[24.8798,60.7442]],[[24.7998,60.7424],[24.8048,60.7422]],[[24.8048,60.7421],[24.8057,60.7421]],[[24.8048,60.7422],[24.8057,60.7421]],[[24.7639,60.8041],[24.7614,60.8098]],[[24.764,60.8041],[24.7615,60.8098]],[[24.764,60.804],[24.7639,60.8041]],[[24.7641,60.804],[24.764,60.8041]],[[24.7568,60.8207],[24.7568,60.8208]],[[24.7613,60.8101],[24.7568,60.8207]],[[24.7614,60.8101],[24.7569,60.8207]],[[24.7569,60.8207],[24.7569,60.8208]],[[24.7614,60.8098],[24.7613,60.8101]],[[24.7615,60.8098],[24.7614,60.8101]],[[24.7569,60.8208],[24.7516,60.8268]],[[24.8867,60.7447],[24.8971,60.7464]],[[24.8867,60.7447],[24.8972,60.7463]],[[24.8798,60.7442],[24.8867,60.7447]],[[24.8798,60.7442],[24.8867,60.7447]],[[24.8981,60.7466],[24.9022,60.7478]],[[24.8971,60.7464],[24.8981,60.7466]],[[24.8981,60.7466],[24.9023,60.7478]],[[24.8972,60.7463],[24.8981,60.7466]],[[24.9022,60.7478],[24.9088,60.7497]],[[24.9023,60.7478],[24.9099,60.7499]],[[24.9374,60.7566],[24.9586,60.7611]],[[24.9374,60.7566],[24.9586,60.761]],[[24.9088,60.7497],[24.9143,60.7512]],[[24.9099,60.7499],[24.9143,60.7512]],[[24.9154,60.7515],[24.9173,60.7521]],[[24.9143,60.7512],[24.9173,60.752]],[[24.9143,60.7512],[24.9154,60.7515]],[[24.9173,60.7521],[24.9374,60.7566]],[[24.9173,60.752],[24.9374,60.7566]],[[24.9586,60.761],[24.959,60.7612]],[[24.9586,60.7611],[24.9589,60.7612]],[[24.9589,60.7612],[24.975,60.7677]],[[24.959,60.7612],[24.9751,60.7677]],[[24.9751,60.7677],[24.9811,60.7701]],[[24.975,60.7677],[24.9811,60.7702]],[[24.9811,60.7702],[24.9935,60.7752]],[[24.9811,60.7701],[24.9935,60.7751]],[[24.9935,60.7752],[24.9981,60.777]],[[24.9935,60.7751],[24.9991,60.7774]],[[25.004,60.7794],[25.0168,60.7868]],[[25.007,60.7806],[25.0161,60.7862]],[[24.9981,60.777],[25.003,60.779]],[[24.9991,60.7774],[25.007,60.7806]],[[25.003,60.779],[25.004,60.7794]],[[25.0168,60.7868],[25.0178,60.7874]],[[25.0161,60.7862],[25.0178,60.7874]],[[25.0205,60.7893],[25.0228,60.7909]],[[25.0205,60.7893],[25.0229,60.7909]],[[25.0178,60.7874],[25.0196,60.7887]],[[25.0178,60.7874],[25.0189,60.7882]],[[25.02,60.789],[25.0205,60.7893]],[[25.02,60.789],[25.0205,60.7893]],[[25.0189,60.7882],[25.02,60.789]],[[25.0196,60.7887],[25.02,60.789]],[[25.0228,60.7909],[25.0311,60.7967]],[[25.0229,60.7909],[25.0312,60.7967]],[[25.0311,60.7967],[25.0314,60.7969]],[[25.0312,60.7967],[25.0315,60.7969]],[[25.0314,60.7969],[25.0331,60.798]],[[25.0315,60.7969],[25.0332,60.798]],[[25.0331,60.798],[25.0371,60.8008]],[[25.0332,60.798],[25.0371,60.8008]],[[25.0371,60.8008],[25.0595,60.8155]],[[25.0371,60.8008],[25.0594,60.8155]],[[25.0595,60.8155],[25.0666,60.8181]],[[25.0594,60.8155],[25.0666,60.8181]],[[25.0666,60.8181],[25.0969,60.8292]],[[25.0666,60.8181],[25.097,60.8291]],[[25.0969,60.8292],[25.104,60.8317]],[[25.097,60.8291],[25.1041,60.8317]],[[25.104,60.8317],[25.1174,60.8356]],[[25.1041,60.8317],[25.1174,60.8356]],[[23.6188,61.0556],[23.6091,61.0449],[23.6083,61.0358],[23.6037,61.0283],[23.593,61.0211],[23.5767,61.0178],[23.5692,61.0131],[23.5633,60.992],[23.5537,60.9797],[23.5313,60.9685],[23.4918,60.9573]],[[23.4918,60.9573],[23.4913,60.9573]],[[23.8679,61.1551],[23.8193,61.151],[23.7893,61.1372],[23.752,61.1281],[23.712,61.1138],[23.6881,61.1099],[23.676,61.1041],[23.6472,61.0818]],[[23.647,61.0816],[23.6268,61.0641]],[[23.6197,61.0565],[23.6189,61.0558]],[[23.6189,61.0558],[23.6188,61.0556]],[[23.6251,61.0623],[23.6197,61.0565]],[[23.6253,61.0625],[23.6251,61.0623]],[[23.6268,61.0641],[23.6253,61.0625]],[[23.6472,61.0818],[23.647,61.0816]],[[23.8978,61.2404],[23.9456,61.2613],[23.9619,61.2643]],[[24.0293,61.1181],[24.0047,61.127],[23.9783,61.1442],[23.9262,61.1609],[23.897,61.1643]],[[24.0292,61.1181],[24.0047,61.127],[23.9782,61.1442],[23.9262,61.1609],[23.897,61.1643]],[[23.8026,61.188],[23.7843,61.1972],[23.7755,61.2056]],[[23.8025,61.188],[23.7842,61.1971],[23.7755,61.2056]],[[23.8391,61.1787],[23.8025,61.188]],[[23.8376,61.1791],[23.8026,61.188]],[[23.7619,61.2357],[23.7636,61.2516],[23.7561,61.2653]],[[23.762,61.2357],[23.7636,61.2525],[23.7562,61.2653]],[[23.7755,61.2056],[23.7752,61.2059]],[[23.7755,61.2056],[23.7752,61.2059]],[[23.7752,61.2059],[23.7732,61.2085]],[[23.7752,61.2059],[23.7732,61.2085]],[[23.7731,61.2087],[23.7693,61.2136]],[[23.7731,61.2087],[23.7693,61.2137]],[[23.7693,61.2136],[23.769,61.214]],[[23.7693,61.2137],[23.7691,61.214]],[[23.7732,61.2085],[23.7731,61.2087]],[[23.7732,61.2085],[23.7731,61.2087]],[[23.7662,61.2179],[23.762,61.2256],[23.7619,61.2354]],[[23.7662,61.2179],[23.7621,61.2256],[23.762,61.2354]],[[23.769,61.214],[23.7662,61.2178]],[[23.7691,61.214],[23.7663,61.2178]],[[23.7662,61.2178],[23.7662,61.2179]],[[23.7663,61.2178],[23.7662,61.2179]],[[23.7619,61.2354],[23.7619,61.2357]],[[23.762,61.2354],[23.762,61.2357]],[[23.8658,61.1695],[23.8525,61.1739]],[[23.8516,61.1743],[23.8423,61.178]],[[23.8611,61.1706],[23.8533,61.1733]],[[23.8635,61.1702],[23.8526,61.1739]],[[23.8525,61.1739],[23.8503,61.1752]],[[23.8515,61.1745],[23.8508,61.1749]],[[23.8555,61.1722],[23.8544,61.1726]],[[23.8526,61.1739],[23.8515,61.1745]],[[23.8544,61.1726],[23.8516,61.1743]],[[23.8533,61.1733],[23.8516,61.1743]],[[23.8419,61.1782],[23.8376,61.1791]],[[23.8403,61.1785],[23.8391,61.1787]],[[23.8484,61.1763],[23.8411,61.185]],[[23.8424,61.1781],[23.8419,61.1782]],[[23.8423,61.178],[23.8403,61.1785]],[[23.8399,61.1869],[23.8365,61.1927]],[[23.8406,61.1857],[23.8399,61.1869]],[[23.8411,61.185],[23.8406,61.1857]],[[23.8508,61.1749],[23.85,61.1755]],[[23.85,61.1755],[23.8484,61.1763]],[[23.8503,61.1752],[23.8424,61.1781]],[[23.8365,61.1927],[23.8363,61.193]],[[23.8363,61.193],[23.8346,61.1983],[23.8383,61.2024]],[[23.8753,61.1561],[23.8679,61.1551]],[[23.897,61.1643],[23.8788,61.1662]],[[23.897,61.1643],[23.8789,61.1662]],[[23.8845,61.1607],[23.8812,61.1576]],[[23.8788,61.1662],[23.8846,61.1612]],[[23.8812,61.1576],[23.8806,61.1573]],[[23.8806,61.1573],[23.8753,61.1561]],[[23.8657,61.1694],[23.8555,61.1722]],[[23.8686,61.1689],[23.8666,61.1694]],[[23.8779,61.1664],[23.8675,61.169]],[[23.8686,61.1689],[23.8658,61.1695]],[[23.8692,61.1686],[23.8658,61.1695]],[[23.8658,61.1695],[23.8611,61.1706]],[[23.8666,61.1694],[23.8648,61.1698]],[[23.8648,61.1698],[23.8635,61.1702]],[[23.8675,61.169],[23.8657,61.1694]],[[23.8788,61.1662],[23.8779,61.1664]],[[23.8789,61.1662],[23.878,61.1665]],[[23.8788,61.1662],[23.8779,61.1664]],[[23.8779,61.1664],[23.87,61.1684]],[[23.878,61.1665],[23.8686,61.1689]],[[23.87,61.1684],[23.8692,61.1686]],[[23.8846,61.1612],[23.8845,61.1607]],[[23.8473,61.2102],[23.8817,61.233]],[[23.8397,61.203],[23.8417,61.2039]],[[23.8383,61.2024],[23.839,61.2027]],[[23.839,61.2027],[23.8397,61.203]],[[23.8417,61.2039],[23.8462,61.2097]],[[23.8462,61.2097],[23.8473,61.2102]],[[23.8817,61.233],[23.8873,61.2356]],[[23.8873,61.2356],[23.8978,61.2404]],[[24.1348,61.0938],[24.0963,61.1028]],[[24.1347,61.0938],[24.0963,61.1028]],[[24.096,61.1029],[24.0722,61.1111],[24.037,61.1154]],[[24.096,61.1029],[24.0722,61.1111],[24.0369,61.1154]],[[24.037,61.1154],[24.0298,61.1179]],[[24.0369,61.1154],[24.0298,61.1179]],[[24.0298,61.1179],[24.0293,61.1181]],[[24.0298,61.1179],[24.0292,61.1181]],[[24.0963,61.1028],[24.096,61.1029]],[[24.0963,61.1028],[24.096,61.1029]],[[24.2059,61.0731],[24.1527,61.0853],[24.1379,61.0922]],[[24.2058,61.0731],[24.1527,61.0852],[24.1379,61.0921]],[[24.2822,61.0615],[24.2474,61.0621],[24.2062,61.073]],[[24.2822,61.0614],[24.2474,61.062],[24.2062,61.073]],[[24.1375,61.0924],[24.1348,61.0938]],[[24.1374,61.0924],[24.1347,61.0938]],[[24.1379,61.0922],[24.1375,61.0924]],[[24.1379,61.0921],[24.1374,61.0924]],[[24.2062,61.073],[24.2059,61.0731]],[[24.2062,61.073],[24.2058,61.0731]],[[24.3595,61.054],[24.3189,61.062],[24.2824,61.0615]],[[24.3596,61.054],[24.3189,61.0621],[24.2824,61.0615]],[[24.2824,61.0615],[24.2822,61.0615]],[[24.2824,61.0615],[24.2822,61.0614]],[[23.7551,61.2668],[23.7473,61.2893]],[[23.7552,61.2668],[23.7474,61.2893]],[[23.7473,61.2895],[23.7478,61.2942]],[[23.7472,61.2895],[23.7476,61.2942]],[[23.7474,61.2893],[23.7473,61.2895]],[[23.7473,61.2893],[23.7472,61.2895]],[[23.749,61.298],[23.7493,61.2987]],[[23.7491,61.298],[23.7494,61.2987]],[[23.7476,61.2942],[23.7489,61.2977]],[[23.7478,61.2942],[23.749,61.2977]],[[23.7489,61.2977],[23.749,61.298]],[[23.749,61.2977],[23.7491,61.298]],[[23.7493,61.2987],[23.7506,61.3023]],[[23.7494,61.2987],[23.7507,61.3023]],[[23.7561,61.2653],[23.7553,61.2664]],[[23.7562,61.2653],[23.7554,61.2664]],[[23.7553,61.2664],[23.7551,61.2668]],[[23.7554,61.2664],[23.7552,61.2668]],[[23.7516,61.3048],[23.7522,61.3066]],[[23.7518,61.3056],[23.7522,61.3069]],[[23.7515,61.3048],[23.7518,61.3056]],[[23.7515,61.3047],[23.7515,61.3048]],[[23.7515,61.3047],[23.7516,61.3048]],[[23.7507,61.3023],[23.7515,61.3047]],[[23.7506,61.3023],[23.7515,61.3047]],[[23.7524,61.3074],[23.753,61.3092]],[[23.7522,61.3069],[23.7524,61.3074]],[[23.7523,61.3069],[23.7525,61.3074]],[[23.7525,61.3074],[23.7533,61.3095]],[[23.7533,61.3095],[23.7535,61.3101]],[[23.7522,61.3066],[23.7523,61.3069]],[[23.7562,61.3175],[23.7566,61.3188]],[[23.753,61.3092],[23.7562,61.3181]],[[23.7536,61.3103],[23.7562,61.3175]],[[23.7562,61.3178],[23.7566,61.3188]],[[23.7535,61.3101],[23.7562,61.3178]],[[23.7562,61.3181],[23.7573,61.321]],[[23.7573,61.321],[23.7584,61.325]],[[23.757,61.32],[23.7585,61.325]],[[23.7585,61.325],[23.7588,61.3316]],[[23.7584,61.325],[23.7587,61.3316]],[[23.7566,61.3188],[23.757,61.32]],[[23.7587,61.3316],[23.7588,61.3339]],[[23.7588,61.3316],[23.7589,61.3339]],[[23.7588,61.3339],[23.7589,61.336]],[[23.7589,61.3339],[23.759,61.336]],[[23.7601,61.3434],[23.7635,61.3556]],[[23.7602,61.3434],[23.7636,61.3556]],[[23.7589,61.336],[23.7597,61.342]],[[23.759,61.336],[23.7598,61.342]],[[23.7598,61.3425],[23.7599,61.3428]],[[23.7599,61.3425],[23.76,61.3427]],[[23.7597,61.342],[23.7598,61.3425]],[[23.7598,61.342],[23.7599,61.3425]],[[23.76,61.3427],[23.7602,61.3434]],[[23.7599,61.3428],[23.7601,61.3434]],[[23.7635,61.3556],[23.7633,61.3596]],[[23.7636,61.3556],[23.7634,61.3596]],[[23.7633,61.3596],[23.7611,61.3664]],[[23.7634,61.3596],[23.7612,61.3664]],[[23.7595,61.3709],[23.7579,61.375]],[[23.7599,61.3696],[23.7591,61.3718]],[[23.7601,61.369],[23.7601,61.3692]],[[23.7602,61.369],[23.7601,61.3692]],[[23.7611,61.3664],[23.7601,61.369]],[[23.7612,61.3664],[23.7602,61.369]],[[23.7601,61.3692],[23.7596,61.3705]],[[23.7601,61.3692],[23.7599,61.3696]],[[23.7596,61.3705],[23.7595,61.3709]],[[23.7591,61.3718],[23.7578,61.375]],[[23.7579,61.375],[23.7571,61.3825]],[[23.7578,61.375],[23.757,61.3826]],[[23.757,61.3826],[23.7575,61.3903]],[[23.7571,61.3825],[23.7576,61.3903]],[[23.7575,61.3903],[23.755,61.3983]],[[23.7576,61.3903],[23.7551,61.3983]],[[23.755,61.3983],[23.7549,61.3987]],[[23.7549,61.3987],[23.7543,61.4016]],[[23.7551,61.3983],[23.755,61.3987]],[[23.755,61.3987],[23.7544,61.4016]],[[23.7535,61.408],[23.7529,61.4129]],[[23.7536,61.408],[23.753,61.4129]],[[23.7543,61.4016],[23.7535,61.408]],[[23.7544,61.4016],[23.7536,61.408]],[[23.7488,61.4266],[23.7472,61.4285]],[[23.748,61.4276],[23.7473,61.4285]],[[23.7481,61.4277],[23.7474,61.4285]],[[23.7472,61.4285],[23.7402,61.439]],[[23.7511,61.424],[23.7481,61.4277]],[[23.7473,61.4285],[23.7402,61.439]],[[23.7474,61.4285],[23.7403,61.439]],[[23.7508,61.4239],[23.7488,61.4266]],[[23.7509,61.424],[23.748,61.4276]],[[23.7402,61.439],[23.7379,61.4425]],[[23.7403,61.439],[23.738,61.4425]],[[23.7402,61.439],[23.7378,61.4425]],[[23.7375,61.4451],[23.7399,61.4518]],[[23.7373,61.4451],[23.7397,61.4519]],[[23.7374,61.4451],[23.7398,61.4519]],[[23.7378,61.4425],[23.7373,61.4451]],[[23.7379,61.4425],[23.7374,61.4451]],[[23.738,61.4425],[23.7375,61.4451]],[[23.7398,61.4519],[23.7399,61.452]],[[23.7399,61.4518],[23.74,61.452]],[[23.7397,61.4519],[23.7398,61.452]],[[23.74,61.452],[23.7426,61.4544]],[[23.7398,61.452],[23.7425,61.4544]],[[23.7399,61.452],[23.7425,61.4544]],[[23.7475,61.4585],[23.7539,61.462]],[[23.7425,61.4544],[23.7471,61.4582]],[[23.7426,61.4544],[23.7451,61.4564]],[[23.7425,61.4544],[23.745,61.4565]],[[23.7474,61.4585],[23.7549,61.4626]],[[23.7501,61.46],[23.7508,61.4603]],[[23.7471,61.4582],[23.7474,61.4585]],[[23.7471,61.4582],[23.7475,61.4585]],[[23.7472,61.4581],[23.7476,61.4584]],[[23.745,61.4565],[23.7462,61.4574]],[[23.7476,61.4584],[23.7501,61.46]],[[23.745,61.4565],[23.7471,61.4582]],[[23.7451,61.4564],[23.7472,61.4581]],[[23.7529,61.4129],[23.7524,61.417]],[[23.7521,61.4187],[23.7508,61.4239]],[[23.7521,61.4202],[23.7511,61.424]],[[23.7522,61.4187],[23.7509,61.424]],[[23.753,61.4129],[23.7523,61.4181]],[[23.7524,61.417],[23.7521,61.4187]],[[23.7522,61.4187],[23.7521,61.4202]],[[23.7523,61.4181],[23.7522,61.4187]],[[23.7549,61.4626],[23.7608,61.4664]],[[23.754,61.4621],[23.756,61.463]],[[23.7549,61.4626],[23.7609,61.4663]],[[23.7544,61.4622],[23.756,61.463]],[[23.7534,61.4618],[23.7544,61.4622]],[[23.7508,61.4603],[23.7539,61.462]],[[23.7539,61.462],[23.754,61.4621]],[[23.754,61.4621],[23.7549,61.4626]],[[23.7519,61.4609],[23.7534,61.4618]],[[23.5277,61.4915],[23.5114,61.4872]],[[23.5675,61.4954],[23.5277,61.4915]],[[23.4893,61.4766],[23.4883,61.4763]],[[23.4936,61.4785],[23.4893,61.4766]],[[23.4973,61.4803],[23.4972,61.4803]],[[23.5006,61.4816],[23.4973,61.4803]],[[23.5059,61.4839],[23.5006,61.4816]],[[23.4972,61.4803],[23.4936,61.4785]],[[23.5114,61.4872],[23.5063,61.4841]],[[23.5063,61.4841],[23.5059,61.4839]],[[23.6329,61.5033],[23.5925,61.5011]],[[23.5914,61.501],[23.5766,61.4977]],[[23.5708,61.4961],[23.5675,61.4954]],[[23.5766,61.4977],[23.5724,61.4965]],[[23.572,61.4964],[23.5708,61.4961]],[[23.5724,61.4965],[23.572,61.4964]],[[23.5925,61.5011],[23.5914,61.501]],[[23.5776,61.5604],[23.5647,61.5692],[23.5459,61.5973]],[[23.5925,61.5535],[23.5796,61.5595]],[[23.5945,61.5526],[23.5925,61.5535]],[[23.5796,61.5595],[23.5776,61.5604]],[[23.6593,61.5066],[23.6342,61.5033]],[[23.6342,61.5033],[23.6329,61.5033]],[[23.6615,61.5147],[23.6582,61.516]],[[23.6633,61.5077],[23.663,61.5076]],[[23.663,61.5076],[23.6593,61.5066]],[[23.6677,61.5085],[23.6671,61.5085]],[[23.6689,61.5087],[23.6677,61.5085]],[[23.6671,61.5085],[23.6633,61.5077]],[[23.6749,61.5096],[23.6701,61.509]],[[23.6701,61.5125],[23.6628,61.5143]],[[23.6722,61.5121],[23.6701,61.5125]],[[23.6701,61.509],[23.6689,61.5087]],[[23.6618,61.5146],[23.6615,61.5147]],[[23.6628,61.5143],[23.6618,61.5146]],[[23.6816,61.5099],[23.6758,61.5097]],[[23.6857,61.5097],[23.6838,61.51]],[[23.6879,61.5093],[23.6821,61.5099]],[[23.6802,61.5105],[23.6763,61.5112]],[[23.6755,61.5097],[23.6749,61.5096]],[[23.6758,61.5097],[23.6755,61.5097]],[[23.6763,61.5112],[23.6722,61.5121]],[[23.6802,61.5105],[23.6815,61.5103]],[[23.6821,61.5099],[23.6816,61.5099]],[[23.6838,61.51],[23.6815,61.5103]],[[23.6972,61.5078],[23.6938,61.5085]],[[23.6927,61.5086],[23.6918,61.5088]],[[23.6938,61.5085],[23.6927,61.5086]],[[23.6961,61.5081],[23.6957,61.5081]],[[23.6918,61.5088],[23.6911,61.509]],[[23.6918,61.5088],[23.6911,61.5089]],[[23.6957,61.5081],[23.6918,61.5088]],[[23.6979,61.5077],[23.6961,61.5081]],[[23.6979,61.5077],[23.6972,61.5078]],[[23.689,61.5092],[23.6879,61.5093]],[[23.6892,61.5092],[23.688,61.5094]],[[23.6911,61.509],[23.6892,61.5092]],[[23.6903,61.509],[23.6891,61.5092]],[[23.6879,61.5094],[23.6857,61.5097]],[[23.689,61.5092],[23.6879,61.5094]],[[23.6891,61.5092],[23.689,61.5092]],[[23.688,61.5094],[23.6857,61.5097]],[[23.691,61.5089],[23.6903,61.509]],[[23.6911,61.5089],[23.691,61.5089]],[[23.6499,61.5209],[23.6327,61.5345],[23.608,61.5463]],[[23.6078,61.5464],[23.5945,61.5526]],[[23.608,61.5463],[23.6078,61.5464]],[[23.6582,61.516],[23.6561,61.5169]],[[23.6561,61.5169],[23.6499,61.5209]],[[23.5457,61.5978],[23.5298,61.6205]],[[23.5459,61.5973],[23.5457,61.5978]],[[23.5236,61.6312],[23.5033,61.6566]],[[23.529,61.622],[23.5245,61.6297]],[[23.5245,61.6297],[23.5236,61.6312]],[[23.5298,61.6205],[23.529,61.622]],[[23.5033,61.6566],[23.5029,61.6569]],[[23.7253,61.5006],[23.6979,61.5077]],[[23.7253,61.5007],[23.6979,61.5077]],[[23.7422,61.5023],[23.7257,61.5006]],[[23.7422,61.5023],[23.7256,61.5005]],[[23.7257,61.5006],[23.7253,61.5007]],[[23.7256,61.5005],[23.7253,61.5006]],[[23.7425,61.5023],[23.7422,61.5023]],[[23.7425,61.5023],[23.7422,61.5023]],[[23.7482,61.5034],[23.7465,61.5029]],[[23.7482,61.5034],[23.7466,61.5028]],[[23.7534,61.5052],[23.7482,61.5034]],[[23.7535,61.5051],[23.7482,61.5034]],[[23.7466,61.5028],[23.7425,61.5023]],[[23.7465,61.5029],[23.7425,61.5023]],[[23.756,61.463],[23.7562,61.4631]],[[23.7596,61.4648],[23.7608,61.4656]],[[23.7608,61.4656],[23.7616,61.466]],[[23.7572,61.4635],[23.7584,61.4641]],[[23.7591,61.4645],[23.7596,61.4648]],[[23.7584,61.4641],[23.7591,61.4645]],[[23.757,61.4635],[23.7584,61.4643]],[[23.7616,61.466],[23.7659,61.4712]],[[23.7562,61.4631],[23.7572,61.4635]],[[23.7608,61.4664],[23.7669,61.4738]],[[23.7609,61.4663],[23.767,61.4738]],[[23.7562,61.4631],[23.757,61.4635]],[[23.7584,61.4643],[23.7648,61.4713]],[[23.7905,61.4914],[23.8245,61.4886]],[[23.7905,61.4914],[23.8245,61.4886]],[[23.7693,61.4754],[23.7701,61.4761]],[[23.768,61.475],[23.7687,61.4764]],[[23.767,61.4738],[23.7686,61.4764]],[[23.7669,61.4738],[23.7685,61.4764]],[[23.7662,61.4717],[23.767,61.4728]],[[23.767,61.4728],[23.7671,61.4731]],[[23.7678,61.4742],[23.7684,61.4748]],[[23.767,61.4736],[23.7676,61.4745]],[[23.7667,61.4732],[23.767,61.4736]],[[23.7664,61.4729],[23.7667,61.4732]],[[23.7676,61.4745],[23.768,61.475]],[[23.7684,61.4748],[23.7686,61.475]],[[23.7676,61.474],[23.7678,61.4742]],[[23.7686,61.475],[23.7693,61.4754]],[[23.7659,61.4712],[23.7662,61.4717]],[[23.7671,61.4731],[23.7673,61.4735]],[[23.7673,61.4735],[23.7676,61.474]],[[23.7648,61.4713],[23.766,61.4726]],[[23.766,61.4726],[23.7664,61.4729]],[[23.7689,61.4767],[23.7689,61.4768]],[[23.7687,61.4764],[23.7689,61.4767]],[[23.7686,61.4764],[23.7688,61.4768]],[[23.7685,61.4764],[23.7687,61.4768]],[[23.7689,61.4768],[23.7691,61.4771]],[[23.7691,61.4771],[23.7695,61.4779]],[[23.7688,61.4768],[23.7694,61.4779]],[[23.7687,61.4768],[23.7693,61.4779]],[[23.7701,61.4761],[23.7707,61.4764]],[[23.7707,61.4764],[23.7727,61.4782]],[[23.773,61.4786],[23.7744,61.4813]],[[23.7744,61.4813],[23.7746,61.4817]],[[23.7746,61.4817],[23.7748,61.4822]],[[23.7727,61.4782],[23.773,61.4786]],[[23.7694,61.4779],[23.7737,61.4867]],[[23.7693,61.4779],[23.7736,61.4867]],[[23.7743,61.4891],[23.7762,61.4906]],[[23.7695,61.4779],[23.7739,61.4867]],[[23.7748,61.4822],[23.7748,61.4828]],[[23.7741,61.4877],[23.774,61.4899]],[[23.7736,61.4867],[23.7738,61.4905]],[[23.7737,61.4867],[23.7739,61.4893]],[[23.7741,61.4877],[23.7741,61.4882]],[[23.7742,61.4873],[23.7741,61.4878]],[[23.7746,61.4833],[23.7743,61.4841]],[[23.7739,61.4867],[23.7741,61.4877]],[[23.7742,61.4872],[23.7742,61.4873]],[[23.7743,61.4841],[23.7743,61.4846]],[[23.7742,61.4869],[23.7742,61.4872]],[[23.7748,61.4828],[23.7746,61.4833]],[[23.7743,61.4846],[23.7743,61.4864]],[[23.7743,61.4864],[23.7742,61.4869]],[[23.7741,61.4884],[23.7743,61.4891]],[[23.7741,61.4882],[23.7741,61.4884]],[[23.7741,61.4878],[23.7741,61.4882]],[[23.7739,61.4912],[23.7739,61.4915]],[[23.7738,61.4912],[23.7738,61.4923]],[[23.7737,61.4912],[23.7737,61.4913]],[[23.7739,61.4905],[23.7739,61.4912]],[[23.7738,61.4905],[23.7738,61.4912]],[[23.7738,61.4905],[23.7737,61.4912]],[[23.7737,61.4929],[23.7737,61.4943]],[[23.7739,61.4899],[23.7738,61.4905]],[[23.7737,61.4913],[23.7737,61.4924]],[[23.7736,61.4943],[23.7736,61.495]],[[23.774,61.4946],[23.774,61.495]],[[23.774,61.4939],[23.774,61.4946]],[[23.7739,61.4944],[23.7739,61.495]],[[23.7742,61.4943],[23.7751,61.493]],[[23.7737,61.4943],[23.7737,61.495]],[[23.7737,61.4933],[23.7736,61.4943]],[[23.7739,61.4893],[23.7739,61.4899]],[[23.7737,61.4924],[23.7737,61.4929]],[[23.774,61.495],[23.7742,61.4943]],[[23.7739,61.4915],[23.7738,61.4928]],[[23.774,61.4899],[23.7739,61.4905]],[[23.774,61.4939],[23.7739,61.4944]],[[23.7739,61.4932],[23.7739,61.4935]],[[23.7739,61.4935],[23.774,61.4939]],[[23.774,61.495],[23.774,61.495]],[[23.774,61.4951],[23.774,61.4954]],[[23.7738,61.4928],[23.7739,61.4932]],[[23.7738,61.4925],[23.7737,61.4929]],[[23.7737,61.4929],[23.7737,61.4933]],[[23.774,61.495],[23.774,61.4951]],[[23.7739,61.495],[23.7739,61.4954]],[[23.7737,61.495],[23.7737,61.4954]],[[23.7736,61.495],[23.7736,61.4954]],[[23.7738,61.4923],[23.7738,61.4925]],[[23.7762,61.4906],[23.7763,61.4906]],[[23.7736,61.4954],[23.7736,61.496]],[[23.7733,61.5019],[23.7728,61.503]],[[23.7734,61.5022],[23.7728,61.5031]],[[23.7737,61.4954],[23.7736,61.496]],[[23.774,61.4954],[23.774,61.4962]],[[23.7739,61.4954],[23.7739,61.496]],[[23.774,61.4951],[23.7742,61.4961]],[[23.7751,61.493],[23.7766,61.4923]],[[23.7737,61.5018],[23.7734,61.5024]],[[23.7737,61.502],[23.7734,61.5024]],[[23.7737,61.502],[23.7735,61.5024]],[[23.7737,61.502],[23.7735,61.5024]],[[23.7763,61.4906],[23.7766,61.4907]],[[23.7736,61.4962],[23.7735,61.4986]],[[23.7734,61.5012],[23.7734,61.5018]],[[23.7742,61.4961],[23.7741,61.4986]],[[23.7739,61.4962],[23.7738,61.4986]],[[23.7735,61.4962],[23.7735,61.4986]],[[23.774,61.4962],[23.7739,61.4986]],[[23.7739,61.496],[23.7739,61.4962]],[[23.7736,61.496],[23.7735,61.4962]],[[23.7736,61.496],[23.7736,61.4962]],[[23.7735,61.5009],[23.7734,61.5012]],[[23.7734,61.5009],[23.7734,61.5012]],[[23.7734,61.5012],[23.7733,61.5019]],[[23.7734,61.5012],[23.7734,61.5022]],[[23.7737,61.5011],[23.7737,61.5018]],[[23.7735,61.4986],[23.7734,61.5009]],[[23.7735,61.4986],[23.7735,61.5009]],[[23.7738,61.4986],[23.7737,61.5011]],[[23.7741,61.4986],[23.774,61.5009]],[[23.7739,61.4986],[23.7738,61.5011]],[[23.774,61.5009],[23.7739,61.5016]],[[23.7739,61.5016],[23.7737,61.502]],[[23.7739,61.5016],[23.7737,61.502]],[[23.7738,61.5011],[23.7737,61.502]],[[23.7564,61.5055],[23.7534,61.5052]],[[23.7564,61.5055],[23.7535,61.5051]],[[23.7567,61.5055],[23.7564,61.5055]],[[23.7585,61.5058],[23.7578,61.5057]],[[23.7586,61.5057],[23.7579,61.5056]],[[23.7586,61.5058],[23.7578,61.5057]],[[23.759,61.5058],[23.7586,61.5057]],[[23.759,61.5059],[23.7585,61.5058]],[[23.7589,61.5058],[23.7586,61.5058]],[[23.7578,61.5057],[23.7567,61.5055]],[[23.7642,61.5063],[23.759,61.5059]],[[23.7579,61.5056],[23.7564,61.5055]],[[23.7642,61.5062],[23.759,61.5058]],[[23.7578,61.5057],[23.7567,61.5055]],[[23.7642,61.5063],[23.7589,61.5058]],[[23.7656,61.5062],[23.7643,61.5063]],[[23.7666,61.506],[23.7656,61.5062]],[[23.7643,61.5063],[23.7642,61.5063]],[[23.7643,61.5062],[23.7642,61.5062]],[[23.7656,61.5061],[23.7643,61.5062]],[[23.7665,61.506],[23.7656,61.5061]],[[23.7684,61.5055],[23.7671,61.5059]],[[23.7643,61.5063],[23.7642,61.5063]],[[23.7656,61.5062],[23.7643,61.5063]],[[23.7666,61.506],[23.7656,61.5062]],[[23.7685,61.5055],[23.7671,61.5059]],[[23.7671,61.5059],[23.7665,61.506]],[[23.7671,61.5059],[23.7666,61.506]],[[23.7671,61.5059],[23.7666,61.506]],[[23.7734,61.5024],[23.7729,61.5031]],[[23.7711,61.5043],[23.7702,61.5048]],[[23.7711,61.5043],[23.7703,61.5047]],[[23.7717,61.5039],[23.7711,61.5043]],[[23.772,61.5039],[23.7711,61.5044]],[[23.7728,61.503],[23.7717,61.5039]],[[23.7722,61.5036],[23.7711,61.5043]],[[23.7729,61.5031],[23.772,61.5039]],[[23.7728,61.5031],[23.7722,61.5036]],[[23.7703,61.5047],[23.7702,61.5047]],[[23.7735,61.5024],[23.772,61.5039]],[[23.7711,61.5044],[23.7671,61.5059]],[[23.7702,61.5048],[23.7685,61.5055]],[[23.7702,61.5047],[23.7684,61.5055]],[[23.7812,61.4915],[23.7822,61.4915]],[[23.7786,61.4919],[23.7809,61.4916]],[[23.778,61.4912],[23.7808,61.4915]],[[23.7766,61.4907],[23.778,61.4912]],[[23.7812,61.4916],[23.7822,61.4916]],[[23.7809,61.4916],[23.7812,61.4916]],[[23.7779,61.492],[23.7781,61.492]],[[23.7808,61.4915],[23.7812,61.4915]],[[23.7766,61.4923],[23.7779,61.492]],[[23.7781,61.492],[23.7786,61.4919]],[[23.7848,61.4914],[23.785,61.4914]],[[23.785,61.4914],[23.7901,61.4914]],[[23.785,61.4915],[23.7901,61.4914]],[[23.7822,61.4915],[23.7848,61.4914]],[[23.7822,61.4916],[23.785,61.4915]],[[23.7901,61.4914],[23.7905,61.4914]],[[23.7901,61.4914],[23.7905,61.4914]],[[23.8258,61.4887],[23.8577,61.485]],[[23.8258,61.4887],[23.8577,61.485]],[[23.8245,61.4886],[23.8258,61.4887]],[[23.8245,61.4886],[23.8258,61.4887]],[[23.874,61.4831],[23.9211,61.48]],[[23.874,61.4832],[23.9211,61.4801]],[[23.8577,61.485],[23.8726,61.4832]],[[23.8577,61.485],[23.8726,61.4831]],[[23.8726,61.4831],[23.874,61.4831]],[[23.8726,61.4832],[23.874,61.4832]],[[23.9619,61.2643],[23.962,61.2643]],[[23.962,61.2643],[24.0053,61.2633]],[[24.0088,61.2657],[24.0125,61.2687]],[[24.0053,61.2633],[24.0064,61.2638]],[[24.0064,61.2638],[24.0067,61.2639]],[[24.0067,61.2639],[24.0085,61.2654]],[[24.0085,61.2654],[24.0088,61.2657]],[[24.0158,61.2723],[24.0161,61.2727]],[[24.0125,61.2687],[24.0158,61.2723]],[[24.0161,61.2727],[24.0184,61.275]],[[24.0184,61.275],[24.0188,61.2753]],[[23.9395,61.4812],[23.9735,61.4933]],[[23.9395,61.4812],[23.9735,61.4933]],[[24.1024,61.5548],[24.1674,61.6014],[24.1832,61.607]],[[24.1025,61.5548],[24.1675,61.6014],[24.1832,61.607]],[[23.9211,61.48],[23.9218,61.48]],[[23.9211,61.4801],[23.9218,61.48]],[[23.9218,61.48],[23.9234,61.4798]],[[23.9218,61.48],[23.9234,61.4798]],[[23.9309,61.4795],[23.9312,61.4795]],[[23.9309,61.4795],[23.9312,61.4796]],[[23.9234,61.4798],[23.9309,61.4795]],[[23.9312,61.4795],[23.939,61.481]],[[23.9234,61.4798],[23.9309,61.4795]],[[23.9312,61.4796],[23.939,61.4811]],[[23.939,61.481],[23.9395,61.4812]],[[23.9395,61.4812],[23.939,61.4811]],[[23.9845,61.4961],[23.9937,61.4996],[24.0044,61.5096],[24.007,61.5194]],[[23.9845,61.4962],[23.9936,61.4996],[24.0043,61.5097],[24.0068,61.5194]],[[23.9735,61.4933],[23.984,61.4961]],[[23.9735,61.4933],[23.9841,61.496]],[[23.984,61.4961],[23.9845,61.4962]],[[23.9841,61.496],[23.9845,61.4961]],[[24.007,61.5194],[24.0069,61.5197]],[[24.0068,61.5194],[24.0068,61.5197]],[[24.0069,61.5197],[24.0069,61.5204]],[[24.0068,61.5197],[24.0068,61.5204]],[[24.0123,61.528],[24.0128,61.5283]],[[24.0069,61.5204],[24.0123,61.528]],[[24.0068,61.5204],[24.0123,61.528]],[[24.0123,61.528],[24.0127,61.5283]],[[24.0128,61.5283],[24.0801,61.5495]],[[24.0127,61.5283],[24.0801,61.5495]],[[24.0801,61.5495],[24.1025,61.5548]],[[24.0801,61.5495],[24.1024,61.5548]],[[24.1832,61.607],[24.2243,61.6177],[24.2673,61.6193],[24.3022,61.6306]],[[24.1832,61.607],[24.2243,61.6177],[24.2673,61.6193],[24.3022,61.6306]],[[24.3022,61.6306],[24.3511,61.641],[24.3606,61.6461]],[[24.3022,61.6306],[24.3511,61.6409],[24.3607,61.6461]],[[24.3854,61.0369],[24.3751,61.0446]],[[24.3855,61.0369],[24.3782,61.0424]],[[24.3782,61.0424],[24.3752,61.0446]],[[24.4219,61.0217],[24.3856,61.0368]],[[24.4219,61.0217],[24.3855,61.0368]],[[24.4402,61.0161],[24.4219,61.0217]],[[24.4403,61.0161],[24.4219,61.0217]],[[24.3855,61.0368],[24.3854,61.0369]],[[24.3856,61.0368],[24.3855,61.0369]],[[24.5767,60.9536],[24.5525,60.9549],[24.5311,60.9627]],[[24.5311,60.9627],[24.5186,60.9697],[24.4946,60.9911]],[[24.5311,60.9627],[24.5186,60.9697],[24.4928,60.9926]],[[24.5766,60.9536],[24.5525,60.9549],[24.5311,60.9627]],[[24.4462,61.015],[24.4403,61.0161]],[[24.4461,61.0149],[24.4402,61.0161]],[[24.4688,61.0062],[24.4477,61.0148]],[[24.4688,61.0062],[24.4477,61.0148]],[[24.4477,61.0148],[24.4462,61.015]],[[24.4477,61.0148],[24.4461,61.0149]],[[24.4885,60.9963],[24.4786,61.0024]],[[24.4885,60.9964],[24.4757,61.0037]],[[24.4853,60.9989],[24.4758,61.0037]],[[24.4757,61.0037],[24.4733,61.0046]],[[24.4758,61.0037],[24.474,61.0044]],[[24.4756,61.0036],[24.4733,61.0046]],[[24.4786,61.0024],[24.4756,61.0036]],[[24.4733,61.0046],[24.4688,61.0062]],[[24.474,61.0044],[24.4688,61.0062]],[[24.489,60.9962],[24.4886,60.9965]],[[24.4899,60.9952],[24.4886,60.9964]],[[24.4918,60.9935],[24.4912,60.994]],[[24.4946,60.9911],[24.4939,60.9917]],[[24.4928,60.9926],[24.4918,60.9935]],[[24.4918,60.9935],[24.4885,60.9963]],[[24.4912,60.994],[24.4885,60.9964]],[[24.4939,60.9917],[24.4899,60.9952]],[[24.4886,60.9964],[24.4853,60.9989]],[[24.6241,60.9384],[24.6121,60.9478],[24.5926,60.953]],[[24.624,60.9384],[24.612,60.9478],[24.5926,60.9529]],[[24.6458,60.9124],[24.6346,60.9227]],[[24.6459,60.9125],[24.6347,60.9227]],[[24.6346,60.9227],[24.6315,60.9273]],[[24.6334,60.9245],[24.6316,60.9273]],[[24.6347,60.9227],[24.6334,60.9245]],[[24.6315,60.9274],[24.6241,60.9384]],[[24.6314,60.9274],[24.624,60.9384]],[[24.6315,60.9273],[24.6314,60.9274]],[[24.6316,60.9273],[24.6315,60.9274]],[[24.6994,60.8702],[24.6483,60.9106]],[[24.6993,60.8702],[24.6458,60.9124]],[[24.7078,60.8599],[24.7074,60.8607]],[[24.7077,60.8599],[24.7073,60.8607]],[[24.7062,60.8627],[24.706,60.863]],[[24.7061,60.8627],[24.7059,60.863]],[[24.7074,60.8607],[24.7062,60.8627]],[[24.7073,60.8607],[24.7061,60.8627]],[[24.706,60.863],[24.6994,60.8702]],[[24.7059,60.863],[24.6993,60.8702]],[[24.6483,60.9106],[24.6459,60.9125]],[[24.5773,60.9536],[24.5767,60.9536]],[[24.5773,60.9536],[24.5766,60.9536]],[[24.5922,60.953],[24.5773,60.9536]],[[24.5923,60.953],[24.5773,60.9536]],[[24.5926,60.9529],[24.5922,60.953]],[[24.5926,60.953],[24.5923,60.953]],[[24.3626,61.0523],[24.3596,61.054]],[[24.3651,61.0508],[24.3595,61.054]],[[24.3751,61.0446],[24.3661,61.0501]],[[24.3752,61.0446],[24.3652,61.0508]],[[24.3652,61.0508],[24.3626,61.0523]],[[24.3661,61.0501],[24.3651,61.0508]],[[25.1215,60.8366],[25.1237,60.8372]],[[25.1205,60.8363],[25.1259,60.8377]],[[25.1237,60.8372],[25.1255,60.8376]],[[25.1174,60.8356],[25.1215,60.8366]],[[25.1174,60.8356],[25.1205,60.8363]],[[25.1255,60.8376],[25.132,60.8393]],[[25.1259,60.8377],[25.1321,60.8393]],[[25.1555,60.8452],[25.1811,60.8494]],[[25.1555,60.8452],[25.1811,60.8494]],[[25.1321,60.8393],[25.1447,60.8425]],[[25.132,60.8393],[25.1447,60.8425]],[[25.1518,60.8443],[25.1552,60.8452]],[[25.1518,60.8442],[25.1553,60.8451]],[[25.1447,60.8425],[25.1518,60.8443]],[[25.1447,60.8425],[25.1518,60.8442]],[[25.1552,60.8452],[25.1555,60.8452]],[[25.1555,60.8452],[25.1553,60.8451]],[[24.3686,61.6686],[24.3723,61.6792],[24.3505,61.7004]],[[24.3607,61.6461],[24.3712,61.6517]],[[24.3606,61.6461],[24.3712,61.6517]],[[24.3712,61.6517],[24.3723,61.6522]],[[24.3775,61.6548],[24.382,61.6603],[24.3687,61.6685]],[[24.3737,61.653],[24.3755,61.6538]],[[24.3723,61.6522],[24.3755,61.6538]],[[24.3712,61.6517],[24.3737,61.653]],[[24.3776,61.6548],[24.3811,61.6566]],[[24.3774,61.6548],[24.3775,61.6548]],[[24.3775,61.6548],[24.3776,61.6548]],[[24.3755,61.6538],[24.3775,61.6548]],[[24.3755,61.6538],[24.3774,61.6548]],[[24.3687,61.6685],[24.3686,61.6686]],[[24.4154,61.6585],[24.4336,61.6688]],[[24.3872,61.6584],[24.4047,61.6588]],[[24.3811,61.6566],[24.3866,61.6583]],[[24.3866,61.6583],[24.3872,61.6584]],[[24.4047,61.6588],[24.4089,61.6583]],[[24.4089,61.6583],[24.4154,61.6585]],[[24.4339,61.6689],[24.4689,61.6813],[24.4975,61.6855]],[[24.4336,61.6688],[24.4339,61.6689]],[[25.1816,60.219],[25.1744,60.2164]],[[25.1744,60.2164],[25.1692,60.214]],[[25.1681,60.2134],[25.168,60.2134]],[[25.1684,60.2136],[25.1681,60.2134]],[[25.1692,60.214],[25.1684,60.2136]],[[25.3744,60.3827],[25.3808,60.3782],[25.3886,60.3636],[25.438,60.3285]],[[25.1797,60.2235],[25.1789,60.2238]],[[25.1789,60.2238],[25.1771,60.2245]],[[25.1771,60.2245],[25.1751,60.2251]],[[25.1814,60.2215],[25.1809,60.2226]],[[25.1809,60.2226],[25.1797,60.2235]],[[25.1816,60.219],[25.1814,60.2215]],[[25.223,60.391],[25.2347,60.3859]],[[25.2347,60.3859],[25.2541,60.3831]],[[25.2544,60.3831],[25.2605,60.3828]],[[25.2541,60.3831],[25.2544,60.3831]],[[25.2605,60.3828],[25.2702,60.3821]],[[25.2702,60.3821],[25.2747,60.3815]],[[25.2838,60.3811],[25.3534,60.3912],[25.3744,60.3827]],[[25.2775,60.3811],[25.283,60.381]],[[25.283,60.381],[25.2838,60.3811]],[[25.2747,60.3815],[25.2775,60.3811]],[[25.3744,60.3827],[25.3757,60.3821]],[[25.4676,60.3111],[25.472,60.3093]],[[25.4733,60.3088],[25.4842,60.3051]],[[25.472,60.3093],[25.4733,60.3088]],[[25.4842,60.3051],[25.4856,60.3047]],[[25.4385,60.328],[25.4448,60.3225]],[[25.4457,60.3217],[25.4545,60.3171]],[[25.4448,60.3225],[25.4457,60.3217]],[[25.438,60.3285],[25.4385,60.328]],[[25.4654,60.3121],[25.4669,60.3114]],[[25.4545,60.3171],[25.4598,60.3147]],[[25.4669,60.3114],[25.4676,60.3111]],[[25.4598,60.3147],[25.4654,60.3121]],[[25.3757,60.3821],[25.3951,60.3815],[25.4304,60.3923]],[[25.4314,60.3923],[25.4485,60.3926],[25.4767,60.3993]],[[25.4304,60.3923],[25.431,60.3923]],[[25.4313,60.3923],[25.4314,60.3923]],[[25.431,60.3923],[25.4313,60.3923]],[[25.4797,60.4006],[25.4805,60.4009]],[[25.4767,60.3993],[25.4797,60.4006]],[[25.4866,60.4039],[25.4971,60.407],[25.5488,60.4086]],[[25.4805,60.4009],[25.4864,60.4038]],[[25.4864,60.4038],[25.4866,60.4039]],[[25.554,60.4082],[25.6113,60.407]],[[25.5488,60.4086],[25.5526,60.4084]],[[25.5526,60.4084],[25.5528,60.4083]],[[25.5528,60.4083],[25.554,60.4082]],[[25.6114,60.4069],[25.6346,60.4008]],[[25.6113,60.407],[25.6114,60.4069]],[[25.6374,60.4002],[25.6437,60.398]],[[25.6346,60.4008],[25.6374,60.4002]],[[25.6469,60.3969],[25.6516,60.3963]],[[25.6437,60.398],[25.6469,60.3969]],[[25.6516,60.3963],[25.6526,60.3964]],[[25.1659,60.531],[25.1764,60.542]],[[25.166,60.5309],[25.1765,60.5419]],[[25.1765,60.5419],[25.179,60.5451]],[[25.1789,60.5452],[25.184,60.5531]],[[25.1764,60.542],[25.1789,60.5452]],[[25.179,60.5451],[25.1841,60.5531]],[[25.184,60.5531],[25.196,60.5683]],[[25.1841,60.5531],[25.1961,60.5683]],[[25.196,60.5683],[25.2132,60.5797]],[[25.1961,60.5683],[25.2132,60.5797]],[[25.2168,60.5819],[25.2198,60.5836]],[[25.2162,60.5814],[25.2206,60.584]],[[25.2132,60.5797],[25.2162,60.5814]],[[25.2132,60.5797],[25.2168,60.5819]],[[25.2206,60.584],[25.2233,60.5856]],[[25.2198,60.5836],[25.2233,60.5857]],[[25.2547,60.6071],[25.2736,60.6207]],[[25.2548,60.6071],[25.2737,60.6206]],[[25.2233,60.5856],[25.2379,60.5945]],[[25.2233,60.5857],[25.2379,60.5946]],[[25.2379,60.5946],[25.2494,60.6031]],[[25.2379,60.5945],[25.2495,60.6031]],[[25.2494,60.6031],[25.2509,60.6043]],[[25.2495,60.6031],[25.251,60.6042]],[[25.2509,60.6043],[25.2547,60.6071]],[[25.251,60.6042],[25.2548,60.6071]],[[25.2777,60.6238],[25.2961,60.6383]],[[25.2777,60.6238],[25.2961,60.6383]],[[25.2772,60.6234],[25.2777,60.6238]],[[25.2771,60.6234],[25.2777,60.6238]],[[25.2736,60.6207],[25.2771,60.6234]],[[25.2737,60.6206],[25.2772,60.6234]],[[25.2961,60.6383],[25.3015,60.6425]],[[25.2961,60.6383],[25.3011,60.6422]],[[25.3054,60.6456],[25.3154,60.6535]],[[25.3055,60.6456],[25.3156,60.6535]],[[25.3015,60.6425],[25.3037,60.6443]],[[25.3011,60.6422],[25.3038,60.6443]],[[25.3037,60.6443],[25.3054,60.6456]],[[25.3038,60.6443],[25.3055,60.6456]],[[25.3171,60.6549],[25.3189,60.6562]],[[25.3154,60.6535],[25.3171,60.6549]],[[25.3156,60.6535],[25.3172,60.6548]],[[25.3199,60.6569],[25.324,60.6601]],[[25.3172,60.6548],[25.3199,60.6569]],[[25.3189,60.6562],[25.3239,60.6601]],[[25.3428,60.6714],[25.3646,60.6816]],[[25.3429,60.6713],[25.3646,60.6816]],[[25.3239,60.6601],[25.3428,60.6714]],[[25.324,60.6601],[25.3429,60.6713]],[[25.3728,60.6846],[25.3996,60.6973]],[[25.3727,60.6846],[25.3995,60.6974]],[[25.3646,60.6816],[25.372,60.6843]],[[25.3646,60.6816],[25.372,60.6843]],[[25.372,60.6843],[25.3727,60.6846]],[[25.372,60.6843],[25.3728,60.6846]],[[25.3995,60.6974],[25.4066,60.7025]],[[25.3996,60.6973],[25.4067,60.7024]],[[25.4067,60.7024],[25.4073,60.7028]],[[25.4066,60.7025],[25.4072,60.7029]],[[25.4072,60.7029],[25.4158,60.7083]],[[25.4073,60.7028],[25.4159,60.7083]],[[25.4158,60.7083],[25.4181,60.7098]],[[25.4159,60.7083],[25.419,60.7102]],[[25.419,60.7102],[25.4218,60.712]],[[25.4181,60.7098],[25.4227,60.7126]],[[25.4256,60.7144],[25.4362,60.7219]],[[25.4257,60.7143],[25.4362,60.7219]],[[25.4218,60.712],[25.4257,60.7143]],[[25.4227,60.7126],[25.4256,60.7144]],[[25.4362,60.7219],[25.445,60.7324]],[[25.4362,60.7219],[25.4449,60.7324]],[[25.4493,60.7388],[25.4598,60.7578]],[[25.4493,60.7388],[25.4599,60.7578]],[[25.445,60.7324],[25.4458,60.7335]],[[25.4449,60.7324],[25.4457,60.7335]],[[25.4458,60.7335],[25.4483,60.7372]],[[25.4457,60.7335],[25.4482,60.7372]],[[25.4491,60.7384],[25.4493,60.7388]],[[25.449,60.7384],[25.4493,60.7388]],[[25.4482,60.7372],[25.449,60.7384]],[[25.4483,60.7372],[25.4491,60.7384]],[[25.4598,60.7578],[25.4691,60.7706]],[[25.4599,60.7578],[25.4692,60.7706]],[[25.4692,60.7706],[25.4696,60.771]],[[25.471,60.7726],[25.4716,60.7733]],[[25.4696,60.771],[25.471,60.7726]],[[25.4691,60.7706],[25.4695,60.7711]],[[25.4709,60.7727],[25.4715,60.7734]],[[25.4695,60.7711],[25.4709,60.7727]],[[25.4747,60.7772],[25.4848,60.7891]],[[25.4748,60.7772],[25.4848,60.7891]],[[25.4715,60.7734],[25.4747,60.7772]],[[25.4716,60.7733],[25.4748,60.7772]],[[25.4888,60.7934],[25.4901,60.7947]],[[25.4889,60.7934],[25.4902,60.7947]],[[25.4848,60.7891],[25.4889,60.7934]],[[25.4848,60.7891],[25.4888,60.7934]],[[25.4902,60.7947],[25.4983,60.8031]],[[25.4901,60.7947],[25.4982,60.8031]],[[25.5018,60.8068],[25.504,60.8091]],[[25.5019,60.8067],[25.5041,60.8091]],[[25.4996,60.8044],[25.5019,60.8067]],[[25.4995,60.8044],[25.5018,60.8068]],[[25.4982,60.8031],[25.4995,60.8044]],[[25.4983,60.8031],[25.4996,60.8044]],[[25.5041,60.8091],[25.5127,60.8225]],[[25.504,60.8091],[25.5126,60.8225]],[[25.5144,60.8285],[25.5159,60.8387]],[[25.5143,60.8285],[25.5158,60.8387]],[[25.5127,60.8225],[25.5144,60.8282]],[[25.5126,60.8225],[25.5143,60.8282]],[[25.5144,60.8282],[25.5144,60.8285]],[[25.5143,60.8282],[25.5143,60.8285]],[[25.9928,60.657],[25.9981,60.6544],[26.0039,60.6412],[26.0265,60.6178],[26.0654,60.6102],[26.0835,60.5984]],[[25.7062,60.9408],[25.711,60.9362],[25.7159,60.917],[25.7239,60.9026],[25.7277,60.8842],[25.7387,60.8648],[25.7329,60.845],[25.7416,60.8362],[25.7469,60.8212]],[[25.7565,60.8037],[25.7656,60.8015],[25.778,60.7932],[25.779,60.7834],[25.8128,60.763],[25.8533,60.7525]],[[25.7489,60.8138],[25.7516,60.8066]],[[25.7539,60.8045],[25.7565,60.8037]],[[25.7516,60.8066],[25.7518,60.8063]],[[25.7535,60.8047],[25.7539,60.8045]],[[25.752,60.8059],[25.7535,60.8047]],[[25.7518,60.8063],[25.752,60.8059]],[[25.7469,60.8212],[25.7489,60.8138]],[[25.8593,60.7505],[25.8684,60.7448],[25.8736,60.7323],[25.9007,60.7234],[25.9299,60.7088],[25.9424,60.6998],[25.9429,60.6884],[25.976,60.6616],[25.9921,60.6572]],[[25.9921,60.6572],[25.9928,60.657]],[[25.8533,60.7525],[25.8576,60.7515]],[[25.8578,60.7514],[25.8593,60.7505]],[[25.8576,60.7515],[25.8578,60.7514]],[[26.2122,60.4605],[26.2224,60.4523],[26.2281,60.4387],[26.248,60.4231]],[[26.2075,60.4646],[26.2083,60.4639]],[[26.203,60.4707],[26.2075,60.4646]],[[26.2083,60.4639],[26.2122,60.4605]],[[26.1601,60.5658],[26.192,60.5133],[26.1909,60.4913],[26.203,60.4707]],[[26.0869,60.5974],[26.1011,60.5963],[26.1123,60.6004],[26.1226,60.6002]],[[26.0835,60.5984],[26.0869,60.5974]],[[26.1335,60.5977],[26.1416,60.5931],[26.1601,60.5658]],[[26.1327,60.5979],[26.1335,60.5977]],[[26.1226,60.6002],[26.1327,60.5979]],[[26.2475,60.4192],[26.2503,60.416]],[[26.2479,60.4224],[26.2475,60.4192]],[[26.248,60.4231],[26.2479,60.4224]],[[26.8244,60.7232],[26.8269,60.7049],[26.8396,60.6966]],[[26.8274,60.704],[26.8316,60.7012]],[[26.8421,60.6951],[26.8424,60.6949]],[[26.8422,60.6951],[26.8424,60.695]],[[26.8424,60.695],[26.8434,60.6944]],[[26.8424,60.6949],[26.8478,60.6897]],[[26.8434,60.6944],[26.8478,60.6897]],[[26.8395,60.6966],[26.8421,60.6951]],[[26.8316,60.7012],[26.8395,60.6966]],[[26.8396,60.6966],[26.8422,60.6951]],[[26.8263,60.707],[26.8274,60.704]],[[26.8244,60.7232],[26.8263,60.707]],[[26.8223,60.7402],[26.8244,60.7232]],[[26.8223,60.7402],[26.8244,60.7232]],[[26.8244,60.7232],[26.8244,60.7232]],[[26.8244,60.7232],[26.8244,60.7232]],[[26.7567,60.8088],[26.7593,60.8028],[26.7736,60.7916],[26.7816,60.7769]],[[26.7568,60.8088],[26.7594,60.8028],[26.7737,60.7916],[26.7817,60.7769]],[[26.7849,60.7725],[26.7956,60.7626]],[[26.7849,60.7726],[26.7962,60.7623]],[[26.7846,60.7728],[26.7849,60.7725]],[[26.7847,60.7728],[26.7849,60.7726]],[[26.7824,60.7753],[26.7846,60.7728]],[[26.7825,60.7753],[26.7847,60.7728]],[[26.7816,60.7769],[26.7817,60.7767]],[[26.7823,60.7755],[26.7824,60.7753]],[[26.7817,60.7767],[26.7823,60.7755]],[[26.7817,60.7769],[26.7818,60.7767]],[[26.7818,60.7767],[26.7824,60.7756]],[[26.7824,60.7756],[26.7825,60.7753]],[[26.7956,60.7626],[26.8138,60.7537]],[[26.7962,60.7623],[26.8139,60.7538]],[[26.8141,60.7536],[26.8181,60.7501]],[[26.8141,60.7537],[26.8182,60.7501]],[[26.8138,60.7537],[26.8141,60.7536]],[[26.8139,60.7538],[26.8141,60.7537]],[[26.8217,60.7438],[26.8223,60.7402]],[[26.8218,60.7438],[26.8223,60.7402]],[[26.8184,60.7497],[26.8217,60.7438]],[[26.8184,60.7497],[26.8218,60.7438]],[[26.8181,60.7501],[26.8184,60.7497]],[[26.8182,60.7501],[26.8184,60.7497]],[[26.7567,60.809],[26.7567,60.8088]],[[26.7568,60.809],[26.7568,60.8088]],[[26.7566,60.8282],[26.7567,60.809]],[[26.7567,60.8282],[26.7568,60.809]],[[26.7594,60.8403],[26.7567,60.8284]],[[26.7595,60.8403],[26.7567,60.8284]],[[26.7567,60.8284],[26.7566,60.8282]],[[26.7567,60.8284],[26.7567,60.8282]],[[25.1939,60.8502],[25.2334,60.8599]],[[25.1939,60.8502],[25.2334,60.8598]],[[25.1811,60.8494],[25.1819,60.8495]],[[25.1811,60.8494],[25.1819,60.8494]],[[25.1819,60.8495],[25.1939,60.8502]],[[25.1819,60.8494],[25.1939,60.8502]],[[25.2334,60.8598],[25.2401,60.8613]],[[25.2334,60.8599],[25.24,60.8613]],[[25.24,60.8613],[25.2546,60.8639]],[[25.2401,60.8613],[25.2546,60.8638]],[[25.2546,60.8639],[25.2556,60.864]],[[25.2556,60.864],[25.2546,60.8638]],[[25.2556,60.864],[25.2568,60.8643]],[[25.2569,60.8642],[25.2556,60.864]],[[25.2568,60.8643],[25.2603,60.8649]],[[25.2569,60.8642],[25.2615,60.865]],[[25.2603,60.8649],[25.2639,60.8655]],[[25.2669,60.866],[25.2653,60.8657]],[[25.2639,60.8655],[25.278,60.8681]],[[25.278,60.8681],[25.2669,60.866]],[[25.2615,60.865],[25.2653,60.8657]],[[25.3195,60.8775],[25.3466,60.8845]],[[25.3195,60.8774],[25.3467,60.8845]],[[25.2784,60.8682],[25.2842,60.8701]],[[25.283,60.8697],[25.2844,60.8702]],[[25.278,60.8681],[25.2784,60.8682]],[[25.2784,60.8681],[25.2812,60.869]],[[25.2784,60.8681],[25.278,60.8681]],[[25.2812,60.869],[25.2823,60.8694]],[[25.2823,60.8694],[25.283,60.8697]],[[25.2876,60.8713],[25.2961,60.874]],[[25.2869,60.871],[25.2961,60.874]],[[25.2844,60.8702],[25.2869,60.871]],[[25.2842,60.8701],[25.2876,60.8713]],[[25.2961,60.874],[25.3087,60.8759]],[[25.2961,60.874],[25.3087,60.8759]],[[25.3087,60.8759],[25.3175,60.8772]],[[25.3087,60.8759],[25.3176,60.8772]],[[25.3193,60.8774],[25.3195,60.8775]],[[25.3195,60.8774],[25.3193,60.8774]],[[25.3175,60.8772],[25.3193,60.8774]],[[25.3176,60.8772],[25.3193,60.8774]],[[25.3474,60.8849],[25.3563,60.8884]],[[25.3475,60.8848],[25.3564,60.8884]],[[25.3466,60.8845],[25.3474,60.8849]],[[25.3467,60.8845],[25.3475,60.8848]],[[25.3563,60.8884],[25.3873,60.8937]],[[25.3564,60.8884],[25.3873,60.8937]],[[25.4117,60.8902],[25.4374,60.8872]],[[25.4117,60.8901],[25.4375,60.8872]],[[25.3873,60.8937],[25.4117,60.8902]],[[25.3873,60.8937],[25.4117,60.8901]],[[25.4374,60.8872],[25.4594,60.8911]],[[25.4375,60.8872],[25.4594,60.8911]],[[25.4594,60.8911],[25.4715,60.8952]],[[25.4594,60.8911],[25.4714,60.8952]],[[25.4719,60.8954],[25.4769,60.8975]],[[25.4719,60.8954],[25.4769,60.8975]],[[25.4769,60.8975],[25.4857,60.9017]],[[25.4769,60.8975],[25.4856,60.9017]],[[25.4714,60.8952],[25.4719,60.8954]],[[25.4715,60.8952],[25.4719,60.8954]],[[25.5175,60.8527],[25.5097,60.8844]],[[25.5174,60.8527],[25.5096,60.8844]],[[25.5161,60.841],[25.5174,60.8527]],[[25.5162,60.841],[25.5175,60.8527]],[[25.5158,60.8387],[25.516,60.8407]],[[25.5159,60.8387],[25.5161,60.8407]],[[25.5161,60.8407],[25.5162,60.841]],[[25.516,60.8407],[25.5161,60.841]],[[25.5096,60.8848],[25.5079,60.8897]],[[25.5095,60.8848],[25.5078,60.8897]],[[25.5097,60.8844],[25.5096,60.8848]],[[25.5096,60.8844],[25.5095,60.8848]],[[25.5078,60.8897],[25.505,60.9006]],[[25.5079,60.8897],[25.5051,60.9006]],[[25.4857,60.9017],[25.491,60.9057]],[[25.4856,60.9017],[25.4903,60.9052]],[[25.4921,60.9067],[25.4938,60.9082]],[[25.4903,60.9052],[25.4921,60.9067]],[[25.491,60.9057],[25.4962,60.9102]],[[25.505,60.9006],[25.5051,60.9127],[25.5087,60.9199]],[[25.5051,60.9006],[25.5052,60.9127],[25.5088,60.9199]],[[25.4962,60.9102],[25.5094,60.9217]],[[25.4962,60.9102],[25.5038,60.9168]],[[25.4938,60.9082],[25.4962,60.9102]],[[25.5065,60.9191],[25.5118,60.9235]],[[25.5038,60.9168],[25.5065,60.9191]],[[25.511,60.9231],[25.5157,60.9273]],[[25.5129,60.9244],[25.5141,60.9256]],[[25.5106,60.922],[25.5152,60.9266]],[[25.5094,60.9217],[25.511,60.9231]],[[25.5118,60.9235],[25.5129,60.9244]],[[25.509,60.9203],[25.5112,60.9227]],[[25.5091,60.9203],[25.5106,60.922]],[[25.5112,60.9227],[25.5129,60.9244]],[[25.5088,60.9199],[25.5091,60.9203]],[[25.5087,60.9199],[25.509,60.9203]],[[25.5152,60.9266],[25.5178,60.9293]],[[25.5178,60.9293],[25.5181,60.9296]],[[25.5177,60.9293],[25.518,60.9296]],[[25.5141,60.9256],[25.5152,60.9266]],[[25.5157,60.9273],[25.5177,60.9293]],[[25.5189,60.9304],[25.519,60.9306]],[[25.519,60.9304],[25.5191,60.9306]],[[25.5181,60.9296],[25.519,60.9304]],[[25.518,60.9296],[25.5189,60.9304]],[[25.5141,60.9256],[25.5157,60.9273]],[[25.519,60.9306],[25.5192,60.9308]],[[25.5191,60.9306],[25.5193,60.9308]],[[25.5192,60.9308],[25.5299,60.9401]],[[25.5193,60.9308],[25.53,60.9401]],[[25.5299,60.9401],[25.5537,60.9594]],[[25.53,60.9401],[25.5538,60.9594]],[[25.5538,60.9594],[25.562,60.9628]],[[25.5537,60.9594],[25.562,60.9628]],[[25.562,60.9628],[25.5814,60.965]],[[25.562,60.9628],[25.5814,60.9649]],[[25.5814,60.9649],[25.5823,60.965]],[[25.5814,60.965],[25.5823,60.965]],[[25.5823,60.965],[25.5971,60.9658]],[[25.5823,60.965],[25.5971,60.9657]],[[25.5971,60.9658],[25.6029,60.9663]],[[25.5971,60.9657],[25.6029,60.9662]],[[25.6105,60.9682],[25.6112,60.9685]],[[25.6105,60.9683],[25.6112,60.9685]],[[25.6029,60.9662],[25.6105,60.9682]],[[25.6029,60.9663],[25.6105,60.9683]],[[25.6112,60.9685],[25.6132,60.9693]],[[25.6112,60.9685],[25.6152,60.9702]],[[25.6149,60.97],[25.6155,60.9703]],[[25.6152,60.9702],[25.6175,60.9711]],[[25.6132,60.9693],[25.6149,60.97]],[[25.6235,60.9735],[25.6259,60.9745]],[[25.6175,60.9711],[25.6201,60.9722]],[[25.6155,60.9703],[25.6188,60.9716]],[[25.6201,60.9722],[25.6267,60.9749]],[[25.6188,60.9716],[25.6235,60.9735]],[[25.6289,60.9756],[25.6351,60.9769]],[[25.6288,60.9756],[25.6379,60.9771]],[[25.6267,60.9749],[25.6379,60.9771]],[[25.6362,60.977],[25.6494,60.9765]],[[25.6268,60.9748],[25.6281,60.9753]],[[25.6281,60.9753],[25.6289,60.9756]],[[25.6259,60.9745],[25.6268,60.9748]],[[25.6268,60.9748],[25.6288,60.9756]],[[25.6351,60.9769],[25.6357,60.977]],[[25.6357,60.977],[25.6362,60.977]],[[25.6473,60.9766],[25.6523,60.9764]],[[25.6504,60.9765],[25.6553,60.9765]],[[25.6434,60.9768],[25.6445,60.9767]],[[25.6504,60.9765],[25.6522,60.9765]],[[25.644,60.9767],[25.6444,60.9767]],[[25.6494,60.9765],[25.6531,60.9763]],[[25.6379,60.9771],[25.6419,60.9769]],[[25.6379,60.9771],[25.6419,60.9768]],[[25.6419,60.9769],[25.6434,60.9768]],[[25.6419,60.9768],[25.644,60.9767]],[[25.6444,60.9767],[25.647,60.9766]],[[25.6445,60.9767],[25.6454,60.9767]],[[25.6473,60.9766],[25.6504,60.9765]],[[25.6459,60.9767],[25.6473,60.9766]],[[25.647,60.9766],[25.6473,60.9766]],[[25.6454,60.9767],[25.6459,60.9767]],[[25.6635,60.9761],[25.6666,60.9759]],[[25.6635,60.9762],[25.6645,60.9761]],[[25.6553,60.9764],[25.6603,60.9763]],[[25.6553,60.9764],[25.6617,60.9762]],[[25.6552,60.9763],[25.6602,60.9761]],[[25.6553,60.9765],[25.6603,60.9764]],[[25.6635,60.9763],[25.6641,60.9762]],[[25.6602,60.9761],[25.6644,60.976]],[[25.6548,60.9763],[25.6528,60.9764]],[[25.6522,60.9765],[25.6531,60.9764]],[[25.6548,60.9763],[25.6552,60.9763]],[[25.6528,60.9764],[25.6553,60.9764]],[[25.6553,60.9764],[25.6535,60.9764]],[[25.6531,60.9764],[25.6535,60.9764]],[[25.6523,60.9764],[25.6528,60.9764]],[[25.6531,60.9763],[25.6548,60.9763]],[[25.6622,60.9762],[25.6635,60.9761]],[[25.6635,60.9762],[25.6618,60.9762]],[[25.6603,60.9763],[25.6618,60.9762]],[[25.6603,60.9764],[25.6635,60.9763]],[[25.6617,60.9762],[25.6622,60.9762]],[[25.674,60.9755],[25.6785,60.9752]],[[25.6747,60.9754],[25.681,60.9748]],[[25.6714,60.9758],[25.6785,60.9752]],[[25.6703,60.9757],[25.6721,60.9756]],[[25.6703,60.9758],[25.6785,60.9752]],[[25.6687,60.976],[25.6706,60.9759]],[[25.6641,60.9762],[25.6663,60.9761]],[[25.6663,60.9761],[25.6692,60.9759]],[[25.6663,60.9761],[25.6669,60.9761]],[[25.6654,60.9759],[25.6666,60.9759]],[[25.6666,60.9759],[25.667,60.9758]],[[25.6644,60.976],[25.6654,60.9759]],[[25.6669,60.9761],[25.6687,60.976]],[[25.6692,60.9759],[25.6703,60.9758]],[[25.667,60.9758],[25.6703,60.9757]],[[25.6645,60.9761],[25.6663,60.9761]],[[25.6641,60.9762],[25.6663,60.9761]],[[25.6706,60.9759],[25.6714,60.9758]],[[25.6721,60.9756],[25.674,60.9755]],[[25.6721,60.9756],[25.6747,60.9754]],[[25.6785,60.9752],[25.6871,60.9739]],[[25.6896,60.9735],[25.6936,60.9728]],[[25.6871,60.9739],[25.6902,60.9733]],[[25.6785,60.9752],[25.6871,60.9739]],[[25.6785,60.9752],[25.687,60.9738]],[[25.681,60.9748],[25.6937,60.9725]],[[25.6884,60.9736],[25.6953,60.9724]],[[25.6871,60.9739],[25.6896,60.9735]],[[25.687,60.9738],[25.6884,60.9736]],[[25.703,60.9549],[25.7036,60.9511]],[[25.702,60.9713],[25.7182,60.9664]],[[25.702,60.9714],[25.7182,60.9665]],[[25.7036,60.9511],[25.7062,60.9408]],[[25.7029,60.9554],[25.703,60.9549]],[[25.6999,60.9692],[25.7018,60.9626]],[[25.7018,60.9626],[25.7029,60.9554]],[[25.728,60.9637],[25.7424,60.96]],[[25.7281,60.9638],[25.7424,60.96]],[[25.722,60.9653],[25.728,60.9637]],[[25.7221,60.9653],[25.7281,60.9638]],[[25.7424,60.96],[25.7476,60.9586]],[[25.7424,60.96],[25.7476,60.9586]],[[25.6996,60.9696],[25.6999,60.9692]],[[25.7026,60.9721],[25.7052,60.9721]],[[25.6959,60.9718],[25.6996,60.9696]],[[25.6941,60.9727],[25.702,60.9714]],[[25.6953,60.9724],[25.702,60.9713]],[[25.6956,60.9726],[25.7026,60.9721]],[[25.6902,60.9733],[25.6923,60.973]],[[25.6936,60.9728],[25.6956,60.9726]],[[25.6923,60.973],[25.6941,60.9727]],[[25.6937,60.9725],[25.6959,60.9718]],[[25.7054,60.9721],[25.715,60.9745]],[[25.7162,60.9754],[25.718,60.9768]],[[25.7052,60.9721],[25.7054,60.9721]],[[25.715,60.9745],[25.7154,60.9747]],[[25.7154,60.9747],[25.7162,60.9754]],[[25.7154,60.9747],[25.7162,60.9755]],[[25.7162,60.9755],[25.7163,60.9755]],[[25.7182,60.9665],[25.7221,60.9653]],[[25.7182,60.9664],[25.722,60.9653]],[[25.718,60.9768],[25.7212,60.9786]],[[25.7212,60.9786],[25.7333,60.9844]],[[25.7334,60.9847],[25.7453,60.9915]],[[25.7333,60.9844],[25.7334,60.9847]],[[25.7687,60.9538],[25.7843,60.9505]],[[25.7687,60.9537],[25.7842,60.9505]],[[25.7485,60.9584],[25.7577,60.9561]],[[25.7485,60.9584],[25.7577,60.9561]],[[25.7476,60.9586],[25.7485,60.9584]],[[25.7476,60.9586],[25.7485,60.9584]],[[25.7577,60.9561],[25.7687,60.9537]],[[25.7577,60.9561],[25.7687,60.9538]],[[25.7843,60.9505],[25.7898,60.9493]],[[25.7842,60.9505],[25.7897,60.9493]],[[25.7897,60.9493],[25.8049,60.9472]],[[25.7898,60.9493],[25.8049,60.9472]],[[25.7453,60.9915],[25.7487,60.9923]],[[25.7487,60.9923],[25.7655,60.9927]],[[25.7666,60.9928],[25.7749,60.9946],[25.7861,61.0023]],[[25.7864,61.0026],[25.7971,61.0096],[25.8223,61.0153],[25.826,61.0275],[25.8455,61.039],[25.8422,61.0483],[25.8451,61.0577]],[[25.7655,60.9927],[25.7659,60.9928]],[[25.7659,60.9928],[25.7666,60.9928]],[[25.7861,61.0023],[25.7864,61.0026]],[[25.9263,60.9387],[25.9365,60.9352]],[[25.9264,60.9388],[25.9365,60.9352]],[[25.9367,60.9352],[25.9427,60.9334]],[[25.9366,60.9352],[25.9427,60.9334]],[[25.9365,60.9352],[25.9366,60.9352]],[[25.9365,60.9352],[25.9367,60.9352]],[[25.9427,60.9334],[25.9571,60.9308]],[[25.9427,60.9334],[25.9572,60.9308]],[[25.9571,60.9308],[25.9695,60.9297]],[[25.9572,60.9308],[25.9695,60.9298]],[[25.9756,60.9292],[25.9814,60.9287]],[[25.9695,60.9298],[25.9756,60.9292]],[[25.9695,60.9297],[25.9756,60.9292]],[[25.9756,60.9292],[25.9827,60.9286]],[[25.9826,60.9286],[25.9844,60.9284]],[[25.9814,60.9287],[25.9826,60.9286]],[[25.9827,60.9286],[25.9849,60.9284]],[[25.9882,60.9281],[25.9957,60.9276]],[[25.9849,60.9284],[25.9908,60.9279]],[[25.9908,60.9279],[25.9954,60.9277]],[[25.9844,60.9284],[25.9882,60.9281]],[[25.9957,60.9276],[25.9973,60.9276]],[[25.9954,60.9277],[25.9972,60.9276]],[[25.9973,60.9276],[26.0152,60.9278]],[[25.9972,60.9276],[26.0152,60.9278]],[[25.8054,60.9472],[25.8148,60.9469]],[[25.8055,60.9472],[25.8148,60.9469]],[[25.8049,60.9472],[25.8054,60.9472]],[[25.8049,60.9472],[25.8055,60.9472]],[[25.8181,60.9468],[25.8302,60.9465]],[[25.8181,60.9468],[25.8317,60.9464]],[[25.8148,60.9469],[25.8181,60.9468]],[[25.8148,60.9469],[25.8181,60.9468]],[[25.8317,60.9464],[25.8358,60.9463]],[[25.8302,60.9465],[25.8373,60.9463]],[[25.8358,60.9463],[25.8471,60.9461]],[[25.8373,60.9463],[25.8471,60.9461]],[[25.8471,60.9461],[25.8575,60.9457]],[[25.8471,60.9461],[25.8575,60.9457]],[[25.8582,60.9457],[25.8634,60.9453]],[[25.8582,60.9456],[25.8634,60.9452]],[[25.8788,60.9441],[25.9024,60.9424]],[[25.8788,60.9441],[25.9024,60.9423]],[[25.8575,60.9457],[25.8582,60.9456]],[[25.8575,60.9457],[25.8582,60.9457]],[[25.8634,60.9452],[25.8788,60.9441]],[[25.8634,60.9453],[25.8788,60.9441]],[[25.9117,60.9416],[25.9201,60.9405]],[[25.9117,60.9416],[25.9202,60.9406]],[[25.9024,60.9424],[25.9117,60.9416]],[[25.9024,60.9423],[25.9117,60.9416]],[[25.9201,60.9405],[25.9263,60.9387]],[[25.9202,60.9406],[25.9264,60.9388]],[[25.8452,61.0579],[25.8514,61.0634],[25.8992,61.0853],[25.905,61.0976],[25.9286,61.1014]],[[25.8451,61.0577],[25.8452,61.0579]],[[25.9286,61.1014],[25.9393,61.1027]],[[25.9393,61.1027],[25.953,61.108]],[[25.953,61.108],[25.9572,61.118]],[[25.9572,61.118],[25.963,61.125]],[[25.963,61.125],[25.9776,61.1395]],[[25.9776,61.1395],[25.984,61.1522]],[[25.984,61.1522],[25.9841,61.1524]],[[25.9841,61.1524],[25.986,61.1563]],[[25.9879,61.1601],[25.9906,61.1653]],[[25.986,61.1563],[25.9866,61.1575]],[[25.9866,61.1575],[25.9879,61.1601]],[[25.9906,61.1653],[25.9966,61.1819]],[[25.9981,61.183],[26.0024,61.19],[26.0105,61.193]],[[25.9966,61.1819],[25.9981,61.183]],[[26.0152,60.9278],[26.0202,60.9279]],[[26.0152,60.9278],[26.0248,60.928]],[[26.0213,60.9279],[26.0233,60.928]],[[26.0233,60.928],[26.0243,60.928]],[[26.0202,60.9279],[26.0213,60.9279]],[[26.0248,60.928],[26.0257,60.928]],[[26.0248,60.928],[26.0286,60.9281]],[[26.0286,60.9281],[26.0354,60.9283]],[[26.0257,60.928],[26.0375,60.9281]],[[26.0243,60.928],[26.0248,60.928]],[[26.0375,60.9281],[26.0464,60.9277]],[[26.0375,60.9281],[26.0464,60.9276]],[[26.0354,60.9283],[26.0375,60.9281]],[[26.0533,60.928],[26.0562,60.9283]],[[26.0562,60.9283],[26.0607,60.9287]],[[26.0545,60.9281],[26.0575,60.9284]],[[26.0464,60.9277],[26.0533,60.928]],[[26.0464,60.9276],[26.0545,60.9281]],[[26.0671,60.9293],[26.0834,60.9292]],[[26.0904,60.928],[26.114,60.9252]],[[26.0903,60.928],[26.114,60.9251]],[[26.0671,60.9292],[26.0834,60.9292]],[[26.0575,60.9284],[26.0607,60.9286]],[[26.0607,60.9286],[26.0671,60.9292]],[[26.0607,60.9287],[26.0671,60.9293]],[[26.0834,60.9292],[26.0903,60.928]],[[26.0834,60.9292],[26.0904,60.928]],[[26.1184,60.925],[26.1552,60.9206]],[[26.1184,60.925],[26.1552,60.9206]],[[26.1161,60.9251],[26.1169,60.9251]],[[26.114,60.9252],[26.1161,60.9251]],[[26.114,60.9251],[26.1161,60.9251]],[[26.1161,60.9251],[26.1169,60.9251]],[[26.1169,60.9251],[26.1184,60.925]],[[26.1169,60.9251],[26.1184,60.925]],[[26.1552,60.9206],[26.1577,60.9201]],[[26.1552,60.9206],[26.1577,60.9201]],[[26.1577,60.9201],[26.1645,60.9179]],[[26.1577,60.9201],[26.1645,60.9179]],[[26.1645,60.9179],[26.1798,60.9162]],[[26.1645,60.9179],[26.1788,60.9162]],[[26.1788,60.9162],[26.1797,60.9163]],[[26.187,60.9164],[26.1878,60.9164]],[[26.187,60.9165],[26.1871,60.9165]],[[26.1871,60.9165],[26.1878,60.9165]],[[26.1861,60.9164],[26.187,60.9164]],[[26.1878,60.9164],[26.2005,60.9161]],[[26.1797,60.9163],[26.187,60.9165]],[[26.1878,60.9165],[26.2005,60.9162]],[[26.1798,60.9162],[26.1861,60.9164]],[[26.2005,60.9161],[26.2074,60.915]],[[26.2005,60.9162],[26.2074,60.915]],[[26.2074,60.915],[26.2156,60.9135]],[[26.2074,60.915],[26.2156,60.9135]],[[26.2369,60.9019],[26.246,60.8943],[26.2615,60.8908]],[[26.237,60.902],[26.246,60.8943],[26.2615,60.8908]],[[26.2615,60.8908],[26.2851,60.8898]],[[26.2615,60.8908],[26.2851,60.8899]],[[26.2164,60.9133],[26.2356,60.9039]],[[26.2164,60.9133],[26.2357,60.9039]],[[26.2357,60.9039],[26.237,60.902]],[[26.2356,60.9039],[26.2369,60.9019]],[[26.2156,60.9135],[26.2164,60.9133]],[[26.2156,60.9135],[26.2164,60.9133]],[[26.3026,60.8878],[26.3227,60.8862]],[[26.3026,60.8878],[26.3228,60.8863]],[[26.2851,60.8898],[26.2921,60.889]],[[26.2851,60.8899],[26.2921,60.889]],[[26.2921,60.889],[26.3026,60.8878]],[[26.2921,60.889],[26.3026,60.8878]],[[26.3228,60.8863],[26.3387,60.8841]],[[26.3227,60.8862],[26.3387,60.8841]],[[26.3391,60.8841],[26.3468,60.883]],[[26.3387,60.8841],[26.3391,60.8841]],[[26.3387,60.8841],[26.3391,60.8841]],[[26.3391,60.8841],[26.3469,60.883]],[[26.3567,60.8817],[26.3634,60.8808]],[[26.3469,60.883],[26.3567,60.8817]],[[26.3566,60.8817],[26.3634,60.8808]],[[26.3468,60.883],[26.3566,60.8817]],[[26.3634,60.8808],[26.3683,60.8801]],[[26.3634,60.8808],[26.367,60.8803]],[[26.3683,60.8801],[26.3735,60.8794]],[[26.367,60.8803],[26.3736,60.8794]],[[26.3783,60.8788],[26.4019,60.8753]],[[26.376,60.8791],[26.4019,60.8753]],[[26.3735,60.8794],[26.3752,60.8792]],[[26.3736,60.8794],[26.376,60.8791]],[[26.3752,60.8792],[26.3783,60.8788]],[[26.4087,60.8741],[26.4156,60.8729]],[[26.4087,60.8741],[26.4156,60.8729]],[[26.4156,60.8729],[26.4314,60.8702]],[[26.4156,60.8729],[26.4314,60.8702]],[[26.4019,60.8753],[26.4023,60.8752]],[[26.4023,60.8752],[26.4025,60.8752]],[[26.4023,60.8752],[26.4025,60.8752]],[[26.4019,60.8753],[26.4023,60.8752]],[[26.4025,60.8752],[26.4087,60.8741]],[[26.4025,60.8752],[26.4087,60.8741]],[[26.0105,61.193],[26.0184,61.195]],[[26.0291,61.1973],[26.0348,61.1988]],[[26.019,61.1952],[26.0291,61.1973]],[[26.0184,61.195],[26.019,61.1952]],[[26.042,61.2007],[26.0521,61.2057]],[[26.0348,61.1988],[26.042,61.2007]],[[26.4744,60.8629],[26.4975,60.8598]],[[26.4744,60.8629],[26.4975,60.8598]],[[26.4347,60.8696],[26.4541,60.8663]],[[26.4347,60.8697],[26.4542,60.8663]],[[26.4316,60.8702],[26.4347,60.8696]],[[26.4314,60.8702],[26.4316,60.8702]],[[26.4316,60.8702],[26.4347,60.8697]],[[26.4314,60.8702],[26.4316,60.8702]],[[26.4541,60.8663],[26.4724,60.8632]],[[26.4542,60.8663],[26.4724,60.8632]],[[26.4724,60.8632],[26.4744,60.8629]],[[26.4724,60.8632],[26.4744,60.8629]],[[26.4975,60.8598],[26.5104,60.8554]],[[26.4975,60.8598],[26.5104,60.8554]],[[26.5269,60.8496],[26.541,60.8461]],[[26.5269,60.8496],[26.541,60.8462]],[[26.5104,60.8554],[26.517,60.8531]],[[26.5104,60.8554],[26.5162,60.8534]],[[26.517,60.8531],[26.521,60.8516]],[[26.5162,60.8534],[26.5219,60.8514]],[[26.5219,60.8514],[26.5269,60.8496]],[[26.521,60.8516],[26.5269,60.8496]],[[26.5417,60.8461],[26.5517,60.8454]],[[26.5416,60.846],[26.5517,60.8453]],[[26.5517,60.8453],[26.5779,60.8436]],[[26.5517,60.8454],[26.5779,60.8437]],[[26.5809,60.8435],[26.5975,60.8456]],[[26.5809,60.8434],[26.5976,60.8456]],[[26.541,60.8462],[26.5417,60.8461]],[[26.541,60.8461],[26.5416,60.846]],[[26.5779,60.8437],[26.5809,60.8435]],[[26.5779,60.8436],[26.5809,60.8434]],[[26.6006,60.8468],[26.6061,60.849]],[[26.6005,60.8468],[26.606,60.849]],[[26.6,60.8466],[26.6006,60.8468]],[[26.5975,60.8456],[26.6,60.8466]],[[26.6,60.8466],[26.6005,60.8468]],[[26.5976,60.8456],[26.6,60.8466]],[[26.6061,60.849],[26.6103,60.8507]],[[26.606,60.849],[26.6102,60.8507]],[[26.6171,60.8541],[26.6321,60.8584]],[[26.6153,60.8532],[26.6171,60.8541]],[[26.6102,60.8507],[26.6153,60.8532]],[[26.6153,60.8532],[26.6171,60.8541]],[[26.6171,60.8541],[26.6321,60.8584]],[[26.6103,60.8507],[26.6153,60.8532]],[[26.6321,60.8584],[26.6403,60.8593]],[[26.6321,60.8584],[26.6404,60.8593]],[[26.64,60.9357],[26.6282,60.9394]],[[26.6282,60.9394],[26.6183,60.9393]],[[26.687,60.8644],[26.6724,60.8637]],[[26.6963,60.8847],[26.7038,60.8913],[26.7044,60.8988],[26.6793,60.9251]],[[26.6725,60.8767],[26.6959,60.8845]],[[26.668,60.8624],[26.6871,60.8643]],[[26.668,60.8625],[26.6871,60.8644]],[[26.6404,60.8593],[26.6581,60.8613]],[[26.6403,60.8593],[26.6581,60.8614]],[[26.6581,60.8614],[26.6642,60.8621]],[[26.6581,60.8613],[26.6642,60.862]],[[26.6676,60.8651],[26.6673,60.8653]],[[26.6675,60.8651],[26.6673,60.8653]],[[26.6675,60.8624],[26.668,60.8624]],[[26.6674,60.8624],[26.668,60.8625]],[[26.6724,60.8638],[26.6676,60.8651]],[[26.6724,60.8637],[26.6675,60.8651]],[[26.6643,60.8706],[26.6725,60.8767]],[[26.6642,60.8706],[26.6693,60.8757]],[[26.6673,60.8653],[26.6643,60.8706]],[[26.6673,60.8653],[26.6642,60.8706]],[[26.6799,60.8639],[26.6724,60.8638]],[[26.6642,60.8621],[26.6674,60.8624]],[[26.6642,60.862],[26.6675,60.8624]],[[26.687,60.8644],[26.6799,60.8639]],[[26.6714,60.8765],[26.673,60.8769]],[[26.6693,60.8757],[26.6714,60.8765]],[[26.673,60.8769],[26.6756,60.8776]],[[26.6756,60.8776],[26.6821,60.8794]],[[26.6821,60.8794],[26.6856,60.8831],[26.6772,60.8891],[26.6742,60.8985]],[[26.7227,60.8656],[26.7414,60.8677]],[[26.7227,60.8656],[26.7415,60.8677]],[[26.6903,60.8645],[26.6927,60.8647]],[[26.6916,60.8647],[26.687,60.8644]],[[26.6871,60.8643],[26.6903,60.8645]],[[26.6926,60.8647],[26.687,60.8644]],[[26.6871,60.8644],[26.6902,60.8645]],[[26.6924,60.8648],[26.6916,60.8647]],[[26.6934,60.8648],[26.6942,60.8649]],[[26.6942,60.8649],[26.695,60.8649]],[[26.694,60.8648],[26.695,60.8649]],[[26.695,60.8649],[26.6955,60.865]],[[26.6955,60.8649],[26.696,60.865]],[[26.695,60.8649],[26.6955,60.8649]],[[26.6955,60.865],[26.6967,60.8651]],[[26.6933,60.8647],[26.694,60.8648]],[[26.6933,60.8648],[26.6942,60.8649]],[[26.6902,60.8645],[26.6933,60.8648]],[[26.6934,60.8648],[26.6924,60.8648]],[[26.6967,60.8651],[26.7049,60.8656]],[[26.696,60.865],[26.705,60.8655]],[[26.6927,60.8647],[26.6933,60.8647]],[[26.6934,60.8648],[26.6926,60.8647]],[[26.711,60.8657],[26.7111,60.8657]],[[26.7092,60.8658],[26.711,60.8657]],[[26.7092,60.8657],[26.7111,60.8657]],[[26.7111,60.8657],[26.7112,60.8657]],[[26.7111,60.8657],[26.7112,60.8657]],[[26.7112,60.8657],[26.7133,60.8656]],[[26.7112,60.8657],[26.7141,60.8656]],[[26.705,60.8655],[26.7092,60.8657]],[[26.7049,60.8656],[26.7092,60.8658]],[[26.6959,60.8845],[26.6963,60.8847]],[[26.715,60.8656],[26.7156,60.8655]],[[26.7143,60.8656],[26.7162,60.8655]],[[26.7133,60.8656],[26.7143,60.8656]],[[26.7141,60.8656],[26.715,60.8656]],[[26.7174,60.8654],[26.7181,60.8654]],[[26.7156,60.8655],[26.716,60.8655]],[[26.716,60.8655],[26.7172,60.8655]],[[26.7162,60.8655],[26.7174,60.8654]],[[26.7181,60.8654],[26.7227,60.8656]],[[26.7172,60.8655],[26.7227,60.8656]],[[26.6742,60.8985],[26.6745,60.9004]],[[26.6745,60.9004],[26.6771,60.9071],[26.6712,60.9153]],[[26.6565,60.9207],[26.6441,60.9257]],[[26.6712,60.9153],[26.6578,60.9204]],[[26.6578,60.9204],[26.6565,60.9207]],[[26.6425,60.9286],[26.6424,60.9287]],[[26.6431,60.9275],[26.6425,60.9286]],[[26.6424,60.9287],[26.6419,60.9296]],[[26.6441,60.9257],[26.6432,60.9272]],[[26.6432,60.9272],[26.6431,60.9274]],[[26.6431,60.9274],[26.6431,60.9275]],[[26.6417,60.9299],[26.6415,60.9303]],[[26.6419,60.9296],[26.6417,60.9299]],[[26.6415,60.9303],[26.6396,60.9345]],[[26.6396,60.9345],[26.6397,60.9348]],[[26.6397,60.9348],[26.6399,60.9356]],[[26.6399,60.9356],[26.64,60.9357]],[[26.679,60.9254],[26.6764,60.9285]],[[26.6793,60.9251],[26.679,60.9254]],[[26.6764,60.9285],[26.6748,60.9346]],[[26.6752,60.9371],[26.6809,60.9439]],[[26.6748,60.9346],[26.6749,60.9354]],[[26.6749,60.9354],[26.6752,60.9371]],[[26.7634,60.8701],[26.7785,60.8697]],[[26.7616,60.8691],[26.7813,60.8697]],[[26.7616,60.8691],[26.7814,60.8697]],[[26.7616,60.8494],[26.7605,60.8447]],[[26.7595,60.8406],[26.7594,60.8403]],[[26.7596,60.8406],[26.7595,60.8403]],[[26.7617,60.8504],[26.7604,60.8447]],[[26.7604,60.8447],[26.7604,60.8445]],[[26.7605,60.8447],[26.7604,60.8445]],[[26.7604,60.8445],[26.7595,60.8406]],[[26.7604,60.8445],[26.7596,60.8406]],[[26.7624,60.8532],[26.7616,60.8494]],[[26.7648,60.8569],[26.7624,60.8532]],[[26.7647,60.8639],[26.7617,60.8504]],[[26.7726,60.8613],[26.7648,60.8569]],[[26.7648,60.8638],[26.7624,60.8532]],[[26.748,60.8683],[26.7566,60.8688]],[[26.748,60.8683],[26.7536,60.8687]],[[26.7449,60.8681],[26.748,60.8683]],[[26.748,60.8683],[26.7536,60.8688]],[[26.7415,60.8677],[26.7461,60.8681]],[[26.7441,60.868],[26.7449,60.8681]],[[26.7414,60.8677],[26.7441,60.868]],[[26.7461,60.8681],[26.748,60.8683]],[[26.7648,60.8653],[26.7649,60.865]],[[26.7649,60.865],[26.7647,60.8639]],[[26.7634,60.87],[26.774,60.8698]],[[26.7602,60.8685],[26.7648,60.8653]],[[26.7683,60.8692],[26.7649,60.8653]],[[26.7566,60.8688],[26.7596,60.8686]],[[26.7536,60.8687],[26.7616,60.8691]],[[26.765,60.865],[26.7648,60.8638]],[[26.7536,60.8688],[26.7616,60.8691]],[[26.7596,60.8686],[26.7602,60.8685]],[[26.7622,60.87],[26.7634,60.87]],[[26.7622,60.87],[26.7634,60.8701]],[[26.7614,60.87],[26.7622,60.87]],[[26.7614,60.8699],[26.7622,60.87]],[[26.7609,60.8699],[26.7614,60.87]],[[26.7609,60.8699],[26.7614,60.8699]],[[26.7649,60.8653],[26.765,60.865]],[[26.7752,60.8626],[26.7726,60.8613]],[[26.7759,60.863],[26.7752,60.8626]],[[26.7783,60.8662],[26.7759,60.863]],[[26.7768,60.8685],[26.7783,60.8662]],[[26.7768,60.8695],[26.7683,60.8692]],[[26.7813,60.8697],[26.7768,60.8695]],[[26.774,60.8698],[26.7758,60.8691]],[[26.7758,60.8691],[26.7768,60.8685]],[[26.7841,60.8698],[26.7856,60.8698]],[[26.787,60.8699],[26.7941,60.8701]],[[26.7814,60.8697],[26.7856,60.8699]],[[26.7896,60.87],[26.7941,60.8702]],[[26.7813,60.8697],[26.7841,60.8698]],[[26.7785,60.8697],[26.7791,60.8697]],[[26.7791,60.8697],[26.7814,60.8697]],[[26.7856,60.8699],[26.7862,60.8699]],[[26.7856,60.8698],[26.7862,60.8698]],[[26.7891,60.87],[26.7896,60.87]],[[26.7862,60.8698],[26.787,60.8699]],[[26.7862,60.8699],[26.7891,60.87]],[[26.8221,60.874],[26.8494,60.8773]],[[26.8221,60.874],[26.8494,60.8772]],[[26.8002,60.8708],[26.8221,60.874]],[[26.8002,60.8708],[26.8221,60.874]],[[26.7948,60.8702],[26.8002,60.8708]],[[26.7948,60.8702],[26.8002,60.8708]],[[26.7941,60.8701],[26.7948,60.8702]],[[26.7941,60.8702],[26.7948,60.8702]],[[26.6809,60.9439],[26.6887,60.9504]],[[26.6887,60.9504],[26.6903,60.9524]],[[26.691,60.9534],[26.692,60.9553]],[[26.6903,60.9524],[26.691,60.9534]],[[26.692,60.9553],[26.6921,60.9558]],[[26.6921,60.9558],[26.6927,60.9578]],[[26.6927,60.9636],[26.6927,60.9653]],[[26.6927,60.9578],[26.6927,60.9636]],[[26.6927,60.9653],[26.6921,60.979]],[[26.6951,60.9873],[26.7028,60.9962]],[[26.6921,60.979],[26.6928,60.9823]],[[26.6928,60.9823],[26.6951,60.9873]],[[26.7372,61.0433],[26.7364,61.0614],[26.749,61.0726]],[[26.7091,61.0026],[26.7107,61.0043]],[[26.7028,60.9962],[26.7088,61.0023]],[[26.7088,61.0023],[26.7091,61.0026]],[[26.7107,61.0043],[26.7171,61.0108]],[[26.7171,61.0108],[26.725,61.0189]],[[26.725,61.0189],[26.7251,61.0191]],[[26.7251,61.0191],[26.7313,61.0336]],[[26.7313,61.0336],[26.7353,61.0385]],[[26.7353,61.0385],[26.7372,61.0433]],[[26.749,61.0726],[26.7554,61.0808],[26.7744,61.0882]],[[26.7744,61.0882],[26.7753,61.0885]],[[26.7753,61.0885],[26.7868,61.0926]],[[26.7905,61.0939],[26.8027,61.0978]],[[26.7868,61.0926],[26.7872,61.0928]],[[26.7872,61.0928],[26.7896,61.0936]],[[26.7896,61.0936],[26.7905,61.0939]],[[26.8027,61.0978],[26.8104,61.1002]],[[26.822,61.123],[26.8201,61.1304],[26.8092,61.1454],[26.8121,61.1521]],[[26.8208,61.1042],[26.8275,61.1128],[26.822,61.123]],[[26.8134,61.1011],[26.8163,61.102]],[[26.8104,61.1002],[26.8134,61.1011]],[[26.8163,61.102],[26.8208,61.1042]],[[26.7934,61.1857],[26.7911,61.1895]],[[26.7855,61.1996],[26.7838,61.2027]],[[26.7911,61.1895],[26.7871,61.1968]],[[26.7857,61.1992],[26.7855,61.1996]],[[26.7871,61.1968],[26.7857,61.1992]],[[26.8121,61.1521],[26.8132,61.1577]],[[26.8132,61.1577],[26.8108,61.1623]],[[26.8108,61.1623],[26.7959,61.1822]],[[26.7959,61.1822],[26.7934,61.1857]],[[26.7838,61.2027],[26.7829,61.2148],[26.789,61.2522]],[[26.789,61.2522],[26.7944,61.2586]],[[26.7944,61.2586],[26.7947,61.2589]],[[26.7947,61.2589],[26.7965,61.2604]],[[26.7965,61.2604],[26.8012,61.2627]],[[26.8012,61.2627],[26.8134,61.269],[26.8329,61.2883]],[[26.8329,61.2883],[26.8433,61.3031]],[[26.8433,61.3031],[26.852,61.3091]],[[24.3516,61.7203],[24.3364,61.7298],[24.3257,61.7506]],[[24.3257,61.7506],[24.3242,61.7546],[24.3282,61.7612]],[[23.6515,62.442],[23.6495,62.4417]],[[24.329,62.4589],[24.3251,62.4656]],[[24.3251,62.4656],[24.3202,62.4757],[24.3201,62.4867],[24.2946,62.5189]],[[24.3505,61.7004],[24.3489,61.7046],[24.3552,61.7163]],[[24.3552,61.7164],[24.3516,61.7203]],[[24.3552,61.7163],[24.3552,61.7164]],[[24.3282,61.7612],[24.3295,61.7685],[24.3612,61.7929]],[[24.4988,61.6859],[24.528,61.6901]],[[24.4975,61.6855],[24.4988,61.6859]],[[24.528,61.6901],[24.5381,61.6934]],[[24.3767,61.8085],[24.3913,61.8228],[24.4085,61.8319]],[[24.3612,61.7929],[24.3614,61.7932]],[[24.3614,61.7932],[24.3715,61.8045]],[[24.3715,61.8045],[24.3767,61.8085]],[[24.4132,61.8335],[24.4653,61.8552]],[[24.4085,61.8319],[24.4132,61.8335]],[[24.4682,61.8585],[24.4823,61.8978]],[[24.4653,61.8552],[24.4682,61.8585]],[[24.5569,61.7023],[24.5743,61.705],[24.6152,61.7029]],[[24.6787,61.7308],[24.7505,61.7361]],[[24.5435,61.6973],[24.5569,61.7023]],[[24.5382,61.6934],[24.5435,61.6973]],[[24.5381,61.6934],[24.5382,61.6934]],[[24.6152,61.7029],[24.624,61.7049]],[[24.624,61.7049],[24.6242,61.705]],[[24.6242,61.705],[24.6312,61.7085]],[[24.6315,61.7087],[24.654,61.7225]],[[24.6312,61.7085],[24.6315,61.7087]],[[24.654,61.7225],[24.6642,61.7273]],[[24.6655,61.728],[24.666,61.7282]],[[24.6642,61.7273],[24.6655,61.728]],[[24.666,61.7282],[24.668,61.7291]],[[24.668,61.7291],[24.6787,61.7308]],[[24.5063,62.0283],[24.5115,62.0311],[24.5246,62.0285],[24.552,62.0323],[24.5971,62.0318]],[[24.5065,62.0277],[24.5019,62.0451],[24.502,62.0643],[24.496,62.0855],[24.5083,62.1224]],[[24.4831,61.9013],[24.4767,61.9162],[24.4849,61.9485],[24.4849,61.9601],[24.4773,61.9688],[24.4813,61.977]],[[24.4823,61.8978],[24.4831,61.9013]],[[24.4815,61.9775],[24.4824,61.9886],[24.4887,62.0008],[24.5024,62.0132]],[[24.4815,61.9775],[24.4813,61.977]],[[24.5027,62.0135],[24.5024,62.0132]],[[24.5035,62.0141],[24.5027,62.0135]],[[24.504,62.0145],[24.5079,62.0209]],[[24.504,62.0145],[24.5035,62.0141]],[[24.5078,62.0223],[24.5066,62.0271]],[[24.5079,62.0209],[24.5079,62.0211]],[[24.5079,62.0212],[24.5078,62.0223]],[[24.5079,62.0211],[24.5079,62.0212]],[[24.5066,62.0271],[24.5065,62.0277]],[[24.5973,62.0318],[24.632,62.0302]],[[24.5971,62.0318],[24.5973,62.0318]],[[24.632,62.0302],[24.6326,62.0302]],[[24.6407,62.0301],[24.6456,62.0293]],[[24.6326,62.0302],[24.6407,62.0301]],[[24.6456,62.0293],[24.6564,62.027]],[[24.7641,61.7356],[24.7563,61.7368]],[[24.7505,61.7361],[24.7558,61.7368]],[[24.7646,61.7355],[24.7957,61.7347],[24.805,61.7372]],[[24.7563,61.7368],[24.7558,61.7368]],[[24.7646,61.7355],[24.7641,61.7356]],[[24.8066,61.7379],[24.8194,61.7437]],[[24.805,61.7372],[24.8066,61.7379]],[[24.8402,61.7534],[24.8506,61.7571],[24.8686,61.7741]],[[24.8194,61.7437],[24.8402,61.7534]],[[24.8686,61.7741],[24.8911,61.7974],[24.9339,61.8095]],[[24.9475,61.8123],[24.9754,61.8208],[24.9811,61.8349],[24.989,61.8411],[24.9902,61.8463]],[[24.9395,61.8107],[24.9475,61.8123]],[[24.9339,61.8095],[24.9393,61.8106]],[[24.9393,61.8106],[24.9395,61.8107]],[[25.1002,61.8362],[25.1693,61.8563]],[[25.0005,61.8515],[25.0236,61.8522],[25.0432,61.8461]],[[24.9902,61.8463],[24.9927,61.85],[25.0005,61.8515]],[[25.0435,61.8461],[25.0964,61.8356]],[[25.0432,61.8461],[25.0435,61.8461]],[[25.0964,61.8356],[25.0969,61.8356]],[[25.0995,61.836],[25.1002,61.8362]],[[25.0969,61.8356],[25.0995,61.836]],[[25.1712,61.8712],[25.1612,61.88],[25.1686,61.8879]],[[24.5076,62.1443],[24.5088,62.1511],[24.4978,62.171],[24.4982,62.2038],[24.481,62.2167]],[[24.507,62.1313],[24.5028,62.1387]],[[24.5083,62.1224],[24.5072,62.1299]],[[24.5072,62.1299],[24.5072,62.13]],[[24.5072,62.13],[24.5072,62.1302]],[[24.5072,62.1302],[24.507,62.1313]],[[24.5028,62.1387],[24.5072,62.1438]],[[24.5072,62.1438],[24.5073,62.1439]],[[24.5074,62.144],[24.5076,62.1443]],[[24.5073,62.1439],[24.5074,62.144]],[[24.4236,62.2653],[24.4116,62.2726],[24.4043,62.2842],[24.4098,62.2976],[24.4074,62.3064],[24.4104,62.3144],[24.4065,62.3216],[24.3961,62.3295],[24.3957,62.3441]],[[24.4334,62.258],[24.4237,62.2652]],[[24.4237,62.2652],[24.4236,62.2653]],[[24.4725,62.2358],[24.5138,62.23]],[[24.481,62.2168],[24.463,62.2342],[24.4589,62.2421]],[[24.481,62.2167],[24.481,62.2168]],[[24.4582,62.243],[24.4519,62.25]],[[24.4589,62.2421],[24.4575,62.2435]],[[24.453,62.2487],[24.4521,62.2496]],[[24.457,62.2442],[24.453,62.2487]],[[24.4575,62.2435],[24.457,62.2442]],[[24.4598,62.2414],[24.4725,62.2358]],[[24.4595,62.2416],[24.4598,62.2414]],[[24.4595,62.2416],[24.4587,62.2425]],[[24.4595,62.2416],[24.4589,62.2421]],[[24.4587,62.2425],[24.4582,62.243]],[[24.519,62.2292],[24.5192,62.2292]],[[24.5138,62.23],[24.519,62.2292]],[[24.5192,62.2292],[24.5278,62.228]],[[24.5278,62.228],[24.5455,62.2323]],[[24.4449,62.2536],[24.4421,62.2544]],[[24.4421,62.2544],[24.4334,62.258]],[[24.451,62.2507],[24.4504,62.2511]],[[24.4504,62.2511],[24.4498,62.2515]],[[24.4498,62.2515],[24.4449,62.2536]],[[24.4521,62.2496],[24.4504,62.2511]],[[24.4519,62.25],[24.451,62.2507]],[[24.5456,62.2324],[24.5721,62.2505]],[[24.5455,62.2323],[24.5456,62.2324]],[[24.5724,62.2506],[24.5874,62.2564],[24.623,62.2621],[24.6378,62.2603]],[[24.5721,62.2505],[24.5724,62.2506]],[[24.6382,62.2602],[24.6735,62.2576]],[[24.6378,62.2603],[24.6382,62.2602]],[[24.6735,62.2576],[24.679,62.258]],[[24.679,62.258],[24.6915,62.2585]],[[24.6919,62.2585],[24.6976,62.2574]],[[24.6915,62.2585],[24.6919,62.2585]],[[24.7001,62.2567],[24.7071,62.2553]],[[24.6994,62.2569],[24.7001,62.2567]],[[24.6976,62.2574],[24.6994,62.2569]],[[24.7214,62.2534],[24.7495,62.25]],[[24.7101,62.2551],[24.7119,62.2549]],[[24.7119,62.2549],[24.7127,62.2548]],[[24.7071,62.2553],[24.7101,62.2551]],[[24.7127,62.2548],[24.7207,62.2535]],[[24.7207,62.2535],[24.7214,62.2534]],[[24.3956,62.3454],[24.3956,62.3457]],[[24.3957,62.3441],[24.3956,62.3454]],[[24.3955,62.3495],[24.398,62.3597]],[[24.3956,62.3457],[24.3955,62.3495]],[[24.398,62.3598],[24.3969,62.3668],[24.3793,62.3841],[24.3766,62.3903]],[[24.3766,62.3905],[24.329,62.4589]],[[24.3766,62.3903],[24.3766,62.3905]],[[24.398,62.3597],[24.398,62.3598]],[[24.7729,62.2418],[24.803,62.2393],[24.8184,62.2413]],[[24.7495,62.25],[24.7724,62.2419]],[[24.7724,62.2419],[24.7726,62.2419]],[[24.7726,62.2419],[24.7729,62.2418]],[[24.8184,62.2413],[24.8365,62.2419],[24.8595,62.2371],[24.8792,62.2451],[24.8903,62.2445]],[[24.8903,62.2445],[24.905,62.24]],[[24.9054,62.2399],[24.9586,62.2333]],[[24.905,62.24],[24.9054,62.2399]],[[25.0436,62.2414],[25.0589,62.2397],[25.0824,62.2425],[25.1111,62.2464],[25.1269,62.2521]],[[24.9879,62.2357],[25.0011,62.234],[25.0304,62.2402]],[[24.9586,62.2333],[24.9786,62.2373],[24.9879,62.2357]],[[25.0304,62.2402],[25.0436,62.2414]],[[25.1335,62.2539],[25.1706,62.2555]],[[25.1269,62.2521],[25.1335,62.2539]],[[23.7232,62.6052],[23.6284,62.6172]],[[23.6007,62.6177],[23.5898,62.6188]],[[23.6011,62.6177],[23.6007,62.6177]],[[23.6048,62.6173],[23.6011,62.6177]],[[23.6064,62.6172],[23.6048,62.6173]],[[23.6125,62.6166],[23.6117,62.6167]],[[23.6117,62.6167],[23.6064,62.6172]],[[23.6277,62.6172],[23.6125,62.6166]],[[23.6284,62.6172],[23.6277,62.6172]],[[23.9849,62.5739],[23.9488,62.5846],[23.9222,62.6003],[23.8971,62.606],[23.8774,62.6055]],[[23.8771,62.6055],[23.8056,62.5922],[23.782,62.5916],[23.7581,62.5965]],[[23.7234,62.6052],[23.7232,62.6052]],[[23.7238,62.6052],[23.7234,62.6052]],[[23.7244,62.6051],[23.7238,62.6052]],[[23.7506,62.5994],[23.7378,62.6035]],[[23.7374,62.6035],[23.7244,62.6051]],[[23.7378,62.6035],[23.7374,62.6035]],[[23.7581,62.5965],[23.758,62.5966]],[[23.758,62.5966],[23.7506,62.5994]],[[23.8774,62.6055],[23.8771,62.6055]],[[24.0335,62.5722],[23.9906,62.5732]],[[23.9906,62.5732],[23.9849,62.5739]],[[24.0565,62.5603],[24.0495,62.5672],[24.0338,62.5721]],[[24.0641,62.5532],[24.0638,62.5534]],[[24.0638,62.5534],[24.058,62.5573]],[[24.058,62.5573],[24.0567,62.5596]],[[24.0653,62.5527],[24.0641,62.5532]],[[24.0567,62.5596],[24.0565,62.5603]],[[24.1271,62.5517],[24.1027,62.5458],[24.0821,62.548]],[[24.0811,62.5482],[24.0774,62.549]],[[24.0772,62.549],[24.0704,62.5507]],[[24.0703,62.5507],[24.0653,62.5527]],[[24.0704,62.5507],[24.0703,62.5507]],[[24.0774,62.549],[24.0772,62.549]],[[24.0811,62.5482],[24.0821,62.548]],[[24.0338,62.5721],[24.0335,62.5722]],[[24.219,62.5349],[24.1663,62.5474]],[[24.1438,62.5514],[24.1271,62.5517]],[[24.161,62.5475],[24.1505,62.5492]],[[24.1505,62.5492],[24.1438,62.5514]],[[24.1663,62.5474],[24.1615,62.5475]],[[24.1615,62.5475],[24.161,62.5475]],[[24.2595,62.5288],[24.2193,62.5348]],[[24.2193,62.5348],[24.219,62.5349]],[[24.2598,62.5287],[24.2595,62.5288]],[[24.2711,62.5266],[24.2598,62.5287]],[[24.2811,62.5247],[24.2711,62.5266]],[[24.2872,62.5233],[24.2811,62.5247]],[[24.2946,62.5189],[24.2876,62.5232]],[[24.2876,62.5232],[24.2872,62.5233]],[[25.1811,61.8507],[25.1815,61.8322],[25.1964,61.8217],[25.2079,61.8183]],[[25.2079,61.8183],[25.2202,61.8151]],[[25.1746,61.8605],[25.1781,61.8561]],[[25.1784,61.8559],[25.1812,61.8512]],[[25.1781,61.8561],[25.1784,61.8559]],[[25.1812,61.8512],[25.1811,61.8507]],[[25.1744,61.861],[25.1746,61.8605]],[[25.1725,61.8689],[25.1717,61.8705]],[[25.1744,61.861],[25.1736,61.8645]],[[25.1693,61.8563],[25.1744,61.861]],[[25.1734,61.8649],[25.1727,61.8681]],[[25.1736,61.8645],[25.1734,61.8649]],[[25.1727,61.8681],[25.1725,61.8689]],[[25.1713,61.8709],[25.1712,61.8712]],[[25.1717,61.8705],[25.1713,61.8709]],[[25.1686,61.8879],[25.1694,61.8885]],[[25.1694,61.8885],[25.1714,61.8917]],[[25.1713,61.8929],[25.1712,61.8994]],[[25.1714,61.8917],[25.1713,61.8929]],[[25.1712,61.8994],[25.1727,61.9058],[25.1964,61.9324]],[[25.3056,61.9674],[25.38,61.9826]],[[25.1968,61.9327],[25.2395,61.9526],[25.2971,61.9654]],[[25.1964,61.9324],[25.1968,61.9327]],[[25.2971,61.9654],[25.2974,61.9655]],[[25.3047,61.9671],[25.3056,61.9674]],[[25.2974,61.9655],[25.3047,61.9671]],[[25.3874,61.9844],[25.3918,61.9855]],[[25.3808,61.9828],[25.3822,61.9831]],[[25.38,61.9826],[25.3808,61.9828]],[[25.3828,61.9833],[25.3874,61.9844]],[[25.3822,61.9831],[25.3828,61.9833]],[[25.3918,61.9855],[25.4019,61.988]],[[25.4181,61.9928],[25.4562,62.0041]],[[25.4019,61.988],[25.4021,61.9881]],[[25.4021,61.9881],[25.4044,61.9886]],[[25.4044,61.9886],[25.4181,61.9928]],[[25.4562,62.0041],[25.5242,62.0257]],[[25.5242,62.0257],[25.5627,62.0344]],[[25.5632,62.0345],[25.5834,62.0407]],[[25.5627,62.0344],[25.5632,62.0345]],[[25.5834,62.0407],[25.5857,62.0417]],[[25.5857,62.0417],[25.5981,62.0489]],[[25.5981,62.0489],[25.6026,62.0522]],[[25.6026,62.0522],[25.6184,62.0644],[25.6286,62.0806]],[[25.6286,62.0806],[25.6307,62.084]],[[25.6326,62.0872],[25.6424,62.1031]],[[25.6307,62.084],[25.6326,62.0871]],[[25.6326,62.0871],[25.6326,62.0872]],[[25.3646,62.2754],[25.3775,62.2717],[25.4359,62.2714],[25.4601,62.2662],[25.5026,62.2692]],[[25.1706,62.2555],[25.1721,62.2556]],[[25.1734,62.2556],[25.1817,62.2565]],[[25.1721,62.2556],[25.1734,62.2556]],[[25.2,62.2566],[25.2168,62.256],[25.237,62.2608],[25.2619,62.258]],[[25.185,62.2569],[25.2,62.2566]],[[25.1817,62.2565],[25.1822,62.2566]],[[25.1822,62.2566],[25.1822,62.2566]],[[25.1822,62.2566],[25.1825,62.2566]],[[25.1825,62.2566],[25.185,62.2569]],[[25.2619,62.258],[25.2911,62.2674]],[[25.2917,62.2676],[25.3182,62.2704],[25.3364,62.2783]],[[25.2911,62.2674],[25.2917,62.2676]],[[25.3599,62.2772],[25.3646,62.2754]],[[25.3376,62.2785],[25.3378,62.2786]],[[25.3364,62.2783],[25.3376,62.2785]],[[25.3378,62.2786],[25.3438,62.2794]],[[25.3438,62.2794],[25.3565,62.2785]],[[25.3565,62.2785],[25.3597,62.2773]],[[25.3597,62.2773],[25.3599,62.2772]],[[25.5026,62.2692],[25.5275,62.2754],[25.5446,62.2738]],[[25.5449,62.2738],[25.565,62.2667],[25.583,62.2669]],[[25.5446,62.2738],[25.5449,62.2738]],[[25.583,62.2669],[25.5838,62.2669]],[[25.5838,62.2669],[25.5904,62.2659]],[[25.6426,62.1035],[25.6453,62.1063]],[[25.6424,62.1031],[25.6426,62.1035]],[[25.6453,62.1063],[25.648,62.1088]],[[25.648,62.1088],[25.6584,62.1146]],[[25.6626,62.1165],[25.6645,62.1174]],[[25.6584,62.1146],[25.6626,62.1165]],[[25.6654,62.1178],[25.6791,62.1238]],[[25.6645,62.1174],[25.6654,62.1178]],[[25.6791,62.1238],[25.6797,62.1241]],[[25.6887,62.1297],[25.6914,62.1319]],[[25.6797,62.1241],[25.6867,62.1282]],[[25.6867,62.1282],[25.6887,62.1297]],[[25.6916,62.132],[25.6947,62.1345]],[[25.6914,62.1319],[25.6916,62.132]],[[25.6947,62.1345],[25.6957,62.1353]],[[25.6957,62.1353],[25.7028,62.1413]],[[25.7028,62.1413],[25.7061,62.1453]],[[25.7061,62.1453],[25.7093,62.1495]],[[25.7093,62.1495],[25.725,62.1704]],[[25.725,62.1704],[25.7261,62.1829]],[[25.7261,62.1829],[25.7251,62.1927]],[[25.7247,62.1968],[25.7239,62.2048]],[[25.7249,62.1948],[25.7247,62.1968]],[[25.7251,62.1927],[25.7249,62.1948]],[[25.6516,62.2483],[25.6961,62.2308],[25.7072,62.2232],[25.7171,62.2234],[25.7285,62.2298]],[[25.6485,62.2503],[25.6516,62.2483]],[[25.5931,62.2654],[25.6217,62.2588]],[[25.6218,62.2587],[25.6442,62.2519]],[[25.5904,62.2659],[25.5931,62.2654]],[[25.6217,62.2588],[25.6218,62.2587]],[[25.6442,62.2519],[25.6485,62.2503]],[[25.7239,62.2049],[25.7235,62.213]],[[25.7239,62.2048],[25.7239,62.2049]],[[25.7236,62.2139],[25.7236,62.2145]],[[25.7236,62.2138],[25.7236,62.2139]],[[25.7235,62.213],[25.7236,62.2138]],[[25.7236,62.2145],[25.7261,62.2262]],[[25.7261,62.2262],[25.7262,62.2264]],[[25.7262,62.2264],[25.7292,62.2297]],[[25.7288,62.2299],[25.7318,62.2318]],[[25.7292,62.2297],[25.732,62.2318]],[[25.7285,62.2298],[25.7288,62.2299]],[[25.7341,62.233],[25.7368,62.234]],[[25.7391,62.2347],[25.7485,62.2383]],[[25.7405,62.235],[25.7471,62.2376]],[[25.7341,62.2329],[25.7386,62.2345]],[[25.7334,62.2327],[25.7341,62.233]],[[25.7336,62.2326],[25.7341,62.2329]],[[25.7323,62.2319],[25.7336,62.2326]],[[25.7318,62.2318],[25.7321,62.232]],[[25.7321,62.232],[25.7334,62.2327]],[[25.732,62.2318],[25.7323,62.2319]],[[25.7386,62.2345],[25.7405,62.235]],[[25.7368,62.234],[25.7391,62.2347]],[[25.7766,62.2462],[25.7953,62.2403]],[[25.7494,62.2388],[25.7559,62.242]],[[25.7485,62.2383],[25.7494,62.2388]],[[25.7471,62.2376],[25.7495,62.2387]],[[25.7495,62.2387],[25.756,62.242]],[[25.756,62.242],[25.757,62.2425]],[[25.7561,62.2421],[25.7568,62.2425]],[[25.7559,62.242],[25.7561,62.2421]],[[25.7568,62.2425],[25.7594,62.2437]],[[25.7671,62.2471],[25.771,62.2492]],[[25.7621,62.2451],[25.7626,62.2453]],[[25.763,62.2455],[25.7758,62.2464]],[[25.757,62.2425],[25.7581,62.243]],[[25.7617,62.2448],[25.7621,62.2451]],[[25.7594,62.2437],[25.7602,62.2441]],[[25.7602,62.2441],[25.7613,62.2446]],[[25.7613,62.2446],[25.7617,62.2448]],[[25.7581,62.243],[25.7594,62.2437]],[[25.7626,62.2453],[25.7633,62.2457]],[[25.7661,62.2468],[25.7671,62.2471]],[[25.7633,62.2457],[25.7661,62.2468]],[[25.7626,62.2453],[25.763,62.2455]],[[25.7712,62.2494],[25.7784,62.2542]],[[25.771,62.2492],[25.7712,62.2494]],[[25.7758,62.2464],[25.7766,62.2462]],[[25.7873,62.2568],[25.8321,62.268]],[[25.7784,62.2542],[25.7785,62.2542]],[[25.7785,62.2542],[25.7873,62.2568]],[[25.8057,62.2397],[25.8592,62.241]],[[25.8164,62.2268],[25.8162,62.2274]],[[25.8164,62.2268],[25.8162,62.2274]],[[25.8164,62.2269],[25.8163,62.2274]],[[25.8163,62.2269],[25.8162,62.2274]],[[25.8163,62.2274],[25.8167,62.2274]],[[25.8163,62.2273],[25.8167,62.2274]],[[25.8163,62.2273],[25.8167,62.2273]],[[25.8163,62.2273],[25.8167,62.2273]],[[25.8163,62.2273],[25.8167,62.2273]],[[25.8163,62.2273],[25.8167,62.2273]],[[25.8163,62.2272],[25.8167,62.2273]],[[25.8164,62.2272],[25.8167,62.2272]],[[25.8164,62.2272],[25.8167,62.2272]],[[25.8164,62.2272],[25.8167,62.2272]],[[25.8164,62.2272],[25.8167,62.2272]],[[25.8164,62.2272],[25.8167,62.2272]],[[25.8164,62.2271],[25.8167,62.2272]],[[25.8164,62.2271],[25.8167,62.2271]],[[25.7953,62.2403],[25.7988,62.2401]],[[25.805,62.2398],[25.8057,62.2397]],[[25.7988,62.2401],[25.805,62.2398]],[[25.8592,62.241],[25.8593,62.241]],[[25.8593,62.241],[25.8718,62.2448]],[[25.8718,62.2448],[25.8834,62.2489]],[[25.8834,62.2489],[25.8957,62.2507]],[[25.8356,62.2828],[25.8305,62.3003],[25.8394,62.3082]],[[25.8332,62.2686],[25.8337,62.2689]],[[25.8321,62.268],[25.8332,62.2686]],[[25.8337,62.2689],[25.8345,62.2695]],[[25.8375,62.2746],[25.8368,62.2778]],[[25.8354,62.2703],[25.8375,62.2746]],[[25.8345,62.2695],[25.8354,62.2703]],[[25.8368,62.2778],[25.836,62.281]],[[25.836,62.281],[25.8356,62.2828]],[[25.8957,62.2507],[25.9,62.2503]],[[25.9387,62.2446],[25.9547,62.2454]],[[25.906,62.2484],[25.9116,62.2474]],[[25.9116,62.2474],[25.9149,62.2471]],[[25.9,62.2503],[25.906,62.2484]],[[25.9178,62.2469],[25.928,62.2462]],[[25.9176,62.247],[25.9178,62.2469]],[[25.9149,62.2471],[25.9176,62.247]],[[25.928,62.2462],[25.9334,62.2454]],[[25.9334,62.2454],[25.9381,62.2446]],[[25.9381,62.2446],[25.9387,62.2446]],[[25.9908,62.2427],[26.0144,62.2411]],[[25.9555,62.2454],[25.9715,62.2445]],[[25.9547,62.2454],[25.9555,62.2454]],[[25.9715,62.2445],[25.9857,62.2432]],[[25.9904,62.2428],[25.9908,62.2427]],[[25.9871,62.2431],[25.9904,62.2428]],[[25.9857,62.2432],[25.9871,62.2431]],[[25.8407,62.3091],[25.8636,62.3348]],[[25.8394,62.3082],[25.8407,62.3091]],[[25.864,62.3352],[25.8745,62.3448],[25.883,62.3687]],[[25.8636,62.3348],[25.864,62.3352]],[[25.8831,62.3689],[25.9036,62.3828]],[[25.883,62.3687],[25.8831,62.3689]],[[25.9036,62.3828],[25.9215,62.4013],[25.9248,62.4259],[25.9413,62.4377],[25.9442,62.456]],[[25.9447,62.46],[25.9349,62.469],[25.9206,62.4962],[25.8738,62.5328],[25.8603,62.5566]],[[25.9448,62.4584],[25.9447,62.46]],[[25.9442,62.456],[25.9445,62.4572]],[[25.9445,62.4572],[25.9448,62.4584]],[[26.0144,62.2411],[26.0574,62.2388]],[[26.0574,62.2388],[26.0843,62.2387]],[[26.0952,62.2419],[26.1585,62.2545]],[[26.0947,62.2416],[26.0952,62.2419]],[[26.0843,62.2387],[26.0947,62.2416]],[[26.1588,62.2545],[26.1895,62.259]],[[26.1585,62.2545],[26.1588,62.2545]],[[26.2106,62.2618],[26.245,62.2645]],[[26.2009,62.2606],[26.2054,62.2612]],[[26.1895,62.259],[26.2004,62.2605]],[[26.2004,62.2605],[26.2009,62.2606]],[[26.2054,62.2612],[26.2097,62.2617]],[[26.2097,62.2617],[26.2106,62.2618]],[[26.2453,62.2645],[26.2979,62.2679]],[[26.245,62.2645],[26.2453,62.2645]],[[26.2979,62.2679],[26.3128,62.268]],[[26.3128,62.268],[26.3195,62.2684]],[[26.326,62.2704],[26.3681,62.2842]],[[26.3195,62.2684],[26.3198,62.2685]],[[26.3198,62.2685],[26.326,62.2704]],[[26.3681,62.2842],[26.3754,62.2855]],[[26.3754,62.2855],[26.4228,62.2879],[26.4658,62.2973]],[[26.4755,62.3011],[26.4815,62.3052]],[[26.4685,62.2979],[26.4735,62.2997]],[[26.4681,62.2978],[26.4685,62.2979]],[[26.4658,62.2973],[26.4681,62.2978]],[[26.4744,62.3003],[26.4755,62.3011]],[[26.4735,62.2997],[26.4744,62.3003]],[[26.7648,62.3101],[26.7965,62.3113],[26.8323,62.3178],[26.9051,62.3217],[26.9494,62.3113],[26.9823,62.2961],[27.0235,62.2862]],[[26.5931,62.305],[26.6464,62.3091],[26.7483,62.3089]],[[26.484,62.3069],[26.485,62.3077]],[[26.485,62.3077],[26.495,62.3116]],[[26.4815,62.3052],[26.484,62.3069]],[[26.495,62.3116],[26.5195,62.3158],[26.5368,62.314]],[[26.5368,62.314],[26.5804,62.3067]],[[26.5804,62.3067],[26.5861,62.3058]],[[26.5861,62.3058],[26.5931,62.305]],[[26.7483,62.3089],[26.7648,62.3101]],[[25.2477,62.7103],[25.2184,62.73],[25.2134,62.7485],[25.1853,62.7618],[25.1867,62.7858],[25.2011,62.798],[25.2056,62.8131],[25.1964,62.8396],[25.1966,62.8487]],[[25.4911,62.6424],[25.4067,62.6717],[25.3469,62.6807],[25.2913,62.6978]],[[25.2638,62.707],[25.2561,62.7084]],[[25.2714,62.7043],[25.2638,62.707]],[[25.2561,62.7084],[25.2557,62.7085]],[[25.2557,62.7085],[25.2477,62.7103]],[[25.2779,62.7017],[25.2765,62.7022]],[[25.2901,62.6982],[25.2835,62.7]],[[25.2835,62.7],[25.2779,62.7017]],[[25.2718,62.7042],[25.2714,62.7043]],[[25.2765,62.7022],[25.2718,62.7042]],[[25.2913,62.6978],[25.2908,62.698]],[[25.2908,62.698],[25.2901,62.6982]],[[25.6358,62.6261],[25.5638,62.6177],[25.5424,62.6208],[25.5156,62.6382],[25.5043,62.6409]],[[25.5,62.6414],[25.4911,62.6424]],[[25.5009,62.6413],[25.5,62.6414]],[[25.5043,62.6409],[25.5009,62.6413]],[[25.1966,62.8487],[25.1976,62.8611],[25.193,62.8704],[25.1928,62.8868],[25.1982,62.9066],[25.2075,62.9232],[25.2028,62.9322]],[[25.686,62.6155],[25.6589,62.6247]],[[25.7034,62.6084],[25.686,62.6155]],[[25.7242,62.602],[25.7034,62.6084]],[[25.7312,62.6006],[25.7288,62.6009]],[[25.7288,62.6009],[25.7242,62.602]],[[25.7367,62.6003],[25.7324,62.6006]],[[25.7427,62.5986],[25.7421,62.5988]],[[25.7324,62.6006],[25.7312,62.6006]],[[25.7421,62.5988],[25.7367,62.6003]],[[25.7981,62.576],[25.7816,62.582]],[[25.7709,62.5863],[25.7586,62.5925]],[[25.7816,62.582],[25.7814,62.5821]],[[25.7813,62.5821],[25.7807,62.5823]],[[25.7814,62.5821],[25.7813,62.5821]],[[25.7807,62.5823],[25.7709,62.5863]],[[25.756,62.5937],[25.7553,62.594]],[[25.7553,62.594],[25.7427,62.5986]],[[25.7586,62.5925],[25.756,62.5937]],[[25.6572,62.6248],[25.6373,62.626]],[[25.6373,62.626],[25.6358,62.6261]],[[25.6589,62.6247],[25.6572,62.6248]],[[25.845,62.5633],[25.8048,62.5736]],[[25.8565,62.5598],[25.845,62.5633]],[[25.8603,62.5566],[25.8579,62.5591]],[[25.8579,62.5591],[25.8565,62.5598]],[[25.8018,62.5747],[25.8009,62.575]],[[25.8009,62.575],[25.7981,62.576]],[[25.8048,62.5736],[25.8018,62.5747]],[[25.2027,62.9325],[25.2058,62.9387],[25.2297,62.9459]],[[25.272,62.9847],[25.3019,63.0013],[25.319,63.0175],[25.3296,63.0393],[25.3326,63.0539],[25.3305,63.065],[25.3204,63.0802],[25.3216,63.0836],[25.3333,63.0903],[25.3576,63.0974],[25.3677,63.1073],[25.3749,63.1281],[25.3841,63.1353],[25.4017,63.1392],[25.4307,63.1373],[25.4628,63.1487]],[[25.2028,62.9322],[25.2027,62.9325]],[[25.2302,62.946],[25.2554,62.9542]],[[25.2598,62.9565],[25.2629,62.9623],[25.2575,62.9724],[25.263,62.9796]],[[25.2297,62.9459],[25.2302,62.946]],[[25.2561,62.9545],[25.2596,62.9564]],[[25.2554,62.9542],[25.2561,62.9545]],[[25.2596,62.9564],[25.2598,62.9565]],[[25.263,62.9796],[25.272,62.9847]],[[25.4632,63.1488],[25.4908,63.1567],[25.5248,63.1763],[25.5486,63.1835],[25.5507,63.1891]],[[25.4628,63.1487],[25.4632,63.1488]],[[25.5507,63.1891],[25.5459,63.1961]],[[25.5478,63.2021],[25.5566,63.2117],[25.557,63.2173],[25.5521,63.2246],[25.5284,63.2421],[25.527,63.2457],[25.5301,63.2502]],[[25.5459,63.1961],[25.5477,63.2019]],[[25.5477,63.2019],[25.5478,63.2021]],[[25.5304,63.2505],[25.552,63.2631],[25.5636,63.2788],[25.5568,63.2926],[25.5559,63.3203]],[[25.5301,63.2502],[25.5304,63.2505]],[[25.5559,63.3205],[25.5714,63.3378],[25.5602,63.3536],[25.5572,63.3673]],[[25.5559,63.3203],[25.5559,63.3205]],[[22.6509,63.4107],[22.6448,63.4154],[22.6435,63.4207],[22.6609,63.4577]],[[22.6929,63.3882],[22.6708,63.4001]],[[22.7469,63.3592],[22.6933,63.388]],[[22.6704,63.4003],[22.6636,63.4039]],[[22.6708,63.4001],[22.6704,63.4003]],[[22.6933,63.388],[22.6929,63.3882]],[[22.7503,63.3574],[22.7472,63.359]],[[22.7472,63.359],[22.7469,63.3592]],[[22.6636,63.4039],[22.6525,63.4099]],[[22.6525,63.4099],[22.6514,63.4105]],[[22.6514,63.4105],[22.651,63.4107]],[[22.651,63.4107],[22.6509,63.4107]],[[22.6609,63.4577],[22.6626,63.4609]],[[22.6682,63.4755],[22.6831,63.5125]],[[22.6626,63.4609],[22.6635,63.4624]],[[22.6635,63.4624],[22.6665,63.4693]],[[22.6665,63.4693],[22.6669,63.4708]],[[22.6669,63.4708],[22.6682,63.4755]],[[22.6831,63.5125],[22.692,63.5209]],[[22.6954,63.523],[22.6956,63.5232]],[[22.6956,63.5232],[22.7011,63.5267]],[[22.7011,63.5267],[22.7065,63.5301]],[[22.692,63.5209],[22.6954,63.523]],[[22.7263,63.5462],[22.7497,63.561],[22.7839,63.5928]],[[22.7081,63.5311],[22.7084,63.5313]],[[22.7084,63.5313],[22.726,63.546]],[[22.7068,63.5302],[22.7081,63.5311]],[[22.7065,63.5301],[22.7068,63.5302]],[[22.726,63.546],[22.7263,63.5462]],[[22.7472,63.6246],[22.7437,63.6396],[22.7342,63.6543],[22.7168,63.6636],[22.7146,63.669]],[[22.7662,63.6134],[22.7474,63.6245]],[[22.7474,63.6245],[22.7472,63.6246]],[[22.7768,63.5959],[22.7747,63.6085],[22.7662,63.6134]],[[22.7871,63.5942],[22.7768,63.5959]],[[22.775,63.5868],[22.7768,63.5959]],[[22.7854,63.5934],[22.7966,63.5979]],[[22.7877,63.5944],[22.7995,63.5992]],[[22.7839,63.5928],[22.7854,63.5934]],[[22.7839,63.5928],[22.7871,63.5942]],[[22.7871,63.5942],[22.7877,63.5944]],[[22.7996,63.5991],[22.8002,63.5994]],[[22.8002,63.5994],[22.8067,63.602]],[[22.7995,63.5992],[22.8001,63.5994]],[[22.7966,63.5979],[22.7996,63.5991]],[[22.8001,63.5994],[22.8044,63.6012]],[[22.8044,63.6012],[22.8067,63.602]],[[22.8161,63.6053],[22.8539,63.6142]],[[22.8082,63.6026],[22.8088,63.6029]],[[22.8067,63.602],[22.8082,63.6026]],[[22.8159,63.6053],[22.8161,63.6053]],[[22.8088,63.6029],[22.8159,63.6053]],[[22.8539,63.6142],[22.8546,63.6144]],[[22.8546,63.6144],[22.8697,63.6162]],[[22.7126,63.6773],[22.7023,63.6891],[22.7004,63.6957]],[[22.7146,63.669],[22.7145,63.6746]],[[22.7142,63.6751],[22.7126,63.6773]],[[22.7145,63.6746],[22.7144,63.6748]],[[22.7144,63.6748],[22.7142,63.6751]],[[22.947,63.6587],[23.0127,63.7021],[23.031,63.7192]],[[22.8697,63.6162],[22.8701,63.6163]],[[22.8701,63.6163],[22.8932,63.6243]],[[22.907,63.6331],[22.947,63.6587]],[[22.8946,63.6252],[22.8965,63.6264]],[[22.8937,63.6246],[22.8942,63.6249]],[[22.8942,63.6249],[22.8946,63.6252]],[[22.8932,63.6243],[22.8937,63.6246]],[[22.8965,63.6264],[22.9056,63.6323]],[[22.9056,63.6323],[22.907,63.6331]],[[23.0529,63.7382],[23.074,63.7738]],[[23.031,63.7192],[23.032,63.7199]],[[23.0423,63.7275],[23.0428,63.7277]],[[23.032,63.7199],[23.0399,63.726]],[[23.0415,63.727],[23.042,63.7273]],[[23.042,63.7273],[23.0423,63.7275]],[[23.0399,63.726],[23.0413,63.7268]],[[23.0413,63.7268],[23.0415,63.727]],[[23.0428,63.7277],[23.0526,63.7378]],[[23.0529,63.7382],[23.0526,63.7378]],[[23.0613,63.8414],[23.0438,63.8429]],[[23.0668,63.8407],[23.0651,63.8409]],[[23.0651,63.8409],[23.0623,63.8413]],[[23.0623,63.8413],[23.0613,63.8414]],[[23.0759,63.8395],[23.0668,63.8407]],[[23.074,63.7738],[23.1017,63.8085]],[[23.2624,63.8438],[23.2944,63.8464],[23.3503,63.8409]],[[23.2624,63.8438],[23.2958,63.8462],[23.348,63.8408]],[[23.1019,63.809],[23.1034,63.812]],[[23.1017,63.8085],[23.1019,63.809]],[[23.1034,63.812],[23.1038,63.8128]],[[23.1038,63.8128],[23.1156,63.8311]],[[23.1038,63.8128],[23.1158,63.831]],[[23.1239,63.8343],[23.1029,63.836]],[[23.0777,63.8393],[23.0761,63.8395]],[[23.0761,63.8395],[23.0759,63.8395]],[[23.0939,63.8371],[23.0777,63.8393]],[[23.1027,63.836],[23.0939,63.8371]],[[23.1188,63.8331],[23.1258,63.8343]],[[23.1187,63.8331],[23.1249,63.8343]],[[23.1156,63.8311],[23.116,63.8314]],[[23.1158,63.831],[23.1161,63.8314]],[[23.116,63.8314],[23.1187,63.8331]],[[23.1161,63.8314],[23.1188,63.8331]],[[23.1029,63.836],[23.1027,63.836]],[[23.1291,63.8345],[23.1472,63.8344]],[[23.1291,63.8345],[23.1458,63.8347]],[[23.1267,63.8343],[23.1291,63.8345]],[[23.1274,63.8344],[23.1291,63.8345]],[[23.1249,63.8343],[23.1274,63.8344]],[[23.1267,63.8343],[23.1258,63.8343]],[[23.1458,63.8347],[23.1476,63.8343]],[[23.1472,63.8344],[23.1521,63.8334]],[[23.1602,63.8322],[23.1619,63.8321]],[[23.1476,63.8343],[23.1601,63.8322]],[[23.1601,63.8322],[23.1619,63.8321]],[[23.1521,63.8334],[23.1602,63.8322]],[[23.1642,63.832],[23.1679,63.8318]],[[23.171,63.8316],[23.1778,63.8312]],[[23.1689,63.8317],[23.1778,63.8311]],[[23.1642,63.8319],[23.1679,63.8317]],[[23.1619,63.8321],[23.1642,63.832]],[[23.1619,63.8321],[23.1642,63.8319]],[[23.1679,63.8318],[23.1686,63.8317]],[[23.1679,63.8317],[23.1686,63.8317]],[[23.1686,63.8317],[23.171,63.8316]],[[23.1686,63.8317],[23.1689,63.8317]],[[23.1785,63.8311],[23.1926,63.8317]],[[23.1784,63.8311],[23.1926,63.8316]],[[23.1785,63.8311],[23.1778,63.8312]],[[23.1778,63.8311],[23.1784,63.8311]],[[23.2203,63.8354],[23.2446,63.8401]],[[23.2204,63.8353],[23.2447,63.8401]],[[23.1926,63.8317],[23.1938,63.8318]],[[23.1938,63.8318],[23.2064,63.8335]],[[23.1939,63.8317],[23.2065,63.8334]],[[23.1926,63.8316],[23.1939,63.8317]],[[23.208,63.8337],[23.22,63.8354]],[[23.208,63.8336],[23.2201,63.8352]],[[23.2064,63.8335],[23.208,63.8337]],[[23.2065,63.8334],[23.208,63.8336]],[[23.22,63.8354],[23.2203,63.8354]],[[23.2201,63.8352],[23.2204,63.8353]],[[23.2446,63.8401],[23.2467,63.8405]],[[23.2467,63.8405],[23.2611,63.8436]],[[23.2467,63.8405],[23.2612,63.8436]],[[23.2447,63.8401],[23.2467,63.8405]],[[23.2611,63.8436],[23.2624,63.8438]],[[23.2612,63.8436],[23.2624,63.8438]],[[23.3665,63.8416],[23.4034,63.8451],[23.456,63.8591]],[[23.3665,63.8415],[23.4034,63.8451],[23.4561,63.8591]],[[23.3503,63.8409],[23.3655,63.8415]],[[23.348,63.8408],[23.3655,63.8414]],[[23.3655,63.8415],[23.3665,63.8416]],[[23.3655,63.8414],[23.3665,63.8415]],[[23.4876,63.8628],[23.5012,63.8659]],[[23.4877,63.8627],[23.5013,63.8658]],[[23.4613,63.8602],[23.4619,63.8603]],[[23.4613,63.8601],[23.462,63.8603]],[[23.4568,63.8593],[23.456,63.8591]],[[23.4568,63.8593],[23.4596,63.8599]],[[23.4569,63.8592],[23.4597,63.8598]],[[23.4561,63.8591],[23.4569,63.8592]],[[23.4597,63.8598],[23.4613,63.8601]],[[23.4596,63.8599],[23.4613,63.8602]],[[23.4672,63.8609],[23.4873,63.8626]],[[23.4672,63.861],[23.4872,63.8627]],[[23.4619,63.8603],[23.4667,63.8609]],[[23.462,63.8603],[23.4667,63.8609]],[[23.4667,63.8609],[23.4672,63.861]],[[23.4667,63.8609],[23.4672,63.8609]],[[23.4873,63.8626],[23.4877,63.8627]],[[23.4872,63.8627],[23.4876,63.8628]],[[23.6542,63.8684],[23.8437,63.8903]],[[23.6542,63.8685],[23.8437,63.8904]],[[23.5107,63.8671],[23.549,63.8687]],[[23.5107,63.8672],[23.5478,63.8688]],[[23.5079,63.8669],[23.5085,63.867]],[[23.5078,63.867],[23.5085,63.8671]],[[23.5085,63.8671],[23.5107,63.8672]],[[23.5085,63.867],[23.5107,63.8671]],[[23.5013,63.8658],[23.5079,63.8669]],[[23.5012,63.8659],[23.5078,63.867]],[[23.549,63.8687],[23.6235,63.8686]],[[23.5478,63.8688],[23.6235,63.8686]],[[23.6235,63.8686],[23.644,63.8684]],[[23.6235,63.8686],[23.644,63.8684]],[[23.644,63.8684],[23.6535,63.8684]],[[23.644,63.8684],[23.6535,63.8684]],[[23.6535,63.8684],[23.6542,63.8684]],[[23.6535,63.8684],[23.6542,63.8685]],[[23.8492,63.891],[23.8946,63.8953]],[[23.8437,63.8903],[23.8443,63.8904]],[[23.8437,63.8904],[23.8443,63.8905]],[[23.8486,63.8909],[23.8492,63.891]],[[23.8486,63.891],[23.8492,63.8911]],[[23.8443,63.8904],[23.8486,63.8909]],[[23.8443,63.8905],[23.8486,63.891]],[[23.8492,63.8911],[23.8576,63.8923]],[[23.8576,63.8923],[23.8985,63.8957]],[[23.9036,63.896],[23.9182,63.8992]],[[23.9038,63.8961],[23.9186,63.8994]],[[23.9002,63.8958],[23.9038,63.8961]],[[23.8981,63.8956],[23.9036,63.896]],[[23.8946,63.8953],[23.8981,63.8956]],[[23.8985,63.8957],[23.9002,63.8958]],[[24.0202,63.8999],[24.1223,63.9057],[24.1425,63.9114]],[[24.004,63.9006],[24.1215,63.9055],[24.1426,63.9114]],[[23.9377,63.9022],[24.0035,63.9007]],[[23.9377,63.9022],[24.0035,63.9006]],[[23.9198,63.8997],[23.9228,63.9005]],[[23.9191,63.8995],[23.9212,63.9]],[[23.9186,63.8994],[23.919,63.8995]],[[23.9186,63.8993],[23.9191,63.8995]],[[23.9182,63.8992],[23.9186,63.8993]],[[23.919,63.8995],[23.9191,63.8995]],[[23.9191,63.8995],[23.9198,63.8997]],[[23.9228,63.9005],[23.9241,63.9009]],[[23.9229,63.9005],[23.9242,63.9009]],[[23.9212,63.9],[23.9229,63.9005]],[[23.9241,63.9009],[23.9244,63.901]],[[23.9244,63.901],[23.9248,63.9011]],[[23.9242,63.9009],[23.9245,63.901]],[[23.9245,63.901],[23.9248,63.9011]],[[23.9248,63.9011],[23.9369,63.9023]],[[23.9248,63.9011],[23.9369,63.9022]],[[23.9369,63.9023],[23.9377,63.9022]],[[23.9369,63.9022],[23.9377,63.9022]],[[24.004,63.9006],[24.0202,63.8999]],[[24.0035,63.9007],[24.004,63.9006]],[[24.0035,63.9006],[24.004,63.9006]],[[24.1425,63.9114],[24.1553,63.9164]],[[24.1426,63.9114],[24.1554,63.9164]],[[24.1553,63.9164],[24.1559,63.9167]],[[24.1554,63.9164],[24.156,63.9166]],[[24.1559,63.9167],[24.1577,63.9174]],[[24.156,63.9166],[24.1578,63.9173]],[[24.1578,63.9173],[24.1728,63.9243]],[[24.1577,63.9174],[24.1718,63.9239]],[[24.1718,63.9239],[24.203,63.9454],[24.2439,63.9662]],[[24.1728,63.9243],[24.2032,63.9453],[24.2439,63.9662]],[[24.2448,63.9666],[24.2805,63.979]],[[24.2448,63.9665],[24.279,63.9782]],[[24.2439,63.9662],[24.2448,63.9666]],[[24.2439,63.9662],[24.2448,63.9665]],[[24.279,63.9782],[24.2845,63.9809]],[[24.2805,63.979],[24.2844,63.981]],[[24.2848,63.9812],[24.3284,63.9951],[24.4046,64.0101],[24.4452,64.0268]],[[24.2844,63.981],[24.2848,63.9812]],[[24.2845,63.9809],[24.2849,63.9811]],[[24.2849,63.9811],[24.2873,63.9823]],[[24.325,63.994],[24.3459,63.998]],[[24.2873,63.9823],[24.325,63.994]],[[24.9255,63.95],[24.7631,64.0126],[24.7205,64.0337]],[[24.3459,63.998],[24.4048,64.01],[24.44,64.0243]],[[24.44,64.0243],[24.4784,64.0392]],[[24.4452,64.0268],[24.462,64.034]],[[24.462,64.034],[24.5146,64.0535]],[[24.4784,64.0392],[24.5146,64.0534]],[[24.5149,64.0536],[24.5321,64.0624]],[[24.5151,64.0535],[24.533,64.0627]],[[24.5146,64.0535],[24.5149,64.0536]],[[24.5146,64.0534],[24.5151,64.0535]],[[24.5358,64.0645],[24.536,64.0646]],[[24.533,64.0627],[24.5358,64.0645]],[[24.5366,64.065],[24.5396,64.0676]],[[24.5321,64.0624],[24.5366,64.065]],[[24.536,64.0646],[24.5366,64.065]],[[24.5366,64.065],[24.5397,64.0676]],[[24.6268,64.0686],[24.5685,64.08]],[[24.5467,64.0819],[24.5727,64.0911],[24.5944,64.0938]],[[24.5397,64.0676],[24.5407,64.0734]],[[24.5396,64.0676],[24.5406,64.0719]],[[24.5406,64.075],[24.5406,64.0759]],[[24.5407,64.0755],[24.5407,64.0754]],[[24.5407,64.075],[24.5407,64.0743]],[[24.5407,64.0743],[24.5408,64.074]],[[24.5406,64.074],[24.5406,64.0743]],[[24.5408,64.0739],[24.5408,64.074]],[[24.5406,64.072],[24.5406,64.0739]],[[24.5406,64.0719],[24.5406,64.072]],[[24.5406,64.0759],[24.5406,64.0765]],[[24.5406,64.0743],[24.5406,64.075]],[[24.5407,64.0734],[24.5408,64.0739]],[[24.5407,64.0759],[24.5407,64.0755]],[[24.5406,64.0739],[24.5406,64.074]],[[24.5407,64.0763],[24.5407,64.0759]],[[24.5407,64.0754],[24.5407,64.075]],[[24.5406,64.0765],[24.5434,64.0807]],[[24.5577,64.0822],[24.5441,64.081]],[[24.5436,64.0807],[24.5407,64.0763]],[[24.5441,64.081],[24.5436,64.0807]],[[24.5434,64.0807],[24.544,64.081]],[[24.544,64.081],[24.5467,64.0819]],[[24.568,64.0801],[24.5594,64.0819]],[[24.5594,64.0819],[24.5578,64.0822]],[[24.5578,64.0822],[24.5577,64.0822]],[[24.5685,64.08],[24.568,64.0801]],[[24.6649,64.0599],[24.6268,64.0686]],[[24.7204,64.0337],[24.6837,64.052]],[[24.6835,64.052],[24.6657,64.0597]],[[24.6837,64.052],[24.6835,64.052]],[[24.6657,64.0597],[24.6649,64.0599]],[[24.7205,64.0337],[24.7204,64.0337]],[[24.5944,64.0938],[24.6243,64.1021]],[[24.6243,64.1021],[24.6245,64.1022]],[[24.6245,64.1022],[24.6361,64.1075]],[[24.6361,64.1075],[24.6448,64.1107]],[[24.6448,64.1107],[24.6924,64.129]],[[24.6924,64.129],[24.6926,64.1292]],[[24.6926,64.1292],[24.6969,64.1323]],[[24.7026,64.1364],[24.7073,64.1397]],[[24.697,64.1324],[24.7026,64.1364]],[[24.6969,64.1323],[24.697,64.1324]],[[24.7246,64.1536],[24.7367,64.159],[24.7484,64.1724]],[[24.7073,64.1397],[24.7093,64.1412]],[[24.719,64.1488],[24.7206,64.1507]],[[24.7093,64.1412],[24.7156,64.1457]],[[24.7156,64.1457],[24.719,64.1488]],[[24.7225,64.1524],[24.7246,64.1536]],[[24.7206,64.1507],[24.7225,64.1524]],[[24.9509,63.9402],[24.9257,63.95]],[[24.9257,63.95],[24.9255,63.95]],[[24.9651,63.9347],[24.9519,63.9398]],[[24.9519,63.9398],[24.9509,63.9402]],[[25.2592,63.8106],[24.9696,63.9329]],[[24.9694,63.933],[24.9664,63.9342]],[[24.9664,63.9342],[24.9651,63.9347]],[[24.9696,63.9329],[24.9694,63.933]],[[24.7484,64.1724],[24.7772,64.1914],[24.7839,64.204]],[[24.7839,64.204],[24.7982,64.2226]],[[24.7982,64.2226],[24.8023,64.2254]],[[24.8023,64.2254],[24.8118,64.2304]],[[24.8118,64.2304],[24.8122,64.2307]],[[24.8122,64.2307],[24.8145,64.2344]],[[24.8145,64.2344],[24.8163,64.244]],[[24.8337,64.2793],[24.8749,64.3015]],[[24.8163,64.244],[24.8163,64.2442]],[[24.8163,64.2442],[24.8202,64.2646]],[[24.8207,64.2673],[24.821,64.2687]],[[24.8206,64.267],[24.8207,64.2673]],[[24.8206,64.2667],[24.8206,64.267]],[[24.8202,64.2646],[24.8202,64.2648]],[[24.8202,64.2648],[24.8204,64.266]],[[24.8204,64.266],[24.8206,64.2667]],[[24.821,64.2687],[24.821,64.269]],[[24.821,64.269],[24.8276,64.2761]],[[24.8303,64.2776],[24.8337,64.2793]],[[24.8279,64.2763],[24.8299,64.2773]],[[24.8276,64.2761],[24.8279,64.2763]],[[24.8301,64.2774],[24.8303,64.2776]],[[24.8299,64.2773],[24.8301,64.2774]],[[24.8753,64.3017],[24.9038,64.319]],[[24.8749,64.3015],[24.8753,64.3017]],[[24.9043,64.3193],[24.9418,64.3392]],[[24.9038,64.319],[24.9043,64.3193]],[[24.9418,64.3392],[24.9468,64.3411]],[[24.9475,64.3413],[24.9633,64.3473]],[[24.9468,64.3411],[24.9475,64.3413]],[[24.9633,64.3473],[24.9638,64.3474]],[[24.9638,64.3474],[24.9674,64.3488]],[[24.9674,64.3488],[24.9715,64.3514]],[[24.9722,64.352],[24.9757,64.3579],[24.9727,64.4007]],[[24.9718,64.3517],[24.9722,64.352]],[[24.9715,64.3514],[24.9718,64.3517]],[[24.9996,64.6069],[24.8709,64.626]],[[24.98,64.43],[24.9925,64.48]],[[24.9727,64.4007],[24.98,64.4297]],[[24.98,64.4297],[24.98,64.43]],[[24.9946,64.4883],[25.0057,64.5328]],[[24.9926,64.4805],[24.9926,64.4803]],[[24.9925,64.48],[24.9926,64.4803]],[[24.9926,64.4805],[24.9942,64.4866]],[[24.9945,64.488],[24.9946,64.4883]],[[24.9942,64.4866],[24.9945,64.488]],[[25.0078,64.5414],[25.0216,64.596]],[[25.0057,64.5328],[25.0078,64.5414]],[[25.0125,64.605],[24.9996,64.6069]],[[25.023,64.6016],[25.0162,64.6046]],[[25.0216,64.596],[25.0217,64.5963]],[[25.0265,64.6073],[25.0162,64.6046]],[[25.0162,64.6046],[25.0125,64.605]],[[25.0217,64.5963],[25.0223,64.5989]],[[25.0223,64.5989],[25.023,64.6016]],[[25.0271,64.6076],[25.0388,64.617]],[[25.0274,64.608],[25.0371,64.6158]],[[25.023,64.6016],[25.0234,64.603]],[[25.0234,64.603],[25.026,64.6067]],[[25.0265,64.6073],[25.0274,64.608]],[[25.026,64.6067],[25.0271,64.6076]],[[24.4129,64.6461],[24.4156,64.651]],[[24.42,64.6422],[24.4147,64.6425]],[[24.4147,64.6425],[24.4125,64.645]],[[24.4126,64.6453],[24.4129,64.6461]],[[24.4125,64.645],[24.4126,64.6453]],[[24.4382,64.6497],[24.4321,64.6436],[24.4218,64.6423]],[[24.4218,64.6423],[24.42,64.6422]],[[24.416,64.6517],[24.4161,64.652]],[[24.4156,64.651],[24.416,64.6517]],[[24.4275,64.6657],[24.4273,64.6655]],[[24.4273,64.6655],[24.4258,64.6619]],[[24.4401,64.6703],[24.4275,64.6657]],[[24.4399,64.652],[24.4388,64.6503]],[[24.449,64.66],[24.4425,64.6567]],[[24.4388,64.6503],[24.4382,64.6497]],[[24.4425,64.6567],[24.4399,64.652]],[[24.4557,64.6652],[24.4503,64.6605]],[[24.4503,64.6605],[24.449,64.66]],[[24.4606,64.6742],[24.4401,64.6703]],[[24.4559,64.6655],[24.4557,64.6652]],[[24.4587,64.6691],[24.4559,64.6655]],[[24.4743,64.6783],[24.4608,64.6709]],[[24.4608,64.6709],[24.4604,64.6706]],[[24.4604,64.6706],[24.4587,64.6691]],[[24.4614,64.6744],[24.4606,64.6742]],[[24.4742,64.6783],[24.4614,64.6744]],[[24.4747,64.6786],[24.4742,64.6783]],[[24.4768,64.6797],[24.4747,64.6786]],[[24.4859,64.6827],[24.4806,64.6816]],[[24.4788,64.6808],[24.4768,64.6797]],[[24.4789,64.6808],[24.4743,64.6783]],[[24.4846,64.6825],[24.4806,64.6816]],[[24.4806,64.6816],[24.4797,64.6813]],[[24.4806,64.6816],[24.4797,64.6813]],[[24.4797,64.6813],[24.4789,64.6808]],[[24.4797,64.6813],[24.4793,64.6811]],[[24.4793,64.6811],[24.4788,64.6808]],[[24.5816,64.6816],[24.5103,64.6855]],[[24.5015,64.6848],[24.4846,64.6825]],[[24.501,64.6847],[24.4859,64.6827]],[[24.5099,64.6856],[24.5037,64.6851]],[[24.5037,64.6851],[24.501,64.6847]],[[24.5037,64.6851],[24.5015,64.6848]],[[24.5103,64.6855],[24.5099,64.6856]],[[24.8703,64.6261],[24.7718,64.6406],[24.6764,64.6651],[24.6261,64.6826],[24.583,64.6817]],[[24.5827,64.6817],[24.5819,64.6816]],[[24.5819,64.6816],[24.5816,64.6816]],[[24.583,64.6817],[24.5827,64.6817]],[[24.8709,64.626],[24.8703,64.6261]],[[25.0439,64.6211],[25.0843,64.6535]],[[25.0413,64.619],[25.0439,64.6211]],[[25.041,64.6188],[25.0413,64.619]],[[25.0388,64.617],[25.0402,64.6181]],[[25.0371,64.6158],[25.0402,64.6181]],[[25.0402,64.6181],[25.041,64.6188]],[[25.0843,64.6535],[25.0846,64.6537]],[[25.0857,64.6546],[25.0901,64.6569]],[[25.0846,64.6537],[25.0857,64.6546]],[[25.092,64.6577],[25.1035,64.6627]],[[25.0901,64.6569],[25.092,64.6577]],[[25.1035,64.6627],[25.1054,64.6635]],[[25.1128,64.667],[25.1134,64.6673]],[[25.1071,64.6642],[25.1123,64.6667]],[[25.1123,64.6667],[25.1128,64.667]],[[25.1123,64.6667],[25.1123,64.6667]],[[25.1054,64.6635],[25.1071,64.6642]],[[25.1134,64.6673],[25.117,64.6695]],[[25.117,64.6695],[25.1176,64.6698]],[[25.1176,64.6698],[25.2121,64.725]],[[25.5435,63.3862],[25.5282,63.3941],[25.4252,63.4275],[25.3973,63.4406],[25.3861,63.4552],[25.3793,63.468],[25.3877,63.5012],[25.3765,63.5294],[25.361,63.5477],[25.351,63.5683],[25.3415,63.5798],[25.3432,63.5953],[25.359,63.6262],[25.3613,63.642]],[[25.6097,63.734],[25.3472,63.7515]],[[25.5572,63.3673],[25.5554,63.3759]],[[25.5554,63.3759],[25.552,63.3811]],[[25.5517,63.3814],[25.5446,63.3856]],[[25.5446,63.3856],[25.5435,63.3862]],[[25.552,63.3811],[25.5517,63.3814]],[[25.3614,63.6422],[25.3628,63.6508],[25.3755,63.6737]],[[25.3613,63.642],[25.3614,63.6422]],[[25.32,63.7624],[25.2799,63.8006],[25.2595,63.8104]],[[25.3864,63.704],[25.3602,63.7376]],[[25.3755,63.6737],[25.3756,63.674]],[[25.3203,63.7621],[25.32,63.7624]],[[25.3243,63.7583],[25.3203,63.7621]],[[25.3601,63.7377],[25.3509,63.7487]],[[25.3602,63.7376],[25.3601,63.7377]],[[25.3407,63.7526],[25.3339,63.7546]],[[25.3339,63.7546],[25.3251,63.7578]],[[25.3472,63.7515],[25.3416,63.7524]],[[25.3438,63.7515],[25.3416,63.7524]],[[25.3509,63.7487],[25.3438,63.7515]],[[25.3416,63.7524],[25.3407,63.7526]],[[25.3251,63.7578],[25.3243,63.7583]],[[25.3756,63.674],[25.3828,63.687]],[[25.3843,63.6897],[25.3891,63.6986],[25.3864,63.704]],[[25.3828,63.687],[25.3842,63.6896]],[[25.3842,63.6896],[25.3843,63.6897]],[[25.9751,63.6837],[25.8625,63.7011],[25.7588,63.7236],[25.6246,63.733]],[[25.6243,63.733],[25.6097,63.734]],[[25.6246,63.733],[25.6243,63.733]],[[26.0373,63.6768],[25.9999,63.6809]],[[25.9768,63.6835],[25.9751,63.6837]],[[25.9827,63.6829],[25.9768,63.6835]],[[25.9927,63.6818],[25.9916,63.6819]],[[25.9916,63.6819],[25.9827,63.6829]],[[25.9932,63.6817],[25.9927,63.6818]],[[25.9939,63.6816],[25.9932,63.6817]],[[25.9999,63.6809],[25.9939,63.6816]],[[25.2595,63.8104],[25.2592,63.8106]],[[26.4533,63.6599],[26.3567,63.6683],[26.1611,63.6628]],[[26.1482,63.6642],[26.0373,63.6768]],[[26.1611,63.6628],[26.1482,63.6642]],[[26.5879,63.6471],[26.5403,63.6535],[26.5137,63.6529]],[[26.5133,63.6528],[26.4538,63.6599]],[[26.4538,63.6599],[26.4533,63.6599]],[[26.5137,63.6529],[26.5133,63.6528]],[[26.6718,63.6133],[26.6214,63.6372]],[[26.6214,63.6372],[26.6156,63.6394]],[[26.591,63.6467],[26.5879,63.6471]],[[26.5999,63.6449],[26.591,63.6467]],[[26.6046,63.6433],[26.6035,63.6437]],[[26.6035,63.6437],[26.6025,63.6441]],[[26.6025,63.6441],[26.6014,63.6445]],[[26.6014,63.6445],[26.5999,63.6449]],[[26.6112,63.641],[26.6046,63.6433]],[[26.6156,63.6394],[26.6147,63.6397]],[[26.6147,63.6397],[26.6112,63.641]],[[26.7713,63.5976],[26.7433,63.5979],[26.6927,63.6058],[26.6722,63.6132]],[[26.6722,63.6132],[26.6718,63.6133]],[[26.8242,63.6],[26.7724,63.5978]],[[26.7724,63.5978],[26.7713,63.5976]],[[26.8866,63.6021],[26.8249,63.6]],[[26.8249,63.6],[26.8242,63.6]],[[25.2121,64.725],[25.2164,64.7275]],[[25.2164,64.7275],[25.2175,64.7282]],[[25.2175,64.7282],[25.2273,64.7339]],[[25.2327,64.737],[25.2792,64.7641]],[[25.2289,64.7348],[25.2327,64.737]],[[25.2273,64.7339],[25.2289,64.7348]],[[25.2792,64.7641],[25.2839,64.7668]],[[25.2839,64.7668],[25.2856,64.7678]],[[25.2856,64.7678],[25.2988,64.7742]],[[25.3007,64.7751],[25.3063,64.7775]],[[25.3063,64.7775],[25.3222,64.7844]],[[25.2988,64.7742],[25.3007,64.7751]],[[25.3222,64.7844],[25.3345,64.7883]],[[25.3609,64.7937],[25.3957,64.8007]],[[25.3345,64.7883],[25.3579,64.7931]],[[25.3604,64.7936],[25.3609,64.7937]],[[25.3586,64.7932],[25.3604,64.7936]],[[25.3579,64.7931],[25.3586,64.7932]],[[25.3985,64.8013],[25.4089,64.8043]],[[25.3957,64.8007],[25.3963,64.8009]],[[25.3963,64.8009],[25.3985,64.8013]],[[25.4112,64.8052],[25.4133,64.806]],[[25.4089,64.8043],[25.4112,64.8052]],[[25.4133,64.806],[25.4136,64.8061]],[[25.4136,64.8061],[25.4175,64.8077]],[[25.4199,64.8086],[25.4205,64.8089]],[[25.4191,64.8083],[25.4199,64.8086]],[[25.4175,64.8077],[25.4191,64.8083]],[[25.4205,64.8089],[25.4315,64.8132]],[[25.4332,64.8138],[25.4386,64.8159]],[[25.4386,64.8159],[25.4422,64.8174]],[[25.4315,64.8132],[25.4332,64.8138]],[[25.4422,64.8174],[25.4447,64.8185]],[[25.459,64.827],[25.4901,64.8531]],[[25.4447,64.8185],[25.445,64.8187]],[[25.445,64.8187],[25.45,64.8211]],[[25.45,64.8211],[25.4543,64.8234]],[[25.4543,64.8234],[25.4549,64.8238]],[[25.4549,64.8238],[25.4566,64.825]],[[25.4566,64.825],[25.4589,64.8269]],[[25.4589,64.8269],[25.459,64.827]],[[25.4992,64.8663],[25.5119,64.9049]],[[25.4904,64.8533],[25.4936,64.856]],[[25.4901,64.8531],[25.4904,64.8533]],[[25.4936,64.856],[25.4977,64.8615]],[[25.4984,64.8639],[25.4985,64.8642]],[[25.4977,64.8615],[25.4984,64.8639]],[[25.4985,64.8642],[25.4992,64.8662]],[[25.4992,64.8662],[25.4992,64.8663]],[[25.5178,64.9228],[25.5231,64.9388]],[[25.5136,64.91],[25.5162,64.9179]],[[25.513,64.9083],[25.5133,64.9092]],[[25.5119,64.9049],[25.513,64.9083]],[[25.5133,64.9092],[25.5136,64.91]],[[25.5168,64.9199],[25.517,64.9203]],[[25.5162,64.9179],[25.5165,64.9188]],[[25.5165,64.9188],[25.5168,64.9199]],[[25.517,64.9203],[25.5178,64.9228]],[[25.4817,64.9856],[25.4742,64.9982]],[[25.4738,64.999],[25.4744,65.0038]],[[25.4742,64.9982],[25.4738,64.999]],[[25.479,65.0075],[25.4797,65.0079]],[[25.479,65.0075],[25.4801,65.0084]],[[25.4777,65.0066],[25.479,65.0075]],[[25.4744,65.0038],[25.4777,65.0066]],[[25.4797,65.0079],[25.4855,65.0118]],[[25.4801,65.0084],[25.4808,65.0089]],[[25.4838,65.028],[25.469,65.0292]],[[25.5203,64.9738],[25.5504,64.9689]],[[25.5206,64.9468],[25.5143,64.953]],[[25.5231,64.9388],[25.521,64.9464]],[[25.521,64.9464],[25.5206,64.9468]],[[25.505,64.9621],[25.4986,64.9683]],[[25.5095,64.9577],[25.5054,64.9617]],[[25.5054,64.9617],[25.505,64.9621]],[[25.4986,64.9683],[25.4923,64.9746]],[[25.4919,64.9749],[25.4872,64.9795]],[[25.4923,64.9746],[25.4919,64.9749]],[[25.4954,64.9775],[25.5193,64.9739]],[[25.5143,64.953],[25.5139,64.9534]],[[25.5139,64.9534],[25.5095,64.9577]],[[25.5193,64.9739],[25.5203,64.9738]],[[25.5516,64.9687],[25.5961,64.9644]],[[25.5504,64.9689],[25.5516,64.9687]],[[25.4869,64.9799],[25.4857,64.981]],[[25.4857,64.981],[25.4867,64.9802]],[[25.4857,64.981],[25.4847,64.9821]],[[25.4867,64.9802],[25.4954,64.9775]],[[25.4847,64.9821],[25.4837,64.983]],[[25.4872,64.9795],[25.4869,64.9799]],[[25.4837,64.983],[25.4817,64.9856]],[[25.4868,65.013],[25.4871,65.0132]],[[25.4869,65.013],[25.4887,65.0143]],[[25.4894,65.0149],[25.4895,65.015]],[[25.4865,65.0127],[25.4869,65.013]],[[25.4864,65.0127],[25.4868,65.013]],[[25.4808,65.0089],[25.4864,65.0127]],[[25.4855,65.0118],[25.4865,65.0127]],[[25.4871,65.0132],[25.4894,65.0149]],[[25.4887,65.0143],[25.4894,65.0149]],[[25.4922,65.0172],[25.4925,65.0175]],[[25.4925,65.0175],[25.4934,65.0182]],[[25.4909,65.0162],[25.4922,65.0172]],[[25.4895,65.015],[25.4909,65.0162]],[[25.4939,65.0259],[25.4926,65.0265]],[[25.4901,65.0273],[25.4862,65.0278]],[[25.4934,65.0182],[25.4938,65.0185]],[[25.4854,65.0279],[25.4838,65.028]],[[25.4862,65.0278],[25.4854,65.0279]],[[25.4926,65.0265],[25.4919,65.0268]],[[25.4919,65.0268],[25.4901,65.0273]],[[25.4938,65.0185],[25.496,65.0203]],[[25.496,65.0203],[25.4964,65.021]],[[25.4964,65.021],[25.4965,65.0221]],[[25.4965,65.0221],[25.4964,65.023]],[[25.4961,65.024],[25.494,65.0258]],[[25.494,65.0258],[25.4939,65.0259]],[[25.4964,65.023],[25.4961,65.024]],[[25.8082,64.8834],[25.8521,64.8644],[25.8955,64.8382],[25.9419,64.8174],[25.9715,64.808]],[[25.9715,64.808],[25.981,64.8061]],[[25.9851,64.8058],[26.0016,64.8048]],[[26.0021,64.8048],[26.0082,64.8044]],[[26.0016,64.8048],[26.0021,64.8048]],[[25.9829,64.806],[25.9837,64.8059]],[[25.981,64.8061],[25.9829,64.806]],[[25.9837,64.8059],[25.9851,64.8058]],[[25.6757,64.9471],[25.7209,64.9307],[25.7473,64.9164]],[[25.7592,64.9099],[25.8082,64.8834]],[[25.7584,64.9104],[25.7592,64.9099]],[[25.7473,64.9164],[25.7481,64.916]],[[25.7481,64.916],[25.7584,64.9104]],[[25.6058,64.9639],[25.645,64.9582]],[[25.5961,64.9644],[25.5965,64.9644]],[[25.5965,64.9644],[25.6047,64.964]],[[25.6047,64.964],[25.6058,64.9639]],[[25.645,64.9582],[25.675,64.9473]],[[25.675,64.9473],[25.6757,64.9471]],[[26.5419,64.6323],[26.66,64.5669]],[[26.6858,64.5596],[26.7285,64.5493],[26.816,64.5543]],[[26.66,64.5669],[26.6858,64.5596]],[[26.8167,64.5544],[26.8188,64.5547]],[[26.816,64.5543],[26.8167,64.5544]],[[26.8298,64.5562],[26.8305,64.5563]],[[26.8238,64.5554],[26.8259,64.5557]],[[26.8201,64.5549],[26.8238,64.5554]],[[26.8188,64.5547],[26.8201,64.5549]],[[26.8259,64.5557],[26.8298,64.5562]],[[26.8305,64.5563],[26.8321,64.5566]],[[26.8321,64.5566],[26.8336,64.5568]],[[26.8336,64.5568],[26.8431,64.5581]],[[26.8431,64.5581],[26.852,64.5593]],[[26.1591,64.7918],[26.1776,64.789],[26.2671,64.7879]],[[26.0496,64.8065],[26.0733,64.8125],[26.112,64.809]],[[26.0141,64.804],[26.0446,64.8048]],[[26.0108,64.8042],[26.0133,64.804]],[[26.0082,64.8044],[26.0108,64.8042]],[[26.0133,64.804],[26.0141,64.804]],[[26.0446,64.8048],[26.0468,64.8055]],[[26.0468,64.8055],[26.048,64.8059]],[[26.048,64.8059],[26.0496,64.8065]],[[26.112,64.809],[26.1591,64.7918]],[[26.2673,64.7878],[26.3972,64.7663]],[[26.2671,64.7879],[26.2673,64.7878]],[[26.3972,64.7663],[26.4082,64.7628]],[[26.4217,64.753],[26.4237,64.7516]],[[26.4237,64.7516],[26.4244,64.7511]],[[26.4095,64.7619],[26.4113,64.7606]],[[26.4082,64.7628],[26.4095,64.7619]],[[26.4189,64.755],[26.4217,64.753]],[[26.4132,64.7592],[26.4189,64.755]],[[26.4113,64.7606],[26.4132,64.7592]],[[26.4276,64.7487],[26.4555,64.7281],[26.4693,64.7024],[26.5275,64.643]],[[26.5275,64.643],[26.5419,64.6323]],[[26.4244,64.7511],[26.4276,64.7487]],[[24.0187,65.8485],[24.0676,65.8473],[24.0847,65.8427],[24.0971,65.8354]],[[24.1324,65.8278],[24.1097,65.8302]],[[24.1076,65.8307],[24.0971,65.8354]],[[24.1079,65.8306],[24.1076,65.8307]],[[24.1085,65.8305],[24.1079,65.8306]],[[24.1091,65.8304],[24.1085,65.8305]],[[24.1097,65.8302],[24.1091,65.8304]],[[24.1622,65.763],[24.1611,65.7583]],[[24.1611,65.7583],[24.1607,65.7566]],[[24.1644,65.8299],[24.1618,65.826],[24.1684,65.8144]],[[24.1759,65.7968],[24.1643,65.7715]],[[24.1623,65.7634],[24.1622,65.763]],[[24.1626,65.7647],[24.1623,65.7634]],[[24.1639,65.7699],[24.1626,65.7647]],[[24.1643,65.7715],[24.1639,65.7699]],[[24.1686,65.8141],[24.1728,65.8069]],[[24.1684,65.8144],[24.1686,65.8141]],[[24.1728,65.8069],[24.176,65.7971]],[[24.176,65.7971],[24.1759,65.7968]],[[24.1267,65.8287],[24.134,65.828]],[[24.1369,65.8278],[24.1359,65.8278]],[[24.134,65.828],[24.1369,65.8278]],[[24.1345,65.8278],[24.1324,65.8278]],[[24.1359,65.8278],[24.1345,65.8278]],[[24.1414,65.8277],[24.1409,65.8277]],[[24.1409,65.8277],[24.1369,65.8278]],[[24.1452,65.8278],[24.1414,65.8277]],[[24.1542,65.8279],[24.1507,65.8279]],[[24.1547,65.8279],[24.1542,65.8279]],[[24.1644,65.8299],[24.1547,65.8279]],[[24.1507,65.8279],[24.1452,65.8278]],[[24.1682,65.8319],[24.166,65.8308]],[[24.166,65.8308],[24.1654,65.8305]],[[24.1682,65.832],[24.1682,65.8319]],[[24.1654,65.8305],[24.1649,65.8302]],[[24.1649,65.8302],[24.1644,65.8299]],[[24.1696,65.8354],[24.1682,65.832]],[[24.1642,65.843],[24.1686,65.8364]],[[24.1695,65.8356],[24.1696,65.8354]],[[24.1692,65.8358],[24.1695,65.8356]],[[24.1686,65.8364],[24.1692,65.8358]],[[24.164,65.8447],[24.164,65.8442]],[[24.164,65.8442],[24.1641,65.8439]],[[24.1642,65.8432],[24.1642,65.843]],[[24.1641,65.8439],[24.1642,65.8432]],[[24.164,65.8449],[24.164,65.8447]],[[24.1748,65.851],[24.1679,65.8535]],[[24.1754,65.8509],[24.1689,65.8506]],[[24.1668,65.8511],[24.168,65.8542]],[[24.1679,65.8535],[24.168,65.8542]],[[24.1646,65.8479],[24.164,65.8449]],[[24.1689,65.8506],[24.1683,65.8504]],[[24.1666,65.8506],[24.1668,65.8511]],[[24.1683,65.8504],[24.1655,65.8489]],[[24.1652,65.8485],[24.1656,65.8491]],[[24.1655,65.8489],[24.1646,65.8479]],[[24.1656,65.8491],[24.1666,65.8506]],[[24.168,65.8542],[24.1682,65.8548]],[[24.1682,65.8548],[24.1692,65.8574]],[[24.1692,65.8574],[24.1695,65.8581]],[[24.1695,65.8581],[24.1688,65.8677]],[[24.2247,65.8498],[24.2083,65.8506]],[[24.195,65.8507],[24.1768,65.8509]],[[24.1768,65.8509],[24.1748,65.851]],[[24.1768,65.8509],[24.1754,65.8509]],[[24.1961,65.8507],[24.195,65.8507]],[[24.2055,65.8506],[24.1961,65.8507]],[[24.2083,65.8506],[24.2055,65.8506]],[[24.2741,65.8389],[24.2614,65.8433]],[[24.2747,65.8387],[24.2741,65.8389]],[[24.2389,65.8493],[24.2299,65.8494]],[[24.2299,65.8494],[24.2253,65.8497]],[[24.2253,65.8497],[24.2247,65.8498]],[[24.2614,65.8433],[24.2468,65.849]],[[24.2468,65.849],[24.2416,65.8495]],[[24.2416,65.8495],[24.2389,65.8493]],[[24.2867,65.8344],[24.279,65.8371]],[[24.288,65.8339],[24.2867,65.8344]],[[24.2773,65.8378],[24.2747,65.8387]],[[24.279,65.8371],[24.2773,65.8378]],[[24.301,65.8304],[24.288,65.8339]],[[24.3378,65.826],[24.3181,65.8294]],[[24.3012,65.8304],[24.301,65.8304]],[[24.3181,65.8294],[24.3012,65.8304]],[[24.5272,65.8035],[24.5419,65.8132],[24.5586,65.8376],[24.5885,65.8656],[24.6012,65.8855],[24.6174,65.8926]],[[24.4309,65.8127],[24.3378,65.826]],[[24.4325,65.8128],[24.4309,65.8127]],[[24.4918,65.8044],[24.441,65.8124]],[[24.441,65.8124],[24.4325,65.8128]],[[24.5116,65.8014],[24.4928,65.8043]],[[24.4928,65.8043],[24.4918,65.8044]],[[24.5298,65.7981],[24.5235,65.7997]],[[24.5235,65.7997],[24.5169,65.8006]],[[24.5169,65.8006],[24.5148,65.8009]],[[24.5148,65.8009],[24.5121,65.8013]],[[24.5121,65.8013],[24.5116,65.8014]],[[24.5315,65.7976],[24.5301,65.798]],[[24.5298,65.7981],[24.5257,65.8006],[24.5272,65.8035]],[[24.5421,65.7942],[24.534,65.7968]],[[24.5301,65.798],[24.5298,65.7981]],[[24.534,65.7968],[24.5315,65.7976]],[[24.5815,65.6867],[24.5733,65.6791],[24.5579,65.6751]],[[24.7962,65.6828],[24.672,65.7062]],[[24.5422,65.6737],[24.5415,65.6737]],[[24.5579,65.6751],[24.5422,65.6737]],[[24.595,65.6946],[24.5815,65.6867]],[[24.5975,65.6986],[24.595,65.6946]],[[24.603,65.7073],[24.5975,65.6986]],[[24.6039,65.7099],[24.6037,65.7093]],[[24.6037,65.7093],[24.603,65.7073]],[[24.5805,65.7274],[24.6039,65.7099]],[[24.5767,65.7348],[24.5718,65.7387]],[[24.5939,65.7268],[24.5801,65.7318]],[[24.5806,65.7301],[24.5805,65.7274]],[[24.5801,65.7318],[24.5796,65.7324]],[[24.5786,65.7332],[24.5767,65.7348]],[[24.5807,65.7305],[24.5806,65.7301]],[[24.5806,65.7311],[24.5807,65.7305]],[[24.5803,65.7315],[24.5806,65.7311]],[[24.5796,65.7324],[24.5786,65.7332]],[[24.5802,65.7318],[24.5803,65.7315]],[[24.5705,65.7397],[24.5703,65.74]],[[24.5712,65.7392],[24.5705,65.7397]],[[24.5703,65.74],[24.5699,65.7412]],[[24.5718,65.7387],[24.5712,65.7392]],[[24.5699,65.7412],[24.5699,65.7447]],[[24.5699,65.7466],[24.5694,65.7495]],[[24.5699,65.7447],[24.5699,65.7466]],[[24.5694,65.7495],[24.5671,65.7592]],[[24.567,65.7604],[24.5667,65.7663]],[[24.5671,65.7592],[24.567,65.7604]],[[24.6493,65.7109],[24.5963,65.7263]],[[24.5963,65.7263],[24.5939,65.7268]],[[24.6717,65.7063],[24.6495,65.7108]],[[24.672,65.7062],[24.6717,65.7063]],[[24.6495,65.7108],[24.6493,65.7109]],[[24.5641,65.7864],[24.5589,65.7897]],[[24.5667,65.7663],[24.5667,65.7668]],[[24.566,65.7732],[24.5653,65.778]],[[24.5667,65.7668],[24.5662,65.7721]],[[24.5662,65.7721],[24.566,65.7732]],[[24.5653,65.778],[24.5641,65.7864]],[[24.5429,65.7939],[24.5421,65.7942]],[[24.5474,65.7918],[24.546,65.7926]],[[24.546,65.7926],[24.5429,65.7939]],[[24.5582,65.7898],[24.5474,65.7918]],[[24.5589,65.7897],[24.5582,65.7898]],[[25.1901,65.6054],[25.1582,65.6238],[25.0773,65.6617]],[[24.8241,65.6808],[24.7962,65.6828]],[[25.0442,65.6643],[24.928,65.6761]],[[24.9274,65.6762],[24.8496,65.6802]],[[24.8406,65.6801],[24.8241,65.6808]],[[24.8494,65.6802],[24.8409,65.6801]],[[24.8409,65.6801],[24.8406,65.6801]],[[24.8496,65.6802],[24.8494,65.6802]],[[24.928,65.6761],[24.9274,65.6762]],[[25.055,65.6636],[25.0442,65.6643]],[[25.0554,65.6636],[25.055,65.6636]],[[25.0664,65.6627],[25.0554,65.6636]],[[25.0694,65.6625],[25.0687,65.6626]],[[25.0684,65.6626],[25.0679,65.6626]],[[25.0687,65.6626],[25.0684,65.6626]],[[25.0746,65.662],[25.0694,65.6625]],[[25.0679,65.6626],[25.0664,65.6627]],[[25.0773,65.6617],[25.0746,65.662]],[[23.8952,66.1743],[23.8194,66.1895],[23.8071,66.1986],[23.8049,66.2123],[23.8006,66.2172],[23.7601,66.2346],[23.6826,66.2955],[23.6706,66.3077],[23.6772,66.3184]],[[23.9496,66.1366],[23.9477,66.1445],[23.9309,66.1612],[23.8963,66.1741]],[[23.8963,66.1741],[23.8952,66.1743]],[[24.1688,65.8682],[24.146,65.9133],[24.1354,65.9268],[24.085,65.9516],[24.0657,65.9702],[24.0649,65.9746],[24.0732,65.9854]],[[23.9968,66.0622],[23.9542,66.1094],[23.9496,66.1366]],[[24.0183,66.0548],[24.004,66.0565],[23.9968,66.0622]],[[24.0685,66.0129],[24.0456,66.0392],[24.0221,66.0533]],[[24.0732,65.9854],[24.0775,66.0005],[24.0696,66.0116]],[[24.0696,66.0116],[24.0685,66.0129]],[[24.0221,66.0533],[24.0183,66.0548]],[[24.1688,65.8677],[24.1688,65.8682]],[[23.6827,66.4554],[23.7175,66.4693],[23.7336,66.4884],[23.7648,66.5091],[23.7977,66.5169],[23.8103,66.5289],[23.8324,66.5388]],[[23.6916,66.3372],[23.6961,66.3449],[23.7208,66.3617],[23.7192,66.3675],[23.7102,66.3747],[23.7114,66.3827],[23.7063,66.3911]],[[23.6772,66.3184],[23.6774,66.3188]],[[23.6774,66.3188],[23.6915,66.3369]],[[23.6915,66.3369],[23.6916,66.3372]],[[23.7048,66.405],[23.6851,66.4233],[23.6827,66.4515]],[[23.6827,66.4515],[23.6827,66.4554]],[[23.7063,66.3911],[23.7037,66.3962],[23.7057,66.4043]],[[23.7057,66.4043],[23.7048,66.405]],[[23.8528,66.5451],[23.8724,66.5526],[23.8788,66.567],[23.8944,66.5832],[23.9109,66.6393],[23.9261,66.6498]],[[23.8371,66.5408],[23.8377,66.5411]],[[23.8377,66.5411],[23.8421,66.5427]],[[23.8324,66.5388],[23.8371,66.5408]],[[23.845,66.5434],[23.8528,66.5451]],[[23.8421,66.5427],[23.845,66.5434]],[[23.9263,66.6499],[23.9423,66.6602],[23.9432,66.6716],[23.9673,66.7062],[23.9611,66.7501],[23.9809,66.7716]],[[23.9261,66.6498],[23.9263,66.6499]],[[24.6897,65.9398],[24.6993,65.987],[24.7164,66.0203],[24.7328,66.0319],[24.7388,66.0452],[24.7691,66.0788]],[[24.6342,65.8967],[24.6452,65.901],[24.6722,65.9295],[24.6894,65.9396]],[[24.6174,65.8926],[24.6342,65.8967]],[[24.6894,65.9396],[24.6897,65.9398]],[[24.7771,66.0863],[24.7897,66.0969],[24.8233,66.111],[24.8651,66.1215]],[[24.7691,66.0788],[24.7694,66.0791]],[[24.7694,66.0791],[24.7703,66.0799]],[[24.7703,66.0799],[24.7745,66.0839]],[[24.7749,66.0842],[24.7771,66.0863]],[[24.7745,66.0839],[24.7749,66.0842]],[[24.8659,66.1217],[24.946,66.1396]],[[24.8651,66.1215],[24.8659,66.1217]],[[24.9469,66.1398],[24.9962,66.1499]],[[24.946,66.1396],[24.9469,66.1398]],[[25.0412,66.1527],[25.1545,66.165]],[[24.9972,66.1499],[25.0407,66.1527]],[[24.9962,66.1499],[24.9972,66.1499]],[[25.0407,66.1527],[25.0412,66.1527]],[[25.1547,66.165],[25.1874,66.1674]],[[25.1545,66.165],[25.1547,66.165]],[[25.41,65.2109],[25.4277,65.2439],[25.428,65.3036],[25.4379,65.3132]],[[25.4164,65.1207],[25.4208,65.1465],[25.4075,65.193]],[[25.4312,65.073],[25.4278,65.0814]],[[25.4384,65.0484],[25.4312,65.0728]],[[25.4488,65.0396],[25.4434,65.0433]],[[25.4633,65.0301],[25.4535,65.0357]],[[25.4494,65.0391],[25.4488,65.0396]],[[25.4535,65.0357],[25.4533,65.0358]],[[25.4533,65.0358],[25.4494,65.0391]],[[25.4432,65.0434],[25.4385,65.0477]],[[25.4385,65.0477],[25.4385,65.0478]],[[25.4385,65.0478],[25.4385,65.0481]],[[25.4385,65.0481],[25.4384,65.0484]],[[25.4434,65.0433],[25.4432,65.0434]],[[25.4637,65.03],[25.4633,65.0301]],[[25.4649,65.0297],[25.4637,65.03]],[[25.4676,65.0293],[25.4649,65.0297]],[[25.469,65.0292],[25.4676,65.0293]],[[25.4312,65.0728],[25.4312,65.073]],[[25.4278,65.0814],[25.4276,65.082]],[[25.4276,65.082],[25.4248,65.089]],[[25.4247,65.0894],[25.4215,65.0991]],[[25.4248,65.089],[25.4247,65.0894]],[[25.4215,65.0991],[25.4214,65.0995]],[[25.4214,65.0995],[25.4208,65.1019]],[[25.4208,65.1019],[25.4195,65.1072]],[[25.4208,65.1019],[25.4208,65.1019]],[[25.4195,65.1072],[25.4193,65.1077]],[[25.4167,65.1181],[25.4164,65.1203]],[[25.4193,65.1077],[25.4167,65.1179]],[[25.4167,65.1179],[25.4167,65.1181]],[[25.4164,65.1203],[25.4164,65.1207]],[[25.4072,65.1947],[25.4067,65.2027]],[[25.4074,65.1939],[25.4072,65.1947]],[[25.4075,65.193],[25.4074,65.1939]],[[25.4067,65.2027],[25.4097,65.2102]],[[25.4097,65.2102],[25.41,65.2109]],[[25.4402,65.341],[25.414,65.3949]],[[25.4379,65.3132],[25.4419,65.3198]],[[25.4428,65.3265],[25.4403,65.3405]],[[25.442,65.3206],[25.4423,65.3225]],[[25.4419,65.3198],[25.442,65.3206]],[[25.4423,65.3225],[25.4426,65.3242]],[[25.4426,65.3242],[25.4428,65.3265]],[[25.4403,65.3405],[25.4402,65.341]],[[25.414,65.3949],[25.4084,65.4065]],[[25.4084,65.4065],[25.408,65.4218]],[[25.4067,65.4314],[25.3961,65.4517]],[[25.408,65.4218],[25.408,65.4219]],[[25.408,65.4219],[25.4067,65.4314]],[[25.3889,65.4674],[25.3583,65.4762],[25.3303,65.5021],[25.2791,65.531]],[[25.2678,65.539],[25.2281,65.5695]],[[25.277,65.5324],[25.2678,65.539]],[[25.2791,65.531],[25.277,65.5324]],[[25.2281,65.5695],[25.2155,65.59],[25.1992,65.6001]],[[25.1912,65.6047],[25.1901,65.6054]],[[25.1986,65.6004],[25.1912,65.6047]],[[25.1992,65.6001],[25.1986,65.6004]],[[25.3961,65.4517],[25.396,65.4518]],[[25.396,65.4518],[25.3892,65.459],[25.3893,65.4671]],[[25.3893,65.4671],[25.3889,65.4674]],[[25.213,66.1707],[25.3249,66.2328]],[[25.3255,66.2331],[25.3433,66.2445],[25.3413,66.2525],[25.3307,66.2634],[25.3269,66.2731],[25.3445,66.3166],[25.3391,66.3417],[25.372,66.3682]],[[25.1908,66.1677],[25.1926,66.1678]],[[25.1904,66.1676],[25.1908,66.1677]],[[25.1874,66.1674],[25.1904,66.1676]],[[25.1926,66.1678],[25.1984,66.1685]],[[25.1984,66.1685],[25.2118,66.1705]],[[25.2118,66.1705],[25.213,66.1707]],[[25.3249,66.2328],[25.3255,66.2331]],[[25.3789,66.3757],[25.3727,66.3886],[25.3762,66.3924]],[[25.372,66.3682],[25.3723,66.3684]],[[25.3723,66.3684],[25.3731,66.3692]],[[25.3731,66.3692],[25.3789,66.3757]],[[25.3771,66.3928],[25.4142,66.4293],[25.4559,66.4374],[25.4606,66.4419],[25.4604,66.4505],[25.4802,66.4623],[25.5551,66.4839],[25.5984,66.4911],[25.6834,66.4977]],[[25.3762,66.3924],[25.3771,66.3928]],[[25.7157,66.4969],[25.73,66.4955]],[[25.7331,66.4957],[25.7417,66.4964]],[[25.7305,66.4955],[25.7331,66.4957]],[[25.7305,66.4955],[25.73,66.4955]],[[25.6834,66.4977],[25.6889,66.4981]],[[25.6889,66.4981],[25.6943,66.4985]],[[25.6943,66.4985],[25.7053,66.498]],[[25.7074,66.4979],[25.7075,66.4979]],[[25.7053,66.498],[25.7074,66.4979]],[[25.7123,66.4974],[25.714,66.4971]],[[25.714,66.4971],[25.7157,66.4969]],[[25.7075,66.4979],[25.7123,66.4974]],[[25.7417,66.4964],[25.7504,66.5006]],[[25.7505,66.5012],[25.7505,66.5017]],[[25.7504,66.5008],[25.7505,66.5012]],[[25.7504,66.5006],[25.7504,66.5008]],[[25.7505,66.5017],[25.7552,66.5063],[25.7774,66.5096]],[[25.7799,66.5104],[25.7818,66.5114]],[[25.7779,66.5098],[25.7799,66.5104]],[[25.7779,66.5098],[25.7774,66.5096]],[[25.7818,66.5114],[25.7853,66.5137]],[[25.7853,66.5137],[25.7878,66.5153]],[[25.7878,66.5153],[25.7883,66.5157]],[[25.7883,66.5157],[25.7971,66.5213]],[[25.8237,66.5246],[25.8642,66.5204]],[[25.8035,66.5237],[25.8228,66.5247]],[[25.8842,66.517],[25.8994,66.5136],[25.9895,66.5075],[26.0631,66.5046],[26.1041,66.5079]],[[25.7976,66.5215],[25.8032,66.5236]],[[25.7971,66.5213],[25.7976,66.5215]],[[25.8032,66.5236],[25.8035,66.5237]],[[25.8228,66.5247],[25.8237,66.5246]],[[25.8651,66.5203],[25.8758,66.5188]],[[25.8642,66.5204],[25.8651,66.5203]],[[25.8758,66.5188],[25.8842,66.517]],[[26.1518,66.514],[26.2115,66.5263],[26.2696,66.5257],[26.4234,66.5758]],[[26.1059,66.5081],[26.1513,66.5139]],[[26.1041,66.5079],[26.1059,66.5081]],[[26.1513,66.5139],[26.1518,66.514]],[[26.4239,66.5761],[26.4766,66.5908],[26.564,66.6001]],[[26.4234,66.5758],[26.4239,66.5761]],[[26.5651,66.6002],[26.6438,66.6094],[26.6596,66.6151]],[[26.564,66.6001],[26.5651,66.6002]],[[26.7152,66.6207],[26.7959,66.6321],[26.8686,66.6361]],[[26.6596,66.6151],[26.6629,66.6155]],[[26.6629,66.6155],[26.6636,66.6156]],[[26.67,66.6162],[26.6778,66.617]],[[26.6636,66.6156],[26.67,66.6162]],[[26.6778,66.617],[26.6794,66.6172]],[[26.6794,66.6172],[26.697,66.6189]],[[26.6985,66.619],[26.7152,66.6207]],[[26.697,66.6189],[26.6985,66.619]],[[23.977,66.8514],[23.8885,66.9371]],[[23.8878,66.9378],[23.869,66.9563],[23.8502,66.991],[23.8743,67.0749],[23.8782,67.1364],[23.8694,67.1553]],[[23.8885,66.9371],[23.8878,66.9378]],[[23.9967,66.7912],[23.9994,66.798],[23.9978,66.8099],[24.0049,66.8198],[24.0048,66.8272],[23.977,66.8514]],[[23.9809,66.7716],[23.9812,66.772]],[[23.9812,66.772],[23.9824,66.7732]],[[23.9824,66.7732],[23.9913,66.7824]],[[23.9913,66.7824],[23.9967,66.7912]],[[23.8659,67.1625],[23.823,67.2511],[23.8353,67.342]],[[23.8694,67.1553],[23.8663,67.1617]],[[23.8663,67.1617],[23.8659,67.1625]],[[23.8356,67.3441],[23.8367,67.352]],[[23.8353,67.342],[23.8355,67.3432]],[[23.8355,67.3432],[23.8356,67.3441]],[[26.8488,60.6851],[26.8642,60.6754],[26.873,60.6648],[26.8849,60.6393],[26.8987,60.6209],[26.9262,60.61]],[[26.9974,60.5857],[27.0689,60.5902],[27.1096,60.5977]],[[26.8489,60.6851],[26.8643,60.6754],[26.8729,60.665],[26.8842,60.6411],[26.8988,60.621],[26.9279,60.6093]],[[26.8898,60.4352],[26.9046,60.4296]],[[26.9013,60.4511],[26.8922,60.4401]],[[26.8897,60.4383],[26.8889,60.4367]],[[26.8889,60.4367],[26.8895,60.4356]],[[26.8914,60.4396],[26.8901,60.4387]],[[26.8922,60.4401],[26.8914,60.4396]],[[26.8901,60.4387],[26.8897,60.4383]],[[26.8895,60.4356],[26.8898,60.4352]],[[26.9066,60.429],[26.9069,60.4289]],[[26.9046,60.4296],[26.9055,60.4294]],[[26.9069,60.4289],[26.9079,60.4286]],[[26.9055,60.4294],[26.9058,60.4293]],[[26.9058,60.4293],[26.9066,60.429]],[[26.9061,60.4539],[26.9032,60.4527]],[[26.9028,60.4525],[26.9013,60.4511]],[[26.9032,60.4527],[26.9028,60.4525]],[[26.9028,60.4525],[26.9028,60.4525]],[[26.9082,60.4545],[26.9061,60.4539]],[[26.9102,60.4554],[26.9082,60.4545]],[[26.9146,60.4568],[26.9135,60.4565]],[[26.9131,60.4564],[26.9102,60.4554]],[[26.9135,60.4565],[26.9131,60.4564]],[[26.9215,60.46],[26.9212,60.4596]],[[26.9212,60.4596],[26.9189,60.4581]],[[26.9189,60.4581],[26.9186,60.458]],[[26.9186,60.458],[26.9183,60.4579]],[[26.9183,60.4579],[26.9146,60.4568]],[[26.9219,60.4651],[26.9215,60.46]],[[26.9203,60.4677],[26.9224,60.4657]],[[26.9203,60.4673],[26.9215,60.4656]],[[26.9215,60.4655],[26.9219,60.4651]],[[26.9215,60.4656],[26.9215,60.4655]],[[26.9232,60.4653],[26.9307,60.465]],[[26.9329,60.4657],[26.9394,60.4683]],[[26.9224,60.4657],[26.9227,60.4655]],[[26.9227,60.4655],[26.9232,60.4653]],[[26.9321,60.4655],[26.9329,60.4657]],[[26.9307,60.465],[26.9321,60.4655]],[[26.8915,60.5105],[26.901,60.5055]],[[26.8909,60.5112],[26.8913,60.5106]],[[26.8905,60.5118],[26.8909,60.5112]],[[26.8913,60.5106],[26.8915,60.5105]],[[26.89,60.5127],[26.8905,60.5118]],[[26.8931,60.5198],[26.8899,60.5129]],[[26.8899,60.5129],[26.89,60.5127]],[[26.9193,60.4699],[26.92,60.4682]],[[26.9203,60.4677],[26.92,60.4682]],[[26.92,60.4682],[26.9203,60.4673]],[[26.9193,60.4756],[26.9193,60.4699]],[[26.9193,60.483],[26.9194,60.4788]],[[26.9194,60.4788],[26.9193,60.4756]],[[26.919,60.4838],[26.9193,60.483]],[[26.9163,60.4892],[26.919,60.4838]],[[26.9136,60.4931],[26.9163,60.4892]],[[26.9394,60.4683],[26.9401,60.4686]],[[26.9016,60.5048],[26.9125,60.494]],[[26.901,60.5055],[26.9016,60.5048]],[[26.9132,60.4934],[26.9136,60.4931]],[[26.9125,60.494],[26.9132,60.4934]],[[26.899,60.5307],[26.8987,60.5252],[26.8931,60.5198]],[[26.8996,60.5326],[26.899,60.5307]],[[26.9539,60.5726],[26.9454,60.5639],[26.9204,60.5502]],[[26.8997,60.5328],[26.8996,60.5326]],[[26.9013,60.5347],[26.8997,60.5328]],[[26.9042,60.5369],[26.9035,60.5365]],[[26.9035,60.5365],[26.9032,60.5362]],[[26.913,60.5439],[26.9042,60.5369]],[[26.9032,60.5362],[26.9013,60.5347]],[[26.915,60.5458],[26.913,60.5439]],[[26.9204,60.5502],[26.915,60.5458]],[[26.9462,60.6001],[26.9549,60.5893]],[[26.9444,60.6011],[26.9505,60.5974],[26.955,60.5893]],[[26.9279,60.6093],[26.9426,60.602]],[[26.9262,60.61],[26.9441,60.6012]],[[26.9426,60.602],[26.9444,60.6011]],[[26.9441,60.6012],[26.9462,60.6001]],[[26.954,60.5727],[26.9539,60.5726]],[[26.9552,60.589],[26.9633,60.5841]],[[26.9552,60.589],[26.9611,60.5807],[26.954,60.5727]],[[26.9676,60.583],[26.9689,60.5829]],[[26.9689,60.5829],[26.9823,60.584]],[[26.9633,60.5841],[26.9641,60.5838]],[[26.9641,60.5838],[26.9676,60.583]],[[26.955,60.5893],[26.9552,60.589]],[[26.9549,60.5893],[26.9552,60.589]],[[26.9831,60.5841],[26.9972,60.5857]],[[26.9823,60.584],[26.9831,60.5841]],[[26.9972,60.5857],[26.9974,60.5857]],[[27.1255,60.6003],[27.1621,60.5911]],[[27.1096,60.5977],[27.1109,60.5979]],[[27.1122,60.5981],[27.1255,60.6003]],[[27.1109,60.5979],[27.1122,60.5981]],[[27.1674,60.5496],[27.1676,60.5442]],[[27.1671,60.5513],[27.1671,60.5511]],[[27.1673,60.5503],[27.1674,60.5496]],[[27.1671,60.551],[27.1673,60.5503]],[[27.1671,60.5511],[27.1671,60.551]],[[27.161,60.5613],[27.1671,60.5513]],[[27.1608,60.5634],[27.1608,60.5625]],[[27.1608,60.5637],[27.1608,60.5634]],[[27.1609,60.5649],[27.1608,60.5637]],[[27.1608,60.5625],[27.1609,60.5619]],[[27.1609,60.5619],[27.161,60.5613]],[[27.1609,60.5656],[27.1609,60.5649]],[[27.163,60.577],[27.1605,60.5672]],[[27.1605,60.5672],[27.1606,60.5669]],[[27.1606,60.5669],[27.1609,60.5656]],[[27.1633,60.5777],[27.163,60.577]],[[27.1651,60.5819],[27.1633,60.5777]],[[27.1624,60.5905],[27.1652,60.5821]],[[27.1652,60.5821],[27.1651,60.5819]],[[27.1621,60.5911],[27.1624,60.5905]],[[26.8478,60.6897],[26.8478,60.6896]],[[26.8478,60.6897],[26.8479,60.6896]],[[26.8478,60.6896],[26.8487,60.6853]],[[26.8487,60.6853],[26.8488,60.6851]],[[26.8488,60.6853],[26.8489,60.6851]],[[26.8479,60.6896],[26.8488,60.6853]],[[26.8563,60.8773],[26.9277,60.8776]],[[26.856,60.8773],[26.9277,60.8776]],[[26.9695,60.8815],[27.1064,60.899]],[[26.9695,60.8815],[27.1064,60.899]],[[26.8494,60.8772],[26.856,60.8773]],[[26.8494,60.8773],[26.8563,60.8773]],[[26.9335,60.8777],[26.9383,60.8777]],[[26.9277,60.8776],[26.9335,60.8777]],[[26.9277,60.8776],[26.9384,60.8776]],[[26.9474,60.8781],[26.9502,60.8785]],[[26.9384,60.8776],[26.9474,60.8781]],[[26.9383,60.8777],[26.9474,60.8782]],[[26.9474,60.8782],[26.9502,60.8786]],[[26.9578,60.8798],[26.9617,60.8804]],[[26.9502,60.8786],[26.9578,60.8798]],[[26.9601,60.8801],[26.9695,60.8815]],[[26.9502,60.8785],[26.9594,60.88]],[[26.9594,60.88],[26.9601,60.8801]],[[26.9617,60.8804],[26.9695,60.8815]],[[27.1386,60.9014],[27.3392,60.9104]],[[27.1493,60.9022],[27.3392,60.9104]],[[27.1085,60.8991],[27.1238,60.9003]],[[27.1085,60.8992],[27.1263,60.9005]],[[27.1064,60.899],[27.1085,60.8992]],[[27.1064,60.899],[27.1085,60.8991]],[[27.1263,60.9005],[27.1272,60.9006]],[[27.1263,60.9004],[27.1272,60.9005]],[[27.1238,60.9003],[27.1263,60.9004]],[[27.1272,60.9006],[27.134,60.9011]],[[27.1272,60.9005],[27.1386,60.9014]],[[27.134,60.9011],[27.1361,60.9012]],[[27.1361,60.9012],[27.1493,60.9022]],[[27.3676,60.9118],[27.5027,60.9186],[27.5484,60.9144]],[[27.3676,60.9117],[27.5027,60.9185],[27.5524,60.9139]],[[27.3392,60.9104],[27.3457,60.9107]],[[27.3392,60.9104],[27.344,60.9106]],[[27.344,60.9106],[27.3634,60.9115]],[[27.3457,60.9107],[27.3648,60.9116]],[[27.3634,60.9115],[27.3676,60.9117]],[[27.3648,60.9116],[27.3676,60.9118]],[[27.6521,60.9264],[27.7361,60.9408]],[[27.6522,60.9264],[27.7362,60.9407]],[[27.558,60.9132],[27.5688,60.912]],[[27.558,60.9133],[27.574,60.9114]],[[27.5718,60.9116],[27.5837,60.9103]],[[27.574,60.9114],[27.579,60.9109]],[[27.5688,60.912],[27.5718,60.9116]],[[27.5484,60.9144],[27.5543,60.9137]],[[27.5524,60.9139],[27.5543,60.9136]],[[27.5543,60.9136],[27.5573,60.9133]],[[27.5543,60.9137],[27.5573,60.9133]],[[27.5573,60.9133],[27.558,60.9133]],[[27.558,60.9132],[27.5573,60.9133]],[[27.5837,60.9103],[27.6183,60.9135]],[[27.5837,60.9103],[27.6184,60.9135]],[[27.6184,60.9135],[27.6518,60.9262]],[[27.6183,60.9135],[27.6517,60.9263]],[[27.579,60.9109],[27.5837,60.9103]],[[27.6517,60.9263],[27.6521,60.9264]],[[27.6518,60.9262],[27.6522,60.9264]],[[26.9749,61.4881],[27.0102,61.4921],[27.1008,61.4867],[27.1419,61.4763],[27.1657,61.4623],[27.1815,61.4578],[27.2126,61.4543],[27.2379,61.4572]],[[26.852,61.3091],[26.8846,61.3232],[26.8965,61.3342],[26.8992,61.3405]],[[26.9005,61.3448],[26.8996,61.3514],[26.8865,61.3643]],[[26.8992,61.3405],[26.9005,61.3448]],[[26.895,61.3957],[26.8989,61.4041],[26.8877,61.4113],[26.885,61.4169]],[[26.8865,61.3643],[26.8834,61.3717],[26.895,61.3957]],[[26.879,61.43],[26.8759,61.4408],[26.8785,61.4471],[26.8978,61.4569],[26.903,61.4645],[26.9168,61.4741]],[[26.885,61.4169],[26.8788,61.4256]],[[26.879,61.4295],[26.879,61.43]],[[26.8788,61.4256],[26.879,61.4295]],[[27.2386,61.4573],[27.2541,61.4591]],[[27.2379,61.4572],[27.2386,61.4573]],[[27.2574,61.4599],[27.2719,61.4635]],[[27.2541,61.4591],[27.2574,61.4599]],[[26.9348,61.4932],[26.9745,61.488]],[[26.9168,61.4741],[26.9225,61.4797],[26.9239,61.4867]],[[26.9239,61.4873],[26.9266,61.4934]],[[26.9239,61.4888],[26.9269,61.4928],[26.9348,61.4932]],[[26.9239,61.4867],[26.9239,61.4869]],[[26.9239,61.4869],[26.9239,61.4873]],[[26.9239,61.4873],[26.9239,61.4888]],[[26.9266,61.4934],[26.9423,61.5048],[26.9469,61.5147]],[[26.9469,61.5147],[26.9608,61.5241]],[[26.9745,61.488],[26.9749,61.4881]],[[26.9608,61.5241],[26.972,61.5292]],[[27.0006,61.5469],[27.0124,61.5784]],[[26.972,61.5292],[26.9855,61.5352]],[[26.9859,61.5354],[27.0006,61.5469]],[[26.9855,61.5352],[26.9859,61.5354]],[[27.0339,61.6094],[27.0641,61.6303]],[[27.0124,61.5786],[27.0113,61.5915],[27.0339,61.6094]],[[27.0124,61.5784],[27.0124,61.5786]],[[27.0641,61.6303],[27.0695,61.6362]],[[27.0762,61.6455],[27.0992,61.6586]],[[27.0695,61.6362],[27.0715,61.6407]],[[27.0728,61.6426],[27.0747,61.6445]],[[27.0715,61.6407],[27.0728,61.6426]],[[27.0747,61.6445],[27.075,61.6446]],[[27.075,61.6446],[27.0762,61.6455]],[[27.0994,61.6588],[27.1077,61.6707]],[[27.0992,61.6586],[27.0994,61.6588]],[[27.1079,61.6708],[27.1425,61.6868]],[[27.1077,61.6707],[27.1079,61.6708]],[[27.2719,61.4635],[27.2723,61.4636]],[[27.8335,60.9424],[27.8564,60.9378]],[[27.8654,60.9376],[27.9003,60.9328]],[[27.8566,60.9378],[27.8652,60.9376]],[[27.8564,60.9378],[27.8566,60.9378]],[[27.8652,60.9376],[27.8654,60.9376]],[[27.7365,60.9408],[27.7361,60.9408]],[[27.7365,60.9408],[27.7362,60.9407]],[[27.7365,60.9408],[27.7501,60.9427]],[[27.7365,60.9408],[27.7498,60.9427]],[[27.7528,60.9431],[27.7764,60.9464]],[[27.7498,60.9427],[27.7523,60.9431]],[[27.7501,60.9427],[27.7528,60.9431]],[[27.7523,60.9431],[27.7713,60.9458]],[[27.7713,60.9458],[27.7742,60.9462]],[[27.7869,60.948],[27.7952,60.9491]],[[27.7791,60.9468],[27.7817,60.9472]],[[27.7825,60.9473],[27.794,60.9482]],[[27.7778,60.9467],[27.7862,60.9479]],[[27.7778,60.9467],[27.7817,60.9472]],[[27.7772,60.9466],[27.7778,60.9467]],[[27.7742,60.9462],[27.7772,60.9466]],[[27.7764,60.9464],[27.7791,60.9468]],[[27.7862,60.9479],[27.7869,60.948]],[[27.7825,60.9473],[27.7862,60.9479]],[[27.7817,60.9472],[27.7825,60.9473]],[[27.7955,60.9492],[27.8211,60.9533],[27.8855,60.9742]],[[27.7943,60.9482],[27.8313,60.943]],[[27.7952,60.9491],[27.7955,60.9492]],[[27.794,60.9482],[27.7943,60.9482]],[[27.8313,60.943],[27.8314,60.943]],[[27.8333,60.9425],[27.8335,60.9424]],[[27.8314,60.943],[27.8333,60.9425]],[[27.8855,60.9742],[27.9022,60.9792]],[[28.0969,61.0178],[28.1592,61.0236]],[[27.936,60.9331],[27.9688,60.9279]],[[27.9089,60.9319],[27.9315,60.9331]],[[27.9003,60.9328],[27.9089,60.9319]],[[27.9324,60.9331],[27.936,60.9331]],[[27.9315,60.9331],[27.9318,60.9331]],[[27.9318,60.9331],[27.9324,60.9331]],[[27.9688,60.9279],[27.9728,60.9273]],[[27.9728,60.9273],[27.9931,60.9255]],[[27.9931,60.9255],[28.0058,60.9269]],[[28.0357,60.9226],[28.0813,60.914]],[[28.0213,60.9257],[28.0287,60.924]],[[28.0058,60.9269],[28.006,60.9269]],[[28.006,60.9269],[28.0134,60.9268]],[[28.0208,60.9258],[28.0213,60.9257]],[[28.0134,60.9268],[28.0208,60.9258]],[[28.029,60.924],[28.0356,60.9226]],[[28.0287,60.924],[28.029,60.924]],[[28.0356,60.9226],[28.0357,60.9226]],[[28.0813,60.914],[28.1158,60.9117]],[[27.9022,60.9792],[27.9786,61.005]],[[27.9786,61.005],[27.9991,61.0098]],[[28.037,61.0136],[28.0028,61.0106]],[[28.0375,61.0136],[28.0775,61.0167]],[[28.0028,61.0106],[28.0022,61.0105]],[[27.9991,61.0098],[28.0022,61.0105]],[[28.0375,61.0136],[28.037,61.0136]],[[28.0775,61.0167],[28.0969,61.0178]],[[28.1212,60.9114],[28.1485,60.9073]],[[28.1083,60.9122],[28.1081,60.9122]],[[28.1205,60.9114],[28.1212,60.9114]],[[28.1158,60.9117],[28.1194,60.9115]],[[28.1194,60.9115],[28.1205,60.9114]],[[28.1491,60.9072],[28.166,60.9102]],[[28.1485,60.9073],[28.1491,60.9072]],[[28.1767,60.9095],[28.2149,60.8915]],[[28.1662,60.9103],[28.1767,60.9095]],[[28.166,60.9102],[28.1662,60.9103]],[[28.2152,60.8912],[28.225,60.8857],[28.2626,60.8749]],[[28.2702,60.8729],[28.2817,60.8693]],[[28.2626,60.8749],[28.2702,60.8729]],[[28.2817,60.8693],[28.2856,60.8682]],[[28.2817,60.8693],[28.2817,60.8693]],[[28.2925,60.8662],[28.2966,60.8651]],[[28.2966,60.8651],[28.2983,60.8648]],[[28.3017,60.8641],[28.2983,60.8648]],[[28.2906,60.8667],[28.2925,60.8662]],[[28.2856,60.8682],[28.288,60.8675]],[[28.288,60.8675],[28.2906,60.8667]],[[28.3017,60.8641],[28.3179,60.8604]],[[28.3023,60.8647],[28.3084,60.8638]],[[28.2149,60.8915],[28.2152,60.8912]],[[28.1726,61.0299],[28.1679,61.0216],[28.1764,61.0167],[28.1986,61.0194],[28.2147,61.0267]],[[28.1592,61.0236],[28.1598,61.0237]],[[28.1598,61.0237],[28.1654,61.0257]],[[28.1672,61.0264],[28.1722,61.03]],[[28.1672,61.0264],[28.1665,61.0261]],[[28.1654,61.0257],[28.1665,61.0261]],[[28.1722,61.03],[28.1775,61.0395]],[[28.1726,61.0299],[28.1779,61.0399]],[[28.1798,61.0416],[28.1814,61.0425]],[[28.1797,61.0416],[28.1838,61.0435]],[[28.178,61.0401],[28.1778,61.0399]],[[28.1779,61.0399],[28.1781,61.0401]],[[28.1775,61.0395],[28.1778,61.0399]],[[28.1781,61.0401],[28.1794,61.0413]],[[28.178,61.0401],[28.1793,61.0413]],[[28.1793,61.0413],[28.1797,61.0416]],[[28.1794,61.0413],[28.1798,61.0416]],[[28.1838,61.0435],[28.1975,61.0489]],[[28.1838,61.0435],[28.1845,61.0437]],[[28.1839,61.0435],[28.1859,61.0441]],[[28.1814,61.0425],[28.1839,61.0435]],[[28.2448,61.0341],[28.2681,61.0402],[28.3054,61.0584]],[[28.2153,61.0269],[28.2274,61.0319],[28.2441,61.0339]],[[28.2147,61.0267],[28.2153,61.0269]],[[28.2441,61.0339],[28.2448,61.0341]],[[28.369,60.8477],[28.3378,60.8553]],[[28.3179,60.8604],[28.3197,60.8599]],[[28.3237,60.8589],[28.3272,60.858]],[[28.3197,60.8599],[28.321,60.8596]],[[28.3215,60.8594],[28.3237,60.8589]],[[28.321,60.8596],[28.3215,60.8594]],[[28.3272,60.858],[28.3378,60.8553]],[[28.1845,61.0437],[28.1972,61.0488]],[[28.1845,61.0437],[28.1967,61.0485]],[[28.1859,61.0441],[28.1967,61.0485]],[[28.1975,61.0489],[28.198,61.0491]],[[28.1975,61.0489],[28.198,61.0491]],[[28.198,61.0491],[28.198,61.0491]],[[28.1967,61.0485],[28.1975,61.0489]],[[28.2007,61.0502],[28.2084,61.0526]],[[28.198,61.0491],[28.2007,61.0502]],[[28.2094,61.0528],[28.2084,61.0526]],[[28.2094,61.0528],[28.2354,61.0587]],[[28.2354,61.0587],[28.236,61.0588]],[[28.2361,61.0588],[28.2362,61.0589]],[[28.236,61.0588],[28.2361,61.0588]],[[28.2362,61.0589],[28.2538,61.0625]],[[28.2538,61.0625],[28.2541,61.0627]],[[28.2541,61.0627],[28.2559,61.0639]],[[28.257,61.0646],[28.2658,61.0707]],[[28.2568,61.0645],[28.2559,61.0639]],[[28.2568,61.0645],[28.257,61.0646]],[[28.3054,61.0584],[28.307,61.0589]],[[28.307,61.0589],[28.3126,61.0592]],[[28.2662,61.071],[28.2658,61.0707]],[[28.2674,61.0718],[28.2705,61.0736]],[[28.2705,61.0736],[28.2707,61.0737]],[[28.2662,61.071],[28.2674,61.0718]],[[28.2707,61.0737],[28.2744,61.0747]],[[28.2747,61.0747],[28.2751,61.0748]],[[28.2744,61.0747],[28.2747,61.0747]],[[28.2751,61.0748],[28.2906,61.0774]],[[28.2906,61.0774],[28.2941,61.078]],[[28.2941,61.078],[28.2996,61.0789]],[[28.3007,61.079],[28.3165,61.0804]],[[28.2996,61.0789],[28.3007,61.079]],[[28.3616,61.094],[28.3855,61.0984]],[[28.3127,61.0592],[28.3175,61.0583]],[[28.3171,61.0805],[28.3236,61.0821]],[[28.3236,61.0821],[28.3275,61.0834]],[[28.3165,61.0804],[28.3171,61.0805]],[[28.3288,61.0839],[28.329,61.0839]],[[28.3275,61.0834],[28.3288,61.0839]],[[28.3316,61.0848],[28.3323,61.085]],[[28.3323,61.085],[28.3333,61.0854]],[[28.329,61.0839],[28.3316,61.0848]],[[28.3333,61.0854],[28.3379,61.0869]],[[28.3379,61.0869],[28.3486,61.0905]],[[28.3486,61.0905],[28.3524,61.0918]],[[28.3532,61.092],[28.3616,61.094]],[[28.3524,61.0918],[28.3532,61.092]],[[28.3855,61.0984],[28.4235,61.1054]],[[28.4536,61.1111],[28.475,61.1168]],[[28.4235,61.1054],[28.4505,61.1104]],[[28.4514,61.1106],[28.4529,61.1109]],[[28.4529,61.1109],[28.4536,61.1111]],[[28.4505,61.1104],[28.4509,61.1105]],[[28.4512,61.1105],[28.4509,61.1105]],[[28.4512,61.1105],[28.4514,61.1106]],[[28.4815,61.1185],[28.4976,61.1228]],[[28.4815,61.1184],[28.4977,61.1227]],[[28.475,61.1168],[28.4761,61.1171]],[[28.4814,61.1185],[28.4806,61.1183]],[[28.4813,61.1185],[28.4805,61.1184]],[[28.4761,61.1171],[28.4796,61.118]],[[28.4796,61.118],[28.4806,61.1183]],[[28.4814,61.1185],[28.4815,61.1185]],[[28.4761,61.1171],[28.4808,61.1182]],[[28.4808,61.1182],[28.4815,61.1184]],[[28.4996,61.1233],[28.5004,61.1235]],[[28.4976,61.1228],[28.4994,61.1232]],[[28.4994,61.1232],[28.4996,61.1233]],[[28.4977,61.1227],[28.4997,61.1232]],[[28.4997,61.1232],[28.5005,61.1235]],[[28.5053,61.1248],[28.5057,61.1249]],[[28.5054,61.1248],[28.5057,61.1249]],[[28.5057,61.1249],[28.5137,61.127]],[[28.5004,61.1235],[28.5053,61.1248]],[[28.5057,61.1249],[28.5138,61.127]],[[28.5005,61.1235],[28.5054,61.1248]],[[28.5137,61.127],[28.5143,61.1272]],[[28.5138,61.127],[28.5144,61.1272]],[[28.5144,61.1272],[28.5292,61.1305]],[[28.5204,61.1288],[28.5343,61.1318]],[[28.5143,61.1272],[28.5204,61.1288]],[[28.5344,61.1317],[28.5634,61.1396]],[[28.5343,61.1318],[28.6016,61.149]],[[28.5292,61.1305],[28.5344,61.1317]],[[28.5634,61.1396],[28.5843,61.1453]],[[28.5843,61.1453],[28.6017,61.149]],[[28.6222,61.1528],[28.651,61.1616]],[[28.6179,61.1514],[28.6511,61.1616]],[[28.6016,61.149],[28.602,61.1491]],[[28.6017,61.149],[28.602,61.149]],[[28.602,61.1491],[28.6139,61.1506]],[[28.602,61.149],[28.6139,61.1505]],[[28.6146,61.1507],[28.6179,61.1514]],[[28.6139,61.1505],[28.6146,61.1507]],[[28.6139,61.1506],[28.6145,61.1507]],[[28.6145,61.1507],[28.6222,61.1528]],[[28.6511,61.1616],[28.6518,61.1619]],[[28.651,61.1616],[28.6517,61.1619]],[[28.6518,61.1619],[28.6587,61.1645]],[[28.6517,61.1619],[28.6586,61.1646]],[[28.6587,61.1645],[28.6716,61.1701]],[[28.6586,61.1646],[28.6715,61.1702]],[[28.6718,61.1703],[28.6721,61.1704]],[[28.6774,61.1731],[28.6791,61.174]],[[28.6717,61.1703],[28.672,61.1705]],[[28.672,61.1705],[28.6786,61.1738]],[[28.6716,61.1701],[28.6718,61.1703]],[[28.6715,61.1702],[28.6717,61.1703]],[[28.6721,61.1704],[28.6774,61.1731]],[[28.6786,61.1738],[28.6929,61.1811]],[[28.6791,61.174],[28.6815,61.1752]],[[28.6815,61.1752],[28.6918,61.1804]],[[28.6918,61.1804],[28.693,61.181]],[[28.693,61.181],[28.6933,61.1812]],[[28.6933,61.1812],[28.699,61.1833]],[[28.7003,61.1836],[28.713,61.1856]],[[28.6932,61.1812],[28.6989,61.1833]],[[28.6929,61.1811],[28.6932,61.1812]],[[28.7003,61.1836],[28.713,61.1857]],[[28.6997,61.1834],[28.7003,61.1836]],[[28.6998,61.1835],[28.7003,61.1836]],[[28.6989,61.1833],[28.6998,61.1835]],[[28.699,61.1833],[28.6997,61.1834]],[[28.7142,61.1858],[28.7264,61.1899]],[[28.713,61.1857],[28.7263,61.1899]],[[28.713,61.1856],[28.7142,61.1858]],[[28.7263,61.1899],[28.7327,61.192]],[[28.7264,61.1899],[28.7328,61.1919]],[[28.8062,61.1418],[28.8136,61.1343]],[[28.8022,61.1491],[28.8049,61.1441]],[[28.8061,61.1419],[28.8062,61.1418]],[[28.8049,61.1441],[28.8054,61.1433]],[[28.8054,61.1433],[28.8061,61.1419]],[[28.8162,61.133],[28.828,61.1269]],[[28.8161,61.133],[28.8162,61.133]],[[28.8136,61.1343],[28.8161,61.133]],[[28.828,61.1269],[28.829,61.1264]],[[28.8316,61.1251],[28.8319,61.1249]],[[28.829,61.1264],[28.8316,61.1251]],[[28.7339,61.1921],[28.7343,61.1922]],[[28.7339,61.1922],[28.7345,61.1923]],[[28.7328,61.1919],[28.7339,61.1921]],[[28.7327,61.192],[28.7339,61.1922]],[[28.744,61.1924],[28.7447,61.1923]],[[28.7343,61.1922],[28.744,61.1924]],[[28.744,61.1924],[28.7448,61.1924]],[[28.7345,61.1923],[28.744,61.1924]],[[28.7447,61.1923],[28.7471,61.1921]],[[28.7448,61.1924],[28.7471,61.1922]],[[28.7569,61.1913],[28.762,61.1911]],[[28.7471,61.1921],[28.7569,61.1913]],[[28.7563,61.1914],[28.7618,61.1912]],[[28.7471,61.1922],[28.7563,61.1914]],[[28.762,61.1911],[28.7627,61.1912]],[[28.7618,61.1912],[28.7626,61.1912]],[[28.7675,61.1919],[28.7728,61.1942]],[[28.7674,61.192],[28.7727,61.1942]],[[28.7627,61.1912],[28.7675,61.1919]],[[28.7626,61.1912],[28.7674,61.192]],[[28.7761,61.196],[28.7775,61.1966]],[[28.7831,61.1982],[28.7836,61.1982]],[[28.783,61.1982],[28.7836,61.1983]],[[28.7761,61.1961],[28.7775,61.1966]],[[28.7728,61.1942],[28.7751,61.1955]],[[28.7727,61.1942],[28.7752,61.1956]],[[28.7751,61.1955],[28.7761,61.196]],[[28.7752,61.1956],[28.7761,61.1961]],[[28.7778,61.1967],[28.7813,61.1978]],[[28.7813,61.1978],[28.7831,61.1982]],[[28.7812,61.1978],[28.783,61.1982]],[[28.7777,61.1967],[28.7812,61.1978]],[[28.7775,61.1966],[28.7778,61.1967]],[[28.7775,61.1966],[28.7777,61.1967]],[[28.7857,61.1662],[28.7905,61.1589]],[[28.7944,61.1564],[28.7974,61.1545]],[[28.7905,61.1589],[28.7944,61.1564]],[[28.8021,61.1493],[28.8022,61.1491]],[[28.7974,61.1545],[28.8021,61.1493]],[[28.7858,61.1667],[28.7858,61.1665]],[[28.7859,61.1668],[28.7858,61.1667]],[[28.7859,61.1669],[28.7859,61.1668]],[[28.7858,61.1665],[28.7857,61.1663]],[[28.7857,61.1663],[28.7857,61.1662]],[[28.7884,61.1709],[28.7859,61.1669]],[[28.7912,61.1754],[28.7884,61.1709]],[[28.7924,61.1787],[28.7912,61.1754]],[[28.7924,61.1789],[28.7924,61.1787]],[[28.7924,61.179],[28.7924,61.1789]],[[28.8055,61.1976],[28.7948,61.1861],[28.7924,61.179]],[[28.7889,61.199],[28.8081,61.2015]],[[28.7838,61.1983],[28.7862,61.1986]],[[28.7836,61.1983],[28.7838,61.1983]],[[28.7836,61.1982],[28.7889,61.199]],[[28.8087,61.2016],[28.8072,61.2004]],[[28.8071,61.2002],[28.8065,61.1995]],[[28.8065,61.1995],[28.8059,61.1982]],[[28.8059,61.1982],[28.8057,61.1978]],[[28.8057,61.1978],[28.8055,61.1976]],[[28.8072,61.2004],[28.8071,61.2002]],[[28.8081,61.2015],[28.8097,61.2027]],[[28.8097,61.2027],[28.8087,61.2016]],[[28.8097,61.2027],[28.8106,61.2034]],[[28.8116,61.205],[28.8121,61.2065]],[[28.8106,61.2034],[28.8116,61.205]],[[28.814,61.2127],[28.8144,61.2139]],[[28.8121,61.2065],[28.814,61.2127]],[[28.8215,61.2171],[28.8223,61.2172]],[[28.8204,61.2169],[28.8215,61.2171]],[[28.8144,61.2139],[28.8204,61.2169]],[[28.8223,61.2172],[28.8307,61.2204]],[[28.8318,61.2213],[28.8364,61.2246]],[[28.8307,61.2204],[28.8318,61.2213]],[[28.8368,61.225],[28.847,61.2322]],[[28.8364,61.2246],[28.8368,61.225]],[[28.847,61.2322],[28.8473,61.2324]],[[28.8473,61.2324],[28.8473,61.2324]],[[28.8473,61.2324],[28.8475,61.2325]],[[28.8475,61.2325],[28.8618,61.2355]],[[28.8618,61.2355],[28.8625,61.2356]],[[28.8683,61.2367],[28.8687,61.2368]],[[28.8746,61.2393],[28.8764,61.2407]],[[28.8649,61.2359],[28.8681,61.2366]],[[28.8632,61.2357],[28.8649,61.2359]],[[28.8681,61.2366],[28.8682,61.2366]],[[28.8631,61.2357],[28.8632,61.2357]],[[28.8625,61.2356],[28.8631,61.2357]],[[28.8682,61.2366],[28.8683,61.2367]],[[28.8744,61.2392],[28.8746,61.2393]],[[28.8687,61.2368],[28.8744,61.2392]],[[28.8797,61.2434],[28.8806,61.2442]],[[28.8786,61.2425],[28.8797,61.2434]],[[28.8776,61.2417],[28.8786,61.2425]],[[28.8764,61.2407],[28.8776,61.2417]],[[28.8806,61.2442],[28.8867,61.2493]],[[28.8878,61.2502],[28.8898,61.2517]],[[28.8867,61.2493],[28.8878,61.2502]],[[28.8902,61.252],[28.8954,61.255]],[[28.8898,61.2517],[28.8902,61.252]],[[28.8954,61.255],[28.8969,61.2556]],[[28.8969,61.2556],[28.9033,61.2582]],[[28.9033,61.2582],[28.954,61.27]],[[28.9543,61.2701],[28.9981,61.2768]],[[29.1503,61.3427],[29.1755,61.3508],[29.2519,61.3577],[29.3076,61.3747],[29.3171,61.3816]],[[28.954,61.27],[28.9543,61.2701]],[[29.0215,61.276],[29.0344,61.2776],[29.0786,61.2935]],[[28.9981,61.2768],[29.0215,61.276]],[[29.084,61.2968],[29.0842,61.2971]],[[29.0842,61.2971],[29.0845,61.2981]],[[29.0806,61.2942],[29.084,61.2968]],[[29.0845,61.2981],[29.0847,61.2988]],[[29.0786,61.2935],[29.0806,61.2942]],[[29.0847,61.2988],[29.0861,61.3049]],[[29.0862,61.3051],[29.0864,61.3062]],[[29.0861,61.3049],[29.0862,61.3051]],[[29.0968,61.3141],[29.106,61.318]],[[29.0864,61.3062],[29.0919,61.312]],[[29.0919,61.312],[29.0964,61.3139]],[[29.0964,61.3139],[29.0968,61.3141]],[[29.1065,61.3182],[29.1275,61.327]],[[29.106,61.318],[29.1065,61.3182]],[[29.1327,61.3299],[29.1437,61.3398]],[[29.1275,61.327],[29.1324,61.3297]],[[29.1324,61.3297],[29.1327,61.3299]],[[29.1437,61.3398],[29.15,61.3427]],[[29.15,61.3427],[29.1503,61.3427]],[[29.3232,61.3932],[29.3301,61.4084],[29.3416,61.4165]],[[29.3171,61.3816],[29.3232,61.3932]],[[29.3416,61.4165],[29.3422,61.4168]],[[29.3422,61.4168],[29.3563,61.4217]],[[29.3579,61.4224],[29.3685,61.4246]],[[29.3573,61.4221],[29.3579,61.4224]],[[29.3563,61.4217],[29.3573,61.4221]],[[29.4116,61.4312],[29.43,61.442]],[[29.3685,61.4246],[29.3715,61.4248]],[[29.3715,61.4248],[29.3854,61.4245]],[[29.3854,61.4245],[29.3874,61.4244]],[[29.3952,61.4247],[29.4113,61.431]],[[29.3874,61.4244],[29.3952,61.4247]],[[29.4113,61.431],[29.4116,61.4312]],[[29.43,61.442],[29.4399,61.4499]],[[29.4399,61.4499],[29.4403,61.4501]],[[29.4465,61.4526],[29.452,61.4565]],[[29.4403,61.4501],[29.4465,61.4526]],[[29.4522,61.4568],[29.4555,61.4664]],[[29.452,61.4565],[29.4522,61.4568]],[[29.4555,61.4664],[29.4556,61.4666]],[[29.4556,61.4666],[29.4738,61.477]],[[29.4869,61.4953],[29.4916,61.5024],[29.5111,61.5147],[29.5189,61.5297],[29.5207,61.5411]],[[29.4738,61.477],[29.4743,61.4771]],[[29.4743,61.4771],[29.4843,61.4856]],[[29.4844,61.4858],[29.4868,61.495]],[[29.4843,61.4856],[29.4844,61.4858]],[[29.4868,61.495],[29.4869,61.4953]],[[29.5154,61.5515],[29.5061,61.5557]],[[29.5211,61.5435],[29.5168,61.5508]],[[29.5168,61.5508],[29.5154,61.5515]],[[29.5046,61.5567],[29.4999,61.5627]],[[29.4978,61.5655],[29.4971,61.5689]],[[29.506,61.5557],[29.4999,61.5625]],[[29.497,61.5689],[29.4972,61.5667]],[[29.4977,61.5655],[29.4978,61.5653]],[[29.4972,61.5667],[29.4974,61.5661]],[[29.4974,61.5661],[29.4977,61.5655]],[[29.4979,61.5653],[29.4978,61.5655]],[[29.4999,61.5627],[29.4991,61.5636]],[[29.4978,61.5653],[29.4985,61.5644]],[[29.4999,61.5625],[29.4985,61.5644]],[[29.4985,61.5644],[29.4979,61.5653]],[[29.499,61.5637],[29.4985,61.5644]],[[29.4991,61.5636],[29.499,61.5637]],[[29.5073,61.555],[29.506,61.5557]],[[29.5061,61.5557],[29.5046,61.5567]],[[29.5208,61.5413],[29.5211,61.5435]],[[29.5207,61.5411],[29.5208,61.5413]],[[29.4146,61.6616],[29.4394,61.6171],[29.4572,61.6054],[29.4695,61.6024]],[[29.4094,61.7033],[29.4215,61.697],[29.4175,61.6914],[29.4187,61.6864],[29.4119,61.6784],[29.4113,61.6676],[29.4146,61.6616]],[[29.4818,61.5993],[29.4968,61.5797],[29.497,61.569]],[[29.5039,61.5818],[29.5347,61.5991]],[[29.497,61.5689],[29.497,61.569]],[[29.4971,61.5689],[29.4971,61.569]],[[29.4971,61.569],[29.4981,61.5768],[29.5039,61.5818]],[[29.4695,61.6024],[29.4805,61.6005]],[[29.4805,61.6005],[29.4809,61.6003]],[[29.4809,61.6003],[29.4818,61.5993]],[[29.535,61.5993],[29.5658,61.621]],[[29.5347,61.5991],[29.535,61.5993]],[[29.5658,61.621],[29.5817,61.6334]],[[29.6195,61.6639],[29.6558,61.6891]],[[29.5817,61.6334],[29.5818,61.6335]],[[29.5818,61.6335],[29.5926,61.6429]],[[29.5938,61.644],[29.5994,61.6489]],[[29.5926,61.6429],[29.5927,61.643]],[[29.5927,61.643],[29.5938,61.644]],[[29.5994,61.6489],[29.5997,61.6491]],[[29.5997,61.6491],[29.6193,61.6638]],[[29.6193,61.6638],[29.6195,61.6639]],[[27.1425,61.6868],[27.1476,61.6876]],[[27.1476,61.6876],[27.148,61.6877]],[[27.148,61.6877],[27.1503,61.6879]],[[27.1503,61.6879],[27.1698,61.6885]],[[27.178,61.6887],[27.2462,61.6776]],[[27.1698,61.6885],[27.17,61.6885]],[[27.17,61.6885],[27.1774,61.6887]],[[27.1774,61.6887],[27.178,61.6887]],[[27.2462,61.6776],[27.2465,61.6776]],[[27.2465,61.6776],[27.2561,61.6786]],[[27.2568,61.6786],[27.2582,61.6788]],[[27.2582,61.6788],[27.2587,61.6789]],[[27.2587,61.6789],[27.2712,61.6821]],[[27.2561,61.6786],[27.2568,61.6786]],[[27.203,62.0297],[27.2063,62.0492],[27.2047,62.0686],[27.214,62.0942],[27.217,62.1129]],[[27.2688,61.9586],[27.249,61.9788],[27.2181,61.998],[27.2092,62.0108]],[[27.209,62.0111],[27.2042,62.0186]],[[27.2092,62.0108],[27.209,62.0111]],[[27.2042,62.0186],[27.204,62.019]],[[27.2036,62.0196],[27.2027,62.0272]],[[27.204,62.019],[27.2036,62.0196]],[[27.2027,62.0272],[27.2028,62.028]],[[27.2028,62.028],[27.203,62.0297]],[[27.274,61.6836],[27.2761,61.6852]],[[27.2886,61.7096],[27.2824,61.7259],[27.2845,61.7382]],[[27.2712,61.6821],[27.2719,61.6824]],[[27.2719,61.6824],[27.2728,61.6828]],[[27.2728,61.6828],[27.274,61.6836]],[[27.2761,61.6852],[27.2798,61.6908]],[[27.2798,61.6908],[27.2803,61.6917]],[[27.2803,61.6917],[27.282,61.6935]],[[27.2823,61.6937],[27.2835,61.6947]],[[27.2871,61.6985],[27.2883,61.7002]],[[27.282,61.6935],[27.2823,61.6937]],[[27.2856,61.6966],[27.2871,61.6985]],[[27.2853,61.6962],[27.2856,61.6966]],[[27.2835,61.6947],[27.2853,61.6962]],[[27.2883,61.7002],[27.2884,61.7004]],[[27.2884,61.7004],[27.2902,61.7029]],[[27.2902,61.7029],[27.2886,61.7096]],[[27.2845,61.7382],[27.3147,61.8048]],[[27.3155,61.8124],[27.3058,61.8457]],[[27.3147,61.8048],[27.3155,61.8124]],[[27.3056,61.8775],[27.2894,61.8987],[27.2855,61.9095]],[[27.3057,61.846],[27.3056,61.8775]],[[27.3058,61.8457],[27.3057,61.846]],[[27.282,61.9197],[27.2689,61.9582]],[[27.2855,61.9095],[27.282,61.9197]],[[27.2689,61.9582],[27.2688,61.9586]],[[27.0245,62.2859],[27.0377,62.2837]],[[27.0235,62.2862],[27.0245,62.2859]],[[27.0377,62.2837],[27.0531,62.2828]],[[27.0531,62.2828],[27.0536,62.2828]],[[27.2071,62.1669],[27.2113,62.1728],[27.2157,62.1907],[27.2085,62.2071],[27.1917,62.2204],[27.1823,62.237],[27.1823,62.2563],[27.1684,62.28],[27.1672,62.2963]],[[27.2009,62.1344],[27.1969,62.1524],[27.2006,62.1592]],[[27.2154,62.1179],[27.2053,62.1274]],[[27.2053,62.1274],[27.2009,62.1344]],[[27.217,62.1129],[27.2156,62.1177]],[[27.2156,62.1177],[27.2154,62.1179]],[[27.2006,62.1592],[27.2071,62.1669]],[[27.0591,62.2826],[27.0901,62.2851]],[[27.0903,62.2851],[27.1458,62.291]],[[27.0536,62.2828],[27.0547,62.2828]],[[27.0547,62.2828],[27.0548,62.2828]],[[27.0548,62.2828],[27.0553,62.2828]],[[27.0553,62.2828],[27.0591,62.2826]],[[27.0901,62.2851],[27.0903,62.2851]],[[27.1458,62.291],[27.1459,62.291]],[[27.1459,62.291],[27.1586,62.2921]],[[27.1669,62.2989],[27.1672,62.3037]],[[27.1586,62.2921],[27.1665,62.2952]],[[27.1674,62.2993],[27.1677,62.3037]],[[27.1665,62.2952],[27.1667,62.296]],[[27.1676,62.3016],[27.1678,62.3039]],[[27.1672,62.2968],[27.1673,62.2978]],[[27.1667,62.2964],[27.1668,62.2976]],[[27.1675,62.2993],[27.1676,62.3016]],[[27.1669,62.2984],[27.1669,62.2989]],[[27.1668,62.2976],[27.1668,62.2979]],[[27.1675,62.2989],[27.1675,62.2993]],[[27.1668,62.2979],[27.1669,62.2984]],[[27.1672,62.2963],[27.1672,62.2968]],[[27.1673,62.2986],[27.1674,62.2993]],[[27.1673,62.2984],[27.1675,62.2989]],[[27.1667,62.296],[27.1667,62.2964]],[[27.1673,62.2984],[27.1673,62.2986]],[[27.1673,62.2978],[27.1673,62.2984]],[[27.1678,62.3047],[27.1679,62.3056]],[[27.1677,62.3041],[27.1678,62.3055]],[[27.168,62.3062],[27.1684,62.3073]],[[27.168,62.3065],[27.1681,62.3068]],[[27.1682,62.3071],[27.1685,62.3077]],[[27.1677,62.3037],[27.1677,62.3041]],[[27.1678,62.3039],[27.1678,62.3047]],[[27.1672,62.3037],[27.1676,62.3051]],[[27.1681,62.3068],[27.1682,62.3071]],[[27.168,62.3063],[27.168,62.3065]],[[27.1679,62.3056],[27.168,62.3062]],[[27.1684,62.3073],[27.1686,62.3077]],[[27.1677,62.3054],[27.1678,62.3057]],[[27.1676,62.3051],[27.1677,62.3054]],[[27.1678,62.3057],[27.168,62.3063]],[[27.1678,62.3055],[27.1678,62.3057]],[[27.1707,62.3106],[27.1799,62.3125]],[[27.1686,62.3077],[27.169,62.3086]],[[27.1685,62.3077],[27.1689,62.3086]],[[27.17,62.3112],[27.1719,62.3155]],[[27.1966,62.3496],[27.201,62.3539],[27.2013,62.366],[27.2094,62.386],[27.2056,62.398]],[[27.1849,62.3119],[27.2263,62.3069]],[[27.1689,62.3086],[27.1691,62.3091]],[[27.1691,62.3091],[27.1693,62.3096]],[[27.1693,62.3096],[27.17,62.3112]],[[27.169,62.3086],[27.1707,62.3106]],[[27.1799,62.3126],[27.1726,62.316]],[[27.1822,62.3122],[27.1849,62.3119]],[[27.1822,62.3122],[27.1799,62.3126]],[[27.1799,62.3125],[27.1822,62.3122]],[[27.1719,62.3155],[27.1726,62.3172]],[[27.1726,62.3172],[27.1728,62.3176]],[[27.1726,62.316],[27.1727,62.3171]],[[27.1728,62.3176],[27.173,62.318]],[[27.1727,62.3171],[27.1728,62.3176]],[[27.173,62.318],[27.175,62.3217]],[[27.1758,62.3231],[27.1858,62.3389]],[[27.175,62.3217],[27.1752,62.3221]],[[27.1752,62.3221],[27.1758,62.3231]],[[27.1858,62.3389],[27.1879,62.3417]],[[27.1879,62.3417],[27.188,62.3419]],[[27.188,62.3419],[27.1965,62.3495]],[[27.1965,62.3495],[27.1966,62.3496]],[[27.2263,62.3069],[27.3051,62.3026]],[[27.2056,62.398],[27.2055,62.3982]],[[27.2055,62.3982],[27.1987,62.408]],[[27.1987,62.408],[27.189,62.4191],[27.1755,62.4452]],[[27.1754,62.4547],[27.1883,62.4804],[27.197,62.4886]],[[27.1755,62.4453],[27.1755,62.4463]],[[27.1755,62.4452],[27.1755,62.4453]],[[27.1755,62.4463],[27.1755,62.4467]],[[27.1755,62.4467],[27.1754,62.4547]],[[27.2071,62.5108],[27.2019,62.5283],[27.1944,62.5362]],[[27.197,62.4886],[27.1971,62.4886]],[[27.1971,62.4886],[27.2039,62.4957],[27.2071,62.5106]],[[27.2071,62.5106],[27.2071,62.5108]],[[27.3079,62.3022],[27.4261,62.2869],[27.4985,62.2731],[27.6778,62.2123]],[[27.6823,62.2113],[27.6945,62.209]],[[27.6778,62.2123],[27.6823,62.2113]],[[27.3051,62.3026],[27.3079,62.3022]],[[27.9215,62.1222],[28.0046,62.0903],[28.1642,62.0503],[28.2618,62.0197]],[[28.2667,62.0181],[28.2795,62.0131]],[[28.2844,62.0112],[28.2922,62.0085]],[[28.2842,62.0113],[28.2844,62.0112]],[[28.281,62.0125],[28.2842,62.0113]],[[28.2795,62.0131],[28.281,62.0125]],[[28.2922,62.0085],[28.2976,62.0067]],[[28.2618,62.0197],[28.2619,62.0197]],[[28.2619,62.0197],[28.2655,62.0185]],[[28.2655,62.0185],[28.2667,62.0181]],[[27.7368,62.2285],[27.7786,62.2455],[27.8011,62.2592],[27.8651,62.2779]],[[27.8361,62.1632],[27.9213,62.1223]],[[27.7461,62.2013],[27.804,62.1763]],[[27.8195,62.171],[27.8357,62.1634]],[[27.8357,62.1634],[27.8361,62.1632]],[[27.804,62.1763],[27.8195,62.171]],[[27.6945,62.209],[27.6962,62.2087]],[[27.6962,62.2087],[27.7357,62.2049]],[[27.7075,62.2112],[27.7348,62.2273]],[[27.6962,62.2087],[27.7075,62.2112]],[[27.7348,62.2273],[27.7368,62.2285]],[[27.7421,62.203],[27.7461,62.2013]],[[27.7358,62.2049],[27.7421,62.203]],[[27.7357,62.2049],[27.7358,62.2049]],[[27.8651,62.2779],[27.8668,62.2787]],[[27.8736,62.2963],[27.8625,62.3055]],[[27.8668,62.2787],[27.8723,62.2813]],[[27.8723,62.2813],[27.8728,62.2816]],[[27.8728,62.2816],[27.8781,62.2872],[27.8736,62.2963]],[[27.9213,62.1223],[27.9215,62.1222]],[[27.9116,62.3018],[27.9121,62.3017]],[[27.9165,62.3006],[27.9246,62.2996]],[[27.91,62.3022],[27.9116,62.3018]],[[27.9121,62.3017],[27.9165,62.3006]],[[27.925,62.2996],[27.9367,62.3001]],[[27.9246,62.2996],[27.925,62.2996]],[[27.9367,62.3001],[27.9478,62.3015]],[[27.9482,62.3015],[27.9536,62.3022]],[[27.9478,62.3015],[27.9482,62.3015]],[[28.001,62.3031],[28.0136,62.2977],[28.0497,62.2969],[28.0787,62.3026]],[[27.8438,62.3204],[27.8378,62.3246]],[[27.8344,62.3276],[27.8337,62.3309],[27.8413,62.3354]],[[27.8423,62.324],[27.8344,62.3276]],[[27.8376,62.3248],[27.8344,62.3276]],[[27.8378,62.3246],[27.8376,62.3248]],[[27.8554,62.3116],[27.8527,62.3154]],[[27.8574,62.3098],[27.8625,62.3146]],[[27.8675,62.3145],[27.8644,62.3155]],[[27.8625,62.3055],[27.8586,62.3087]],[[27.8646,62.3147],[27.869,62.314]],[[27.8585,62.3087],[27.8581,62.309]],[[27.8586,62.3087],[27.8581,62.309]],[[27.8586,62.3087],[27.8583,62.309]],[[27.8583,62.309],[27.8574,62.3098]],[[27.8581,62.309],[27.8554,62.3116]],[[27.8625,62.3146],[27.8643,62.3147]],[[27.8643,62.3147],[27.8646,62.3147]],[[27.844,62.3202],[27.8438,62.3204]],[[27.8527,62.3154],[27.8522,62.3158]],[[27.8644,62.3155],[27.8423,62.324]],[[27.8522,62.3158],[27.844,62.3202]],[[27.8737,62.3123],[27.8815,62.3095]],[[27.8705,62.3134],[27.8737,62.3123]],[[27.8698,62.3137],[27.8705,62.3134]],[[27.8679,62.3144],[27.8675,62.3145]],[[27.8698,62.3137],[27.869,62.314]],[[27.8679,62.3144],[27.869,62.314]],[[27.8866,62.3077],[27.8879,62.3074]],[[27.8879,62.3074],[27.8899,62.3068]],[[27.8899,62.3068],[27.8909,62.3065]],[[27.8909,62.3065],[27.9013,62.3041]],[[27.8837,62.3086],[27.8866,62.3077]],[[27.8815,62.3095],[27.8837,62.3086]],[[27.879,62.3298],[27.8904,62.3241]],[[27.8909,62.3238],[27.8904,62.3241]],[[27.8503,62.3371],[27.8645,62.3359]],[[27.8416,62.3355],[27.8497,62.337]],[[27.8413,62.3354],[27.8416,62.3355]],[[27.8497,62.337],[27.8503,62.3371]],[[27.8645,62.3359],[27.8727,62.3329]],[[27.8784,62.3301],[27.879,62.3298]],[[27.8727,62.3329],[27.8784,62.3301]],[[27.9013,62.3041],[27.9026,62.3038]],[[27.9026,62.3038],[27.9085,62.3025]],[[27.909,62.3024],[27.9097,62.3022]],[[27.9097,62.3022],[27.91,62.3022]],[[27.9085,62.3025],[27.909,62.3024]],[[27.9536,62.3022],[27.9719,62.3044]],[[27.9719,62.3044],[27.9721,62.3045]],[[27.9721,62.3045],[27.984,62.3059]],[[27.9882,62.3061],[27.9886,62.3061]],[[27.984,62.3059],[27.9882,62.3061]],[[27.9886,62.3061],[28.001,62.3031]],[[28.0787,62.3026],[28.104,62.3139]],[[28.104,62.3139],[28.1553,62.3248],[28.1931,62.3277],[28.2106,62.334]],[[28.2108,62.3341],[28.2482,62.3407],[28.2992,62.3435]],[[28.2106,62.334],[28.2108,62.3341]],[[28.2993,62.3435],[28.3299,62.3488]],[[28.2992,62.3435],[28.2993,62.3435]],[[28.3306,62.349],[28.3606,62.3551]],[[28.3299,62.3488],[28.3306,62.349]],[[28.3606,62.3551],[28.3665,62.3561]],[[28.3665,62.3561],[28.3731,62.3574]],[[28.3731,62.3574],[28.4024,62.3579]],[[28.4024,62.3579],[28.4596,62.3687]],[[28.4598,62.3687],[28.4888,62.3737]],[[28.4596,62.3687],[28.4598,62.3687]],[[28.4888,62.3737],[28.5108,62.3736],[28.5337,62.3799]],[[27.1729,62.6542],[27.2629,62.6643],[27.2767,62.668],[27.2846,62.6739]],[[27.1878,62.5426],[27.1364,62.6034]],[[27.125,62.6161],[27.1248,62.6174]],[[27.1364,62.6034],[27.1285,62.6114]],[[27.1285,62.6114],[27.125,62.6161]],[[27.1944,62.5362],[27.1878,62.5426]],[[27.1252,62.6206],[27.1252,62.6207]],[[27.1248,62.6174],[27.1252,62.6206]],[[27.1252,62.6207],[27.1245,62.6254]],[[27.1247,62.629],[27.1251,62.6302]],[[27.1244,62.6268],[27.1246,62.6288]],[[27.1246,62.6288],[27.1247,62.629]],[[27.1245,62.6261],[27.1244,62.6263]],[[27.1245,62.6254],[27.1245,62.6261]],[[27.1244,62.6263],[27.1244,62.6268]],[[27.1262,62.6326],[27.1265,62.6331]],[[27.1251,62.6302],[27.1262,62.6326]],[[27.1265,62.6331],[27.1307,62.644],[27.1403,62.6499]],[[27.1442,62.6511],[27.1552,62.6527]],[[27.1403,62.6499],[27.1442,62.6511]],[[27.1552,62.6527],[27.1605,62.6531]],[[27.1605,62.6531],[27.1656,62.6536]],[[27.1656,62.6536],[27.1729,62.6542]],[[27.29,62.6823],[27.3054,62.7003],[27.3506,62.7153],[27.4154,62.7194]],[[27.2847,62.6741],[27.2846,62.6739]],[[27.2857,62.6756],[27.29,62.6823]],[[27.2847,62.6741],[27.2857,62.6756]],[[27.4154,62.7194],[27.4294,62.7243]],[[27.4294,62.7243],[27.483,62.7443],[27.518,62.7722]],[[27.518,62.7722],[27.5263,62.7788]],[[27.5263,62.7788],[27.5358,62.7873],[27.538,62.7988],[27.5521,62.811],[27.5915,62.8218],[27.6037,62.8285],[27.6062,62.8345]],[[27.6169,62.8623],[27.6184,62.8717],[27.6302,62.8833]],[[27.6061,62.8348],[27.605,62.8417],[27.6082,62.8466]],[[27.6062,62.8345],[27.6061,62.8348]],[[27.6082,62.8466],[27.6153,62.855]],[[27.6153,62.855],[27.617,62.8588]],[[27.617,62.8588],[27.617,62.859]],[[27.617,62.859],[27.617,62.8621]],[[27.617,62.8621],[27.6169,62.8623]],[[27.6315,62.8844],[27.6319,62.8848]],[[27.6312,62.8842],[27.6315,62.8844]],[[27.6302,62.8833],[27.6304,62.8834]],[[27.6304,62.8834],[27.6308,62.8838]],[[27.6308,62.8838],[27.6312,62.8842]],[[27.6319,62.8848],[27.6355,62.8873]],[[27.6391,62.889],[27.6513,62.8944]],[[27.6355,62.8873],[27.6374,62.8883]],[[27.6391,62.889],[27.6514,62.8944]],[[27.6374,62.8883],[27.6391,62.889]],[[27.6514,62.8944],[27.6519,62.8946]],[[27.6513,62.8944],[27.6518,62.8946]],[[27.6519,62.8946],[27.6603,62.8966]],[[27.6518,62.8946],[27.6603,62.8966]],[[27.6684,62.8971],[27.6695,62.8971]],[[27.6684,62.8971],[27.6696,62.8971]],[[27.6603,62.8966],[27.6684,62.8971]],[[27.6603,62.8966],[27.6684,62.8971]],[[27.6696,62.8971],[27.6699,62.8971]],[[27.67,62.8971],[27.6714,62.8971]],[[27.673,62.8972],[27.6735,62.8972]],[[27.6699,62.8971],[27.673,62.8972]],[[27.6714,62.8971],[27.6716,62.8971]],[[27.6695,62.8971],[27.6696,62.8971]],[[27.6696,62.8971],[27.67,62.8971]],[[27.6777,62.8972],[27.679,62.8972]],[[27.6763,62.8972],[27.6777,62.8972]],[[27.679,62.8972],[27.6861,62.8973]],[[27.6735,62.8972],[27.6763,62.8972]],[[27.6875,62.9242],[27.6852,62.9286],[27.6735,62.9323]],[[27.6691,62.9342],[27.6689,62.9344]],[[27.6689,62.9344],[27.6672,62.9376]],[[27.6684,62.9423],[27.6723,62.9468]],[[27.6735,62.9323],[27.6691,62.9342]],[[27.6678,62.9407],[27.6679,62.9412]],[[27.6679,62.9412],[27.6684,62.9423]],[[27.6672,62.9381],[27.6678,62.9407]],[[27.6672,62.9376],[27.6672,62.9381]],[[27.6723,62.9468],[27.674,62.9483]],[[27.674,62.9483],[27.684,62.9536]],[[27.7007,63.0582],[27.6789,63.0647]],[[27.6529,63.0881],[27.6526,63.0883]],[[27.6545,63.0872],[27.6659,63.0861]],[[27.6583,63.0852],[27.6549,63.0868]],[[27.6549,63.0868],[27.6541,63.0873]],[[27.6541,63.0873],[27.6529,63.0881]],[[27.6536,63.0877],[27.6545,63.0872]],[[27.6672,63.0735],[27.6657,63.0795]],[[27.671,63.0698],[27.6671,63.0733]],[[27.6671,63.0733],[27.6649,63.0813]],[[27.668,63.072],[27.6674,63.073]],[[27.6674,63.073],[27.6672,63.0735]],[[27.6789,63.0647],[27.6788,63.0648]],[[27.6788,63.0648],[27.671,63.0698]],[[27.6655,63.08],[27.6654,63.0806]],[[27.6653,63.0811],[27.6652,63.0814]],[[27.6657,63.0795],[27.6655,63.08]],[[27.6654,63.0806],[27.6653,63.0811]],[[27.6649,63.0813],[27.6601,63.0847]],[[27.6652,63.0814],[27.6664,63.0864]],[[27.6668,63.0869],[27.677,63.093]],[[27.6601,63.0847],[27.6583,63.0852]],[[27.6664,63.0864],[27.6668,63.0869]],[[27.6659,63.0861],[27.6668,63.0869]],[[27.6493,63.0912],[27.6382,63.1148],[27.6228,63.128]],[[27.6059,63.1395],[27.5997,63.1462]],[[27.6132,63.1351],[27.6061,63.1394]],[[27.6156,63.1336],[27.6134,63.135]],[[27.622,63.1287],[27.6156,63.1336]],[[27.6061,63.1394],[27.6059,63.1395]],[[27.6134,63.135],[27.6132,63.1351]],[[27.6227,63.1281],[27.622,63.1287]],[[27.6228,63.128],[27.6227,63.1281]],[[27.6774,63.0931],[27.723,63.1018]],[[27.6526,63.0883],[27.6517,63.0889]],[[27.6517,63.0889],[27.6493,63.0912]],[[27.677,63.093],[27.6774,63.0931]],[[27.5081,63.2254],[27.4723,63.2573],[27.453,63.2821],[27.4521,63.2875]],[[27.4521,63.2876],[27.4521,63.2946],[27.4367,63.3144]],[[27.4521,63.2875],[27.4521,63.2876]],[[27.4347,63.3227],[27.4319,63.3322],[27.402,63.3543]],[[27.4367,63.3144],[27.4349,63.3187]],[[27.4347,63.3226],[27.4347,63.3227]],[[27.4349,63.3187],[27.4347,63.3226]],[[27.5489,63.1792],[27.5423,63.1845],[27.5377,63.1965]],[[27.5874,63.154],[27.5553,63.1704]],[[27.5553,63.1704],[27.5489,63.1792]],[[27.5314,63.207],[27.5127,63.217],[27.5081,63.2254]],[[27.5338,63.2033],[27.5314,63.207]],[[27.5377,63.1965],[27.5338,63.2033]],[[27.5988,63.1474],[27.5874,63.154]],[[27.5997,63.1462],[27.5989,63.1473]],[[27.5989,63.1473],[27.5988,63.1474]],[[27.7146,62.9048],[27.6905,62.9179],[27.6875,62.924]],[[27.6861,62.8973],[27.6865,62.8973]],[[27.6865,62.8973],[27.6883,62.8974]],[[27.6914,62.8975],[27.6937,62.8978]],[[27.6883,62.8974],[27.6914,62.8975]],[[27.6937,62.8978],[27.7034,62.8982]],[[27.7049,62.8982],[27.7092,62.8983]],[[27.7034,62.8982],[27.7049,62.8982]],[[27.7092,62.8983],[27.7162,62.901]],[[27.7162,62.9035],[27.7146,62.9048]],[[27.7162,62.9011],[27.7162,62.9035]],[[27.7162,62.901],[27.7162,62.9011]],[[27.7162,62.901],[27.7162,62.901]],[[27.6875,62.924],[27.6875,62.9242]],[[27.7018,62.9671],[27.7068,62.9722],[27.7065,62.9807],[27.7113,62.9874]],[[27.7314,63.102],[27.7421,63.1049],[27.749,63.1132],[27.7659,63.1174],[27.7734,63.1299],[27.7902,63.1406],[27.8154,63.1436]],[[27.6848,62.9539],[27.6918,62.9584]],[[27.684,62.9536],[27.6848,62.9539]],[[27.6918,62.9584],[27.7013,62.9667]],[[27.7013,62.9667],[27.7018,62.9671]],[[27.7421,63.0252],[27.7384,63.0358],[27.7007,63.0582]],[[27.7298,63.0082],[27.7399,63.0156],[27.7419,63.0231]],[[27.7113,62.9874],[27.7117,62.9879]],[[27.7117,62.9879],[27.7199,62.9938]],[[27.7199,62.9938],[27.7232,62.9957]],[[27.7232,62.9957],[27.726,63.0003]],[[27.726,63.0003],[27.7261,63.0006]],[[27.7261,63.0006],[27.7297,63.0081]],[[27.7297,63.0081],[27.7298,63.0082]],[[27.7419,63.0233],[27.7421,63.0251]],[[27.7421,63.0251],[27.7421,63.0252]],[[27.7419,63.0231],[27.7419,63.0233]],[[27.7334,63.1023],[27.7286,63.0993]],[[27.723,63.1018],[27.7286,63.0993]],[[27.7297,63.0983],[27.7314,63.0978]],[[27.7286,63.0993],[27.7297,63.0983]],[[27.723,63.1018],[27.7256,63.1018]],[[27.7256,63.1018],[27.7314,63.102]],[[28.0661,63.1226],[28.1068,63.125],[28.1208,63.1313],[28.1323,63.132],[28.1714,63.1275],[28.2206,63.1131]],[[27.9421,63.1442],[27.9816,63.1377],[28.0019,63.1284],[28.0655,63.1226]],[[28.0655,63.1226],[28.0661,63.1226]],[[27.8159,63.1436],[27.8676,63.1513]],[[27.8154,63.1436],[27.8159,63.1436]],[[27.882,63.1505],[27.9414,63.1443]],[[27.8676,63.1513],[27.882,63.1505]],[[27.9414,63.1443],[27.9421,63.1442]],[[27.9514,63.1428],[27.9619,63.1442],[27.9705,63.1524]],[[27.9501,63.1429],[27.9514,63.1428]],[[28.2208,63.1129],[28.2597,63.0861],[28.2821,63.0776],[28.3137,63.0707]],[[28.2206,63.1131],[28.2208,63.1129]],[[28.3875,63.0125],[28.4992,62.9819]],[[28.4998,62.9818],[28.5761,62.9685],[28.6227,62.9529],[28.6589,62.9318]],[[28.3157,63.0467],[28.3395,63.0277],[28.387,63.0126]],[[28.387,63.0126],[28.3875,63.0125]],[[28.4992,62.9819],[28.4998,62.9818]],[[28.3144,63.0571],[28.3146,63.048]],[[28.3149,63.0476],[28.3156,63.0469]],[[28.3146,63.048],[28.3149,63.0476]],[[28.3156,63.0469],[28.3157,63.0467]],[[28.3176,63.0625],[28.3154,63.0588]],[[28.3145,63.0573],[28.3144,63.0571]],[[28.315,63.0581],[28.3145,63.0573]],[[28.3154,63.0588],[28.315,63.0581]],[[28.3195,63.0656],[28.3194,63.0654]],[[28.3194,63.0654],[28.3191,63.0649]],[[28.3137,63.0707],[28.3193,63.0687],[28.3195,63.0656]],[[28.3191,63.0649],[28.3176,63.0625]],[[28.9344,61.8609],[28.9755,61.8568],[29.0669,61.8712],[29.1109,61.8622]],[[28.8522,61.8791],[28.8677,61.8804]],[[28.8873,61.869],[28.8938,61.8689]],[[28.8857,61.8694],[28.8866,61.8692]],[[28.8866,61.8692],[28.8869,61.8691]],[[28.8869,61.8691],[28.8873,61.869]],[[28.8677,61.8804],[28.8729,61.8782]],[[28.8729,61.8782],[28.8764,61.8762]],[[28.8799,61.8745],[28.8806,61.874]],[[28.8848,61.8697],[28.8857,61.8694]],[[28.8826,61.8711],[28.8828,61.8708]],[[28.8828,61.8708],[28.8848,61.8697]],[[28.8769,61.876],[28.8799,61.8745]],[[28.8806,61.874],[28.8826,61.8711]],[[28.8764,61.8762],[28.8769,61.876]],[[28.9008,61.8674],[28.9014,61.8672]],[[28.8941,61.8689],[28.8988,61.8679]],[[28.8938,61.8689],[28.8941,61.8689]],[[28.8988,61.8679],[28.8999,61.8676]],[[28.8999,61.8676],[28.9008,61.8674]],[[28.907,61.8655],[28.9123,61.8641]],[[28.9124,61.8641],[28.9146,61.8637]],[[28.9014,61.8672],[28.905,61.8661]],[[28.907,61.8655],[28.9064,61.8657]],[[28.9058,61.8659],[28.9064,61.8657]],[[28.905,61.8661],[28.9058,61.8659]],[[28.9123,61.8641],[28.9124,61.8641]],[[28.9169,61.8634],[28.9318,61.8613]],[[28.9155,61.8636],[28.9146,61.8637]],[[28.9162,61.8635],[28.9155,61.8636]],[[28.9162,61.8635],[28.9169,61.8634]],[[28.9328,61.8611],[28.9324,61.8612]],[[28.9318,61.8613],[28.9324,61.8612]],[[28.9328,61.8611],[28.9344,61.8609]],[[29.1317,61.8569],[29.1437,61.8544],[29.1835,61.8364]],[[29.1109,61.8622],[29.1194,61.8599]],[[29.1194,61.8599],[29.1317,61.8569]],[[29.3457,61.7741],[29.377,61.7636]],[[29.3458,61.7802],[29.3434,61.7771],[29.3456,61.7742]],[[29.3456,61.7742],[29.3457,61.7741]],[[29.2256,61.8318],[29.2617,61.815]],[[29.1835,61.8364],[29.223,61.8327]],[[29.223,61.8327],[29.2232,61.8327]],[[29.2232,61.8327],[29.2256,61.8318]],[[29.3007,61.8033],[29.3133,61.8043],[29.3265,61.7986]],[[29.2663,61.8119],[29.2915,61.8042]],[[29.292,61.804],[29.2995,61.8031]],[[29.2995,61.8031],[29.3007,61.8033]],[[29.2617,61.815],[29.2619,61.8148]],[[29.2619,61.8148],[29.2663,61.8119]],[[29.2915,61.8042],[29.292,61.804]],[[29.3321,61.796],[29.3425,61.7905],[29.3474,61.7832],[29.346,61.7804]],[[29.3267,61.7985],[29.3321,61.796]],[[29.3265,61.7986],[29.3267,61.7985]],[[29.346,61.7804],[29.3458,61.7802]],[[28.5343,62.3798],[28.5503,62.3788],[28.5754,62.3832]],[[28.5337,62.3799],[28.5343,62.3798]],[[28.5873,62.3812],[28.6254,62.3816]],[[28.5754,62.3832],[28.5756,62.3832]],[[28.5756,62.3832],[28.5873,62.3812]],[[28.6254,62.3816],[28.6267,62.3816]],[[28.6615,62.3832],[28.6797,62.3826]],[[28.6267,62.3816],[28.6274,62.3816]],[[28.6352,62.3819],[28.6366,62.382]],[[28.6274,62.3816],[28.6352,62.3819]],[[28.6366,62.382],[28.6424,62.3825]],[[28.6424,62.3825],[28.6456,62.3827]],[[28.6487,62.383],[28.6501,62.3831]],[[28.6501,62.3831],[28.6615,62.3832]],[[28.6456,62.3827],[28.6487,62.383]],[[28.7078,62.3893],[28.7493,62.3922]],[[28.6797,62.3826],[28.7055,62.3883]],[[28.7062,62.3886],[28.7078,62.3893]],[[28.7055,62.3883],[28.7062,62.3886]],[[28.8755,62.3714],[28.9117,62.3675],[28.9682,62.369]],[[28.7581,62.3915],[28.7893,62.3856],[28.8325,62.3852],[28.8539,62.3757],[28.875,62.3714]],[[28.7497,62.3922],[28.7581,62.3915]],[[28.7493,62.3922],[28.7497,62.3922]],[[28.875,62.3714],[28.8755,62.3714]],[[28.9682,62.369],[28.9688,62.369]],[[28.9688,62.369],[28.9825,62.373]],[[28.9825,62.373],[28.983,62.3732]],[[28.983,62.3732],[28.9997,62.3773]],[[28.9997,62.3773],[29.0109,62.3764]],[[29.0109,62.3764],[29.0231,62.3785]],[[29.0243,62.3789],[29.029,62.3807]],[[29.0231,62.3785],[29.0243,62.3789]],[[29.029,62.3807],[29.0294,62.3808]],[[29.0294,62.3808],[29.0339,62.3825]],[[29.0339,62.3825],[29.035,62.3829]],[[29.035,62.3829],[29.0421,62.3857]],[[29.0421,62.3857],[29.0467,62.3906],[29.0453,62.3996]],[[29.0453,62.3996],[29.0314,62.4072],[29.0257,62.4179]],[[29.0257,62.4179],[29.0263,62.437],[29.0418,62.462]],[[29.0418,62.462],[29.0365,62.4764],[29.0441,62.4878],[29.0396,62.4957],[29.0442,62.5076]],[[29.0442,62.5076],[29.046,62.5221],[29.0649,62.5404],[29.0803,62.5505]],[[29.3881,61.7299],[29.3875,61.7205],[29.3937,61.7104]],[[29.3937,61.7104],[29.4091,61.7034]],[[29.4091,61.7034],[29.4094,61.7033]],[[29.3865,61.7588],[29.3942,61.7458],[29.3867,61.7388],[29.3881,61.7299]],[[29.3787,61.7629],[29.3798,61.7625]],[[29.3798,61.7625],[29.3865,61.7588]],[[29.377,61.7636],[29.3787,61.7629]],[[29.745,61.7943],[29.8006,61.8842]],[[29.6619,61.6963],[29.7371,61.785]],[[29.6558,61.6891],[29.6619,61.6963]],[[29.7371,61.785],[29.7433,61.7923]],[[29.7448,61.7941],[29.745,61.7943]],[[29.7433,61.7923],[29.7448,61.7941]],[[29.8068,61.8917],[29.8992,61.9895],[29.9019,61.9976],[29.8971,62.0213],[29.8996,62.0329]],[[29.9768,62.089],[30.0292,62.1204],[30.0468,62.1402]],[[29.8006,61.8842],[29.8061,61.891]],[[29.8067,61.8915],[29.8068,61.8917]],[[29.8061,61.891],[29.8067,61.8915]],[[29.9016,62.0397],[29.9016,62.0398]],[[29.8996,62.0329],[29.8997,62.0332]],[[29.8997,62.0332],[29.9,62.0343]],[[29.9001,62.0347],[29.9016,62.0397]],[[29.9,62.0343],[29.9001,62.0347]],[[29.9016,62.0398],[29.911,62.0499],[29.9668,62.0831]],[[29.9668,62.0831],[29.9768,62.089]],[[30.0523,62.1466],[30.0889,62.1916],[30.1288,62.2868],[30.1234,62.3103]],[[30.0468,62.1402],[30.0523,62.1466]],[[30.2058,62.2963],[30.1712,62.3034]],[[29.9665,62.4311],[29.926,62.452],[29.9115,62.4654],[29.8464,62.5116]],[[29.9976,62.4136],[29.9782,62.4247]],[[29.9775,62.4251],[29.9673,62.4307]],[[29.9673,62.4307],[29.9665,62.4311]],[[29.9782,62.4247],[29.9775,62.4251]],[[30.0736,62.3704],[29.9981,62.4134]],[[30.087,62.363],[30.075,62.3697]],[[30.0985,62.3554],[30.0887,62.3621]],[[30.0887,62.3621],[30.087,62.363]],[[30.075,62.3697],[30.0736,62.3704]],[[30.1173,62.3277],[30.0986,62.3552]],[[30.1582,62.306],[30.1302,62.3117]],[[30.1206,62.3186],[30.1174,62.3274]],[[30.1174,62.3274],[30.1173,62.3277]],[[30.1302,62.3117],[30.1206,62.3186]],[[30.1232,62.3109],[30.1206,62.3186]],[[30.1234,62.3103],[30.1232,62.3109]],[[30.1712,62.3034],[30.1582,62.306]],[[30.0986,62.3552],[30.0985,62.3554]],[[29.9976,62.4136],[29.9981,62.4134]],[[28.7492,62.8966],[28.786,62.8802],[28.8292,62.8534],[28.952,62.8051],[28.9801,62.7875],[29.013,62.7579],[29.0419,62.7241],[29.0521,62.7192]],[[28.6596,62.9316],[28.6698,62.929]],[[28.6772,62.9271],[28.6857,62.925]],[[28.6698,62.929],[28.6772,62.9271]],[[28.6857,62.925],[28.7489,62.8967]],[[28.7489,62.8967],[28.7492,62.8966]],[[29.2193,62.6464],[29.1619,62.6602],[29.1351,62.6755],[29.0825,62.6922],[29.0774,62.6959],[29.0739,62.711],[29.0694,62.7145]],[[29.0883,62.5533],[29.1247,62.5604],[29.1308,62.5648],[29.1318,62.5724]],[[29.0808,62.5508],[29.0883,62.5533]],[[29.0805,62.5506],[29.0808,62.5508]],[[29.0803,62.5505],[29.0805,62.5506]],[[29.1326,62.575],[29.15,62.6067],[29.1861,62.6417]],[[29.1318,62.5724],[29.1326,62.575]],[[29.0521,62.7192],[29.0524,62.7191]],[[29.0694,62.7145],[29.053,62.719]],[[29.0524,62.7191],[29.053,62.719]],[[29.3942,62.634],[29.337,62.6334],[29.2539,62.6387]],[[29.1863,62.6419],[29.1964,62.646],[29.2192,62.6463]],[[29.1861,62.6417],[29.1863,62.6419]],[[29.2378,62.6414],[29.2441,62.64]],[[29.2435,62.6402],[29.231,62.6433]],[[29.2296,62.6436],[29.2374,62.6415]],[[29.2374,62.6415],[29.2378,62.6414]],[[29.2539,62.6387],[29.2454,62.6398]],[[29.2454,62.6398],[29.2446,62.6399]],[[29.2441,62.64],[29.2454,62.6398]],[[29.2446,62.6399],[29.2435,62.6402]],[[29.2197,62.6463],[29.2193,62.6464]],[[29.2192,62.6463],[29.2197,62.6461]],[[29.2197,62.6461],[29.2216,62.6457]],[[29.2199,62.6462],[29.2197,62.6463]],[[29.2288,62.6439],[29.2282,62.644]],[[29.2282,62.644],[29.2285,62.6439]],[[29.2285,62.6439],[29.2287,62.6438]],[[29.2302,62.6435],[29.2288,62.6439]],[[29.2282,62.644],[29.2199,62.6462]],[[29.2216,62.6457],[29.2282,62.644]],[[29.2287,62.6438],[29.2296,62.6436]],[[29.231,62.6433],[29.2302,62.6435]],[[28.6589,62.9318],[28.6596,62.9316]],[[29.555,62.6187],[29.5275,62.6171]],[[29.4315,62.6254],[29.4034,62.6327]],[[29.4034,62.6327],[29.3942,62.634]],[[29.465,62.6207],[29.4317,62.6254]],[[29.4317,62.6254],[29.4315,62.6254]],[[29.4652,62.6207],[29.465,62.6207]],[[29.4894,62.6205],[29.4652,62.6207]],[[29.4927,62.6202],[29.4894,62.6205]],[[29.4929,62.6202],[29.4927,62.6202]],[[29.5145,62.6205],[29.4929,62.6202]],[[29.5271,62.6172],[29.5145,62.6205]],[[29.5275,62.6171],[29.5271,62.6172]],[[29.5558,62.6189],[29.555,62.6187]],[[29.5568,62.6191],[29.5558,62.6189]],[[29.571,62.6218],[29.5568,62.6191]],[[29.7739,62.5873],[29.7721,62.5902]],[[29.7828,62.5773],[29.7739,62.5873]],[[29.7721,62.5902],[29.7717,62.5909]],[[29.7717,62.5909],[29.773,62.5964]],[[29.773,62.5964],[29.7737,62.5969]],[[29.7795,62.6021],[29.7804,62.6038]],[[29.7749,62.5977],[29.777,62.5996]],[[29.7792,62.6018],[29.7795,62.6021]],[[29.7746,62.5976],[29.7749,62.5977]],[[29.7737,62.5969],[29.7746,62.5976]],[[29.777,62.5996],[29.7792,62.6018]],[[29.7791,62.6078],[29.7788,62.6088]],[[29.7794,62.6069],[29.7791,62.6077]],[[29.7791,62.6077],[29.7791,62.6078]],[[29.7788,62.6088],[29.7787,62.6092]],[[29.7788,62.6101],[29.7802,62.6141]],[[29.7811,62.6153],[29.7824,62.6189],[29.7766,62.6213]],[[29.7796,62.6065],[29.7794,62.6069]],[[29.7787,62.6092],[29.78,62.6141]],[[29.7787,62.6092],[29.7788,62.6101]],[[29.5845,62.6267],[29.571,62.6218]],[[29.6376,62.6394],[29.6017,62.6346]],[[29.601,62.6344],[29.585,62.6269]],[[29.585,62.6269],[29.5845,62.6267]],[[29.6017,62.6346],[29.601,62.6344]],[[29.6834,62.6399],[29.6612,62.6401]],[[29.6604,62.64],[29.638,62.6394]],[[29.638,62.6394],[29.6376,62.6394]],[[29.6612,62.6401],[29.6604,62.64]],[[29.7354,62.6269],[29.7071,62.6336]],[[29.692,62.6379],[29.6846,62.6397]],[[29.6846,62.6397],[29.6834,62.6399]],[[29.6984,62.6361],[29.6944,62.6373]],[[29.7011,62.6354],[29.7004,62.6356]],[[29.7004,62.6356],[29.6984,62.6361]],[[29.6944,62.6373],[29.692,62.6379]],[[29.7017,62.6352],[29.7011,62.6354]],[[29.7071,62.6336],[29.7017,62.6352]],[[29.76,62.6236],[29.7399,62.6263]],[[29.7361,62.6268],[29.7354,62.6269]],[[29.7399,62.6263],[29.7361,62.6268]],[[29.775,62.6215],[29.76,62.6236]],[[29.7763,62.6214],[29.775,62.6215]],[[29.7766,62.6213],[29.7763,62.6214]],[[29.8395,62.5187],[29.8265,62.5325],[29.8186,62.5554]],[[29.7949,62.5758],[29.9049,62.5749]],[[29.9054,62.5749],[29.9705,62.5753],[30.0275,62.5713],[30.083,62.5591]],[[29.8185,62.5555],[29.8007,62.5666]],[[29.8185,62.5555],[29.8186,62.5554]],[[29.846,62.5121],[29.8401,62.5181]],[[29.8401,62.5181],[29.8395,62.5187]],[[29.8464,62.5116],[29.846,62.5121]],[[29.7953,62.5697],[29.7836,62.5769]],[[29.7833,62.5771],[29.7829,62.5772]],[[29.7837,62.5772],[29.7949,62.5758]],[[29.7836,62.5769],[29.7833,62.5771]],[[29.7805,62.6146],[29.8041,62.6379]],[[29.7987,62.5678],[29.7953,62.5697]],[[29.8007,62.5666],[29.8003,62.5668]],[[29.8003,62.5668],[29.7987,62.5678]],[[29.7833,62.5774],[29.7837,62.5772]],[[29.7812,62.5783],[29.7822,62.5778]],[[29.7829,62.5772],[29.7828,62.5773]],[[29.7822,62.5778],[29.7833,62.5774]],[[29.7805,62.6042],[29.7799,62.6059]],[[29.7799,62.6059],[29.7796,62.6065]],[[29.7804,62.6038],[29.7805,62.6042]],[[29.7802,62.6141],[29.7805,62.6146]],[[29.78,62.6141],[29.7804,62.6146]],[[29.7804,62.6146],[29.7811,62.6153]],[[29.9049,62.5749],[29.9054,62.5749]],[[29.8137,62.6503],[29.8199,62.6646],[29.8163,62.677],[29.8207,62.6823]],[[29.8045,62.6382],[29.8137,62.6502]],[[29.8041,62.6379],[29.8045,62.6382]],[[29.8137,62.6502],[29.8137,62.6503]],[[29.8207,62.6823],[29.8311,62.6921],[29.8325,62.7041]],[[29.8325,62.7048],[29.8356,62.7227]],[[29.8325,62.7041],[29.8325,62.7048]],[[30.0834,62.559],[30.1576,62.5534],[30.1837,62.5552]],[[30.083,62.5591],[30.0834,62.559]],[[30.1837,62.5552],[30.1917,62.5559]],[[30.1917,62.5559],[30.1996,62.5565]],[[29.8675,62.7351],[29.9,62.734],[29.9371,62.7235]],[[29.8356,62.7227],[29.8483,62.7297]],[[29.8509,62.7305],[29.8608,62.7334]],[[29.8483,62.7297],[29.8488,62.7298]],[[29.8488,62.7298],[29.8494,62.73]],[[29.8494,62.73],[29.8509,62.7305]],[[29.8621,62.7338],[29.8675,62.7351]],[[29.8608,62.7334],[29.8621,62.7338]],[[29.9396,62.7228],[29.9401,62.7227]],[[29.9371,62.7235],[29.9377,62.7233]],[[29.9377,62.7233],[29.9396,62.7228]],[[29.9401,62.7227],[29.9545,62.7232]],[[29.9545,62.7232],[29.987,62.7362]],[[29.987,62.7362],[29.9925,62.7399]],[[29.998,62.7421],[30.0446,62.7534]],[[30.2333,62.9282],[30.2103,62.946],[30.1725,62.9673],[30.1352,63.0013],[30.1216,63.0214],[30.1155,63.0386],[30.1186,63.0494]],[[29.9925,62.7399],[29.998,62.7421]],[[30.045,62.7535],[30.0958,62.767],[30.1023,62.7737],[30.0991,62.7861],[30.1192,62.8014]],[[30.0446,62.7534],[30.045,62.7535]],[[30.1192,62.8014],[30.1204,62.8022]],[[30.1204,62.8022],[30.1205,62.8023]],[[30.1271,62.8045],[30.1331,62.8053]],[[30.1205,62.8023],[30.1271,62.8045]],[[30.1331,62.8053],[30.1347,62.8055]],[[30.1347,62.8055],[30.1476,62.8072]],[[30.1809,62.8141],[30.1985,62.8288],[30.2014,62.8453]],[[30.1515,62.8077],[30.167,62.8102]],[[30.1509,62.8077],[30.1515,62.8077]],[[30.1476,62.8072],[30.1491,62.8074]],[[30.1491,62.8074],[30.1509,62.8077]],[[30.1688,62.8105],[30.1809,62.8141]],[[30.167,62.8102],[30.1688,62.8105]],[[30.1186,63.0496],[30.1155,63.0583],[30.1067,63.0664],[30.065,63.0885],[30.0528,63.1076]],[[30.0528,63.1076],[30.0341,63.1195],[30.0133,63.1275],[30.0031,63.1382]],[[30.003,63.1383],[29.9966,63.1457]],[[30.0031,63.1382],[30.003,63.1383]],[[30.0528,63.1076],[30.0528,63.1076]],[[30.1186,63.0494],[30.1186,63.0496]],[[29.9402,63.336],[29.8337,63.3645]],[[30.0045,63.3213],[29.9759,63.3254],[29.9405,63.3359]],[[29.9405,63.3359],[29.9402,63.336]],[[29.9966,63.1457],[29.9961,63.1458]],[[29.9927,63.1522],[29.9967,63.159]],[[29.9961,63.1458],[29.992,63.1485],[29.9924,63.1518]],[[29.9924,63.1518],[29.9927,63.1522]],[[29.9967,63.159],[30.0092,63.173],[30.0187,63.2002]],[[30.0282,63.2064],[30.0432,63.2162]],[[30.0187,63.2002],[30.0279,63.2062]],[[30.0279,63.2062],[30.0282,63.2064]],[[30.0934,63.2344],[30.102,63.236],[30.1144,63.2452],[30.1158,63.2557],[30.1127,63.2594]],[[30.0608,63.2277],[30.0737,63.2332],[30.0934,63.2344]],[[30.0433,63.2162],[30.056,63.2246]],[[30.0432,63.2162],[30.0433,63.2162]],[[30.056,63.2246],[30.0562,63.2247]],[[30.0562,63.2247],[30.0607,63.2276]],[[30.0607,63.2276],[30.0608,63.2277]],[[30.1127,63.2594],[30.0714,63.289],[30.0534,63.2963]],[[30.0534,63.2963],[30.0453,63.3006]],[[30.0166,63.3181],[30.0066,63.321]],[[30.0066,63.321],[30.0045,63.3213]],[[30.0256,63.3093],[30.0242,63.3125]],[[30.0297,63.3069],[30.0268,63.3086]],[[30.0285,63.3077],[30.0305,63.3067]],[[30.0268,63.3086],[30.0256,63.3093]],[[30.0452,63.3007],[30.0297,63.3069]],[[30.0218,63.3163],[30.0201,63.3169]],[[30.0245,63.3139],[30.0245,63.3141]],[[30.0245,63.3141],[30.0244,63.3146]],[[30.0242,63.3125],[30.0245,63.3139]],[[30.0201,63.3169],[30.0166,63.3181]],[[30.0244,63.3146],[30.0218,63.3163]],[[30.0453,63.3006],[30.0452,63.3007]],[[30.3533,62.2446],[30.2543,62.2851]],[[30.2541,62.2852],[30.2061,62.2963]],[[30.2061,62.2963],[30.2058,62.2963]],[[30.2543,62.2851],[30.2541,62.2852]],[[30.3644,62.2401],[30.3533,62.2446]],[[30.4447,62.2101],[30.386,62.2313]],[[30.3858,62.2313],[30.3644,62.2401]],[[30.386,62.2313],[30.3858,62.2313]],[[30.4767,62.1942],[30.4448,62.21]],[[30.5226,62.1819],[30.5063,62.1939],[30.4847,62.1921],[30.4767,62.1942]],[[30.56,62.176],[30.544,62.1761],[30.5226,62.1819]],[[30.5602,62.176],[30.56,62.176]],[[30.577,62.1767],[30.5602,62.176]],[[30.6324,62.1703],[30.6182,62.1725]],[[30.5923,62.1761],[30.577,62.1767]],[[30.5945,62.1758],[30.5943,62.1758]],[[30.5951,62.1757],[30.5945,62.1758]],[[30.5943,62.1758],[30.5923,62.1761]],[[30.615,62.1729],[30.5951,62.1757]],[[30.6182,62.1725],[30.6158,62.1728]],[[30.6158,62.1728],[30.615,62.1729]],[[30.4448,62.21],[30.4447,62.2101]],[[30.2298,62.5631],[30.2528,62.5638]],[[30.3438,62.5446],[30.4026,62.5348],[30.4591,62.5288],[30.477,62.5297]],[[30.1996,62.5565],[30.214,62.5585]],[[30.2143,62.5586],[30.2294,62.5631]],[[30.214,62.5585],[30.2143,62.5586]],[[30.2294,62.5631],[30.2298,62.5631]],[[30.2776,62.5598],[30.3435,62.5446]],[[30.2532,62.5638],[30.2774,62.5598]],[[30.2528,62.5638],[30.2532,62.5638]],[[30.2774,62.5598],[30.2776,62.5598]],[[30.3435,62.5446],[30.3438,62.5446]],[[30.5871,62.5232],[30.6048,62.5381],[30.6421,62.5499],[30.6577,62.5695],[30.7016,62.5868],[30.7302,62.5926]],[[30.4779,62.5298],[30.5155,62.5329],[30.5526,62.5247]],[[30.477,62.5297],[30.4779,62.5298]],[[30.5526,62.5247],[30.5665,62.5212]],[[30.571,62.5204],[30.587,62.5231]],[[30.5708,62.5204],[30.571,62.5204]],[[30.5665,62.5212],[30.5708,62.5204]],[[30.587,62.5231],[30.5871,62.5232]],[[30.2032,62.8475],[30.2084,62.854],[30.2043,62.8649]],[[30.2014,62.8453],[30.203,62.8473]],[[30.203,62.8473],[30.2032,62.8475]],[[30.2043,62.8649],[30.204,62.8656]],[[30.2033,62.8674],[30.2032,62.8693]],[[30.204,62.8656],[30.2033,62.8674]],[[30.2032,62.8693],[30.2062,62.8789]],[[30.2062,62.8789],[30.2137,62.9018]],[[30.2137,62.9018],[30.2256,62.9074]],[[30.2256,62.9074],[30.2273,62.9078]],[[30.2273,62.9078],[30.2308,62.9085]],[[30.2349,62.9092],[30.2362,62.9095]],[[30.2362,62.9095],[30.2458,62.9168]],[[30.2308,62.9085],[30.2349,62.9092]],[[30.2459,62.9176],[30.2445,62.9204]],[[30.2459,62.9175],[30.2459,62.9176]],[[30.2458,62.9168],[30.2459,62.9175]],[[30.2445,62.9204],[30.2333,62.9282]],[[30.7312,62.593],[30.8212,62.6235]],[[30.7302,62.5926],[30.7312,62.593]],[[30.8215,62.6237],[30.8757,62.6436]],[[30.8212,62.6235],[30.8215,62.6237]],[[30.876,62.6437],[30.8982,62.6518]],[[30.8757,62.6436],[30.876,62.6437]],[[30.8983,62.6519],[30.9366,62.6648]],[[30.8982,62.6518],[30.8983,62.6519]],[[30.9366,62.6648],[30.9511,62.6695]],[[27.5991,64.0707],[27.6401,64.0688],[27.7066,64.045],[27.871,64.016],[27.9263,64.0026],[27.9558,63.9901]],[[27.2636,63.5007],[27.2552,63.5096]],[[27.2285,63.5374],[27.2068,63.5512]],[[27.2068,63.5512],[27.2046,63.5529]],[[27.2046,63.5529],[27.2037,63.5539]],[[27.2016,63.5585],[27.201,63.5602]],[[27.2014,63.559],[27.2008,63.5605]],[[27.2037,63.5539],[27.2024,63.5561]],[[27.2018,63.5578],[27.2016,63.5584]],[[27.2022,63.5568],[27.2018,63.5578]],[[27.2016,63.5584],[27.2016,63.5585]],[[27.2024,63.5561],[27.2022,63.5568]],[[27.2384,63.5305],[27.2337,63.5344]],[[27.2552,63.5096],[27.2495,63.5167]],[[27.2495,63.5167],[27.2449,63.5224]],[[27.2446,63.5228],[27.2442,63.5233]],[[27.2449,63.5224],[27.2446,63.5228]],[[27.2442,63.5233],[27.2384,63.5305]],[[27.2285,63.5374],[27.2293,63.537]],[[27.2337,63.5344],[27.2293,63.537]],[[27.0391,63.593],[26.9569,63.608],[26.9375,63.6074]],[[27.1312,63.5903],[27.0395,63.593]],[[26.8968,63.6024],[26.8866,63.6021]],[[26.9369,63.6074],[26.9209,63.6061]],[[26.9054,63.6036],[26.8968,63.6024]],[[26.9199,63.6061],[26.9054,63.6036]],[[26.9209,63.6061],[26.9199,63.6061]],[[26.9375,63.6074],[26.9369,63.6074]],[[27.0395,63.593],[27.0391,63.593]],[[27.2403,63.7328],[27.2612,63.743],[27.2938,63.7525],[27.3502,63.7897],[27.3598,63.7983],[27.362,63.809],[27.3862,63.8383],[27.4008,63.8459],[27.4182,63.861]],[[27.1639,63.5887],[27.1312,63.5903]],[[27.1971,63.5719],[27.194,63.5825],[27.1978,63.5905]],[[27.198,63.5909],[27.214,63.6247]],[[27.197,63.5719],[27.1774,63.5849]],[[27.1774,63.5849],[27.1648,63.5887]],[[27.1973,63.5896],[27.1903,63.5836],[27.1774,63.5849]],[[27.1975,63.5706],[27.1971,63.5719]],[[27.1975,63.5703],[27.1974,63.5706]],[[27.1974,63.5706],[27.197,63.5719]],[[27.2008,63.5605],[27.1988,63.5666]],[[27.201,63.5602],[27.2009,63.5605]],[[27.2009,63.5605],[27.2007,63.5611]],[[27.2007,63.5611],[27.1989,63.5665]],[[27.1989,63.5665],[27.1986,63.5675]],[[27.1988,63.5666],[27.1985,63.5674]],[[27.1976,63.5704],[27.1975,63.5706]],[[27.1986,63.5675],[27.1985,63.5678]],[[27.1979,63.5693],[27.1975,63.5703]],[[27.1983,63.5682],[27.1981,63.5689]],[[27.1985,63.5678],[27.1983,63.5682]],[[27.1981,63.5689],[27.1976,63.5704]],[[27.1985,63.5675],[27.1979,63.5693]],[[27.1985,63.5674],[27.1985,63.5675]],[[27.1648,63.5887],[27.1639,63.5887]],[[27.1978,63.5905],[27.198,63.5909]],[[27.1951,63.6518],[27.2159,63.6654],[27.225,63.6922],[27.2315,63.6993],[27.23,63.705]],[[27.2091,63.632],[27.2006,63.6365],[27.1921,63.6463],[27.1951,63.6518]],[[27.2142,63.6265],[27.2091,63.632]],[[27.214,63.6247],[27.2142,63.626]],[[27.2142,63.626],[27.2142,63.6265]],[[27.2277,63.7109],[27.2295,63.724],[27.2403,63.7328]],[[27.23,63.705],[27.2277,63.7109]],[[27.3828,63.3804],[27.3326,63.4143]],[[27.3221,63.4353],[27.3141,63.4562]],[[27.3326,63.4143],[27.3221,63.4353]],[[27.3998,63.3557],[27.3927,63.362]],[[27.3923,63.3625],[27.39,63.3655]],[[27.3924,63.3624],[27.3923,63.3625]],[[27.3927,63.362],[27.3924,63.3624]],[[27.39,63.3655],[27.3899,63.3656]],[[27.3899,63.3656],[27.388,63.3734]],[[27.388,63.3737],[27.3828,63.3804]],[[27.388,63.3734],[27.388,63.3737]],[[27.402,63.3543],[27.4018,63.3545]],[[27.4018,63.3545],[27.4008,63.355]],[[27.4008,63.355],[27.3998,63.3557]],[[27.307,63.4643],[27.2713,63.4879]],[[27.3139,63.4566],[27.3109,63.4607]],[[27.3109,63.4607],[27.3102,63.4616]],[[27.3141,63.4562],[27.3139,63.4566]],[[27.3102,63.4616],[27.3077,63.4638]],[[27.3077,63.4638],[27.307,63.4643]],[[27.2713,63.4879],[27.2645,63.4999]],[[27.2644,63.5],[27.2636,63.5007]],[[27.2645,63.4999],[27.2644,63.5]],[[27.2769,64.0993],[27.1953,64.1037],[27.1182,64.103],[27.1039,64.1057],[27.0922,64.1122]],[[27.0922,64.1122],[27.0913,64.1129]],[[27.0913,64.1129],[27.0906,64.1133]],[[27.0919,64.1156],[27.0859,64.1199]],[[27.0855,64.1201],[27.0808,64.1229]],[[27.0859,64.1199],[27.0855,64.1201]],[[27.4308,63.8789],[27.4312,63.8917],[27.4573,63.9371],[27.4707,63.9727],[27.5258,64.0288],[27.5488,64.0388],[27.5723,64.0583]],[[27.4188,63.8615],[27.4196,63.8623]],[[27.4182,63.861],[27.4188,63.8615]],[[27.4196,63.8623],[27.4255,63.8682]],[[27.4255,63.8682],[27.4305,63.8785]],[[27.4305,63.8785],[27.4308,63.8789]],[[27.5235,64.0739],[27.4932,64.0743],[27.4403,64.0854],[27.2775,64.0993]],[[27.2775,64.0993],[27.2769,64.0993]],[[27.5791,64.0723],[27.5235,64.0739]],[[27.571,64.0573],[27.5724,64.0583]],[[27.5766,64.062],[27.5815,64.0661]],[[27.5724,64.0583],[27.5807,64.0652]],[[27.5723,64.0583],[27.581,64.0656]],[[27.5907,64.0737],[27.6085,64.0865],[27.6146,64.0986]],[[27.5813,64.0657],[27.5935,64.0709]],[[27.5815,64.0661],[27.5838,64.0696],[27.5791,64.0723]],[[27.5818,64.0663],[27.5907,64.0737]],[[27.5807,64.0652],[27.5813,64.0657]],[[27.581,64.0656],[27.5818,64.0663]],[[27.597,64.0709],[27.592,64.0745]],[[27.5935,64.0709],[27.5991,64.0707]],[[27.5991,64.0707],[27.597,64.0709]],[[27.5803,64.0721],[27.5791,64.0723]],[[27.5907,64.0737],[27.5803,64.0721]],[[27.592,64.0745],[27.5927,64.0754]],[[27.6146,64.0986],[27.6148,64.0988]],[[27.6148,64.0988],[27.6193,64.108]],[[27.6193,64.108],[27.6227,64.1124]],[[27.6227,64.1124],[27.6228,64.1125]],[[27.6255,64.1161],[27.6412,64.1351]],[[27.6228,64.1125],[27.6255,64.1161]],[[27.6412,64.1351],[27.6641,64.1656]],[[27.6782,64.1739],[27.6935,64.1925],[27.6916,64.2004],[27.6947,64.2122]],[[27.6641,64.1656],[27.678,64.1738]],[[27.678,64.1738],[27.6782,64.1739]],[[27.9895,63.9807],[27.9987,63.9772]],[[28.2594,64.1378],[28.2006,64.1238],[28.0974,64.126]],[[27.9564,63.9898],[27.9876,63.9811]],[[27.9558,63.9901],[27.9564,63.9898]],[[27.9876,63.9811],[27.9885,63.9809]],[[27.9885,63.9809],[27.9895,63.9807]],[[28.0745,64.1245],[28.0733,64.1236]],[[28.0749,64.1247],[28.0745,64.1245]],[[28.0773,64.1254],[28.0749,64.1247]],[[28.0963,64.126],[28.0773,64.1254]],[[28.0974,64.126],[28.0963,64.126]],[[28.5744,63.832],[28.5168,63.865]],[[28.5166,63.8652],[28.5043,63.8766]],[[28.5168,63.865],[28.5166,63.8652]],[[28.4192,63.959],[28.4138,63.9803],[28.4082,63.9887]],[[28.4974,63.885],[28.4821,63.9104],[28.4322,63.9399]],[[28.5043,63.8766],[28.5021,63.8784]],[[28.5021,63.8784],[28.4974,63.885]],[[28.432,63.94],[28.423,63.9448],[28.4192,63.9589]],[[28.4322,63.9399],[28.432,63.94]],[[28.4192,63.9589],[28.4192,63.959]],[[28.3701,64.0183],[28.3365,64.037],[28.3085,64.0571]],[[28.3084,64.0573],[28.3126,64.1153],[28.2751,64.1449]],[[28.3085,64.0571],[28.3084,64.0573]],[[28.2656,64.1394],[28.2647,64.1392]],[[28.2647,64.1392],[28.2594,64.1378]],[[28.2758,64.1437],[28.2682,64.1397]],[[28.2745,64.1462],[28.272,64.152]],[[28.2682,64.1397],[28.2656,64.1394]],[[28.2731,64.1573],[28.2856,64.1772],[28.2969,64.1874],[28.2883,64.2097]],[[28.275,64.1452],[28.2751,64.1446]],[[28.275,64.1452],[28.2748,64.1454]],[[28.2751,64.1446],[28.2758,64.1437]],[[28.2748,64.1456],[28.2745,64.1462]],[[28.2751,64.1449],[28.275,64.1452]],[[28.2748,64.1454],[28.2748,64.1456]],[[28.2717,64.1527],[28.2714,64.1542]],[[28.272,64.152],[28.2718,64.1524]],[[28.2718,64.1524],[28.2717,64.1527]],[[28.2714,64.1542],[28.2724,64.1561]],[[28.2724,64.1561],[28.2728,64.1568]],[[28.273,64.1571],[28.2731,64.1573]],[[28.2728,64.1568],[28.273,64.1571]],[[28.4081,63.9889],[28.3911,64.0055],[28.3703,64.0182]],[[28.4082,63.9887],[28.4081,63.9889]],[[28.3703,64.0182],[28.3701,64.0183]],[[26.8571,64.56],[26.9679,64.56]],[[26.9679,64.56],[27.1716,64.5564]],[[26.852,64.5593],[26.8526,64.5594]],[[26.8526,64.5594],[26.8556,64.5598]],[[26.8556,64.5598],[26.8571,64.56]],[[27.1721,64.5563],[27.2384,64.5414]],[[27.2384,64.5414],[27.2612,64.5354]],[[27.2612,64.5354],[27.2691,64.533]],[[27.1716,64.5564],[27.1721,64.5563]],[[27.2695,64.5329],[27.3024,64.5227],[27.3333,64.5062],[27.4253,64.4776],[27.4541,64.4733]],[[27.4562,64.473],[27.476,64.4674]],[[27.4541,64.4733],[27.4547,64.4732]],[[27.4547,64.4732],[27.4562,64.473]],[[27.2691,64.533],[27.2695,64.5329]],[[27.4803,64.4257],[27.5105,64.4102]],[[27.5105,64.4102],[27.5372,64.4053],[27.5948,64.4143],[27.6682,64.4126]],[[27.4861,64.4513],[27.4751,64.4424],[27.4759,64.4301],[27.4803,64.4257]],[[27.4886,64.4592],[27.4861,64.4513]],[[27.4839,64.4647],[27.4882,64.461]],[[27.4882,64.461],[27.4886,64.4592]],[[27.476,64.4674],[27.4769,64.4672]],[[27.4835,64.4649],[27.4839,64.4647]],[[27.4769,64.4672],[27.4835,64.4649]],[[27.6682,64.4126],[27.6892,64.4118]],[[27.8854,64.2763],[28.0005,64.2967]],[[27.6947,64.2122],[27.6979,64.217]],[[27.6979,64.217],[27.6987,64.2173]],[[27.701,64.2179],[27.702,64.2181]],[[27.6987,64.2173],[27.6997,64.2176]],[[27.6997,64.2176],[27.701,64.2179]],[[27.702,64.2181],[27.7024,64.2182]],[[27.7024,64.2182],[27.7163,64.2189]],[[27.7163,64.2189],[27.717,64.2189]],[[27.717,64.2189],[27.7271,64.2193]],[[27.7271,64.2193],[27.7345,64.2196]],[[27.7345,64.2196],[27.7384,64.2197]],[[27.7418,64.2199],[27.7448,64.22]],[[27.7448,64.22],[27.749,64.2201]],[[27.7384,64.2197],[27.7418,64.2199]],[[27.7601,64.2218],[27.7606,64.222]],[[27.749,64.2201],[27.7601,64.2218]],[[27.7606,64.222],[27.7716,64.2246]],[[27.7731,64.225],[27.776,64.2261]],[[27.7716,64.2246],[27.7731,64.225]],[[27.7784,64.2272],[27.7923,64.2329]],[[27.7779,64.2269],[27.7784,64.2272]],[[27.776,64.2261],[27.7763,64.2262]],[[27.7763,64.2262],[27.7779,64.2269]],[[27.7928,64.2331],[27.8043,64.2386],[27.8125,64.2519],[27.852,64.2676]],[[27.7923,64.2329],[27.7928,64.2331]],[[27.852,64.2676],[27.8851,64.2762]],[[27.8851,64.2762],[27.8854,64.2763]],[[27.8591,64.4021],[27.9058,64.3951]],[[27.9358,64.3905],[28.0325,64.3762]],[[27.9058,64.3951],[27.9358,64.3905]],[[28.0005,64.2967],[28.0009,64.2967]],[[28.0009,64.2967],[28.0517,64.3066]],[[28.0517,64.3066],[28.0668,64.3088]],[[28.1052,64.3427],[28.0842,64.3647]],[[28.0668,64.3088],[28.1076,64.3148]],[[28.1059,64.3425],[28.0986,64.3494],[28.105,64.3596]],[[28.0331,64.3761],[28.0566,64.3761]],[[28.0325,64.3762],[28.0331,64.3761]],[[28.0842,64.3647],[28.0573,64.3761]],[[28.0842,64.3647],[28.0866,64.3635]],[[28.0866,64.3635],[28.0947,64.3612]],[[28.0992,64.3612],[28.1001,64.3613]],[[28.0973,64.3611],[28.0992,64.3612]],[[28.1001,64.3613],[28.1079,64.364]],[[28.0947,64.3612],[28.0973,64.3611]],[[28.0573,64.3761],[28.0566,64.3761]],[[27.6892,64.4118],[27.7344,64.4145],[27.8025,64.4],[27.816,64.3999]],[[27.816,64.3999],[27.8171,64.4]],[[27.8171,64.4],[27.8331,64.4019]],[[27.8342,64.402],[27.8428,64.4031]],[[27.8331,64.4019],[27.8342,64.402]],[[27.8428,64.4031],[27.8447,64.4033]],[[27.8447,64.4033],[27.8528,64.4031]],[[27.8582,64.4023],[27.8591,64.4021]],[[27.8528,64.4031],[27.8582,64.4023]],[[28.1309,64.3711],[28.3107,64.3821],[28.4244,64.3984]],[[28.2883,64.2098],[28.2778,64.2309],[28.2353,64.257],[28.2145,64.2756],[28.1975,64.2856],[28.1934,64.2992],[28.1677,64.3121]],[[28.1186,64.3792],[28.1253,64.3892],[28.1371,64.4283],[28.1418,64.4604],[28.1494,64.4726],[28.198,64.4937],[28.2358,64.497],[28.2743,64.5045],[28.2973,64.5157],[28.3147,64.52],[28.3191,64.5239],[28.3191,64.5297],[28.3099,64.541],[28.3086,64.546],[28.3114,64.5502]],[[28.2883,64.2097],[28.2883,64.2098]],[[28.1228,64.3171],[28.1314,64.3205],[28.1343,64.3254],[28.1217,64.3346]],[[28.1677,64.3121],[28.1338,64.3287]],[[28.1076,64.3148],[28.1196,64.3165]],[[28.1196,64.3165],[28.1228,64.3171]],[[28.1338,64.3287],[28.1215,64.3348]],[[28.1144,64.3383],[28.1068,64.342]],[[28.1196,64.3357],[28.1144,64.3383]],[[28.1206,64.3351],[28.1061,64.3423]],[[28.1061,64.3423],[28.1052,64.3427]],[[28.1068,64.342],[28.1059,64.3425]],[[28.121,64.335],[28.1196,64.3357]],[[28.1215,64.3348],[28.121,64.335]],[[28.1217,64.3346],[28.1206,64.3351]],[[28.105,64.3596],[28.1052,64.3599]],[[28.1052,64.3599],[28.1065,64.3617]],[[28.109,64.3654],[28.1096,64.3662]],[[28.1089,64.3652],[28.109,64.3654]],[[28.11,64.3668],[28.1198,64.3704]],[[28.1065,64.3617],[28.1089,64.3652]],[[28.1079,64.364],[28.1089,64.3652]],[[28.1096,64.3662],[28.1097,64.3664]],[[28.1097,64.3664],[28.1186,64.3792]],[[28.1097,64.3664],[28.11,64.3668]],[[28.1198,64.3704],[28.1305,64.3711]],[[28.1305,64.3711],[28.1309,64.3711]],[[28.4258,64.3986],[28.4808,64.4073]],[[28.4244,64.3984],[28.4258,64.3986]],[[28.3114,64.5502],[28.3123,64.5509]],[[28.3416,64.5798],[28.4286,64.6319],[28.4379,64.6416],[28.4538,64.6734]],[[28.4808,64.4073],[28.4823,64.4074]],[[28.4823,64.4074],[28.5291,64.4096]],[[28.3123,64.5509],[28.3329,64.5689]],[[28.3329,64.5689],[28.3336,64.5702]],[[28.3336,64.5702],[28.3413,64.5796]],[[28.3413,64.5796],[28.3416,64.5798]],[[28.4763,64.7001],[28.4973,64.7259],[28.4924,64.7417],[28.5215,64.7706],[28.5155,64.7904],[28.5168,64.7966]],[[28.4541,64.6737],[28.4546,64.6744]],[[28.4538,64.6734],[28.4541,64.6737]],[[28.4546,64.6744],[28.4549,64.6748]],[[28.4549,64.6748],[28.4582,64.6786]],[[28.4582,64.6786],[28.4593,64.6799]],[[28.4593,64.6799],[28.4666,64.6886]],[[28.4666,64.6886],[28.476,64.6998]],[[28.476,64.6998],[28.4763,64.7001]],[[28.5168,64.7968],[28.5396,64.8404]],[[28.5168,64.7966],[28.5168,64.7968]],[[29.0879,63.5598],[29.0651,63.5681],[29.0432,63.5806],[28.96,63.6004],[28.9499,63.6067],[28.9467,63.6181],[28.8868,63.6542]],[[28.7348,63.7276],[28.6803,63.7488],[28.6687,63.7601],[28.6643,63.7738],[28.6473,63.7854]],[[28.8866,63.6543],[28.8637,63.6677]],[[28.8868,63.6542],[28.8866,63.6543]],[[28.781,63.6972],[28.7642,63.705],[28.765,63.7137],[28.7617,63.718],[28.745,63.7244]],[[28.7962,63.6897],[28.781,63.6972]],[[28.8633,63.6678],[28.8295,63.6775]],[[28.7973,63.6889],[28.7962,63.6897]],[[28.8033,63.6852],[28.7973,63.6889]],[[28.8104,63.6832],[28.8033,63.6852]],[[28.8295,63.6775],[28.8201,63.6813]],[[28.8201,63.6813],[28.8104,63.6832]],[[28.745,63.7244],[28.7352,63.7275]],[[28.7352,63.7275],[28.7348,63.7276]],[[28.8637,63.6677],[28.8633,63.6678]],[[29.0988,63.556],[29.0924,63.5582]],[[29.092,63.5583],[29.0898,63.5591]],[[29.0898,63.5591],[29.0879,63.5598]],[[29.0924,63.5582],[29.0922,63.5583]],[[29.0922,63.5583],[29.092,63.5583]],[[29.1298,63.5443],[29.1213,63.5496]],[[29.1121,63.5529],[29.1105,63.5532]],[[29.1105,63.5532],[29.1009,63.5554]],[[29.1009,63.5554],[29.1004,63.5555]],[[29.1004,63.5555],[29.1003,63.5555]],[[29.1003,63.5555],[29.0988,63.556]],[[29.1213,63.5496],[29.1212,63.5497]],[[29.1212,63.5497],[29.1121,63.5529]],[[29.1374,63.541],[29.135,63.5416]],[[29.1328,63.5425],[29.1302,63.5441]],[[29.1302,63.5441],[29.1298,63.5443]],[[29.1337,63.5421],[29.1334,63.5422]],[[29.135,63.5416],[29.1337,63.542]],[[29.1337,63.542],[29.1337,63.5421]],[[29.1334,63.5422],[29.1328,63.5425]],[[29.1438,63.5398],[29.1408,63.5404]],[[29.1519,63.5394],[29.1438,63.5398]],[[29.1408,63.5404],[29.1374,63.541]],[[29.2725,63.5167],[29.2482,63.5208],[29.2279,63.5343],[29.1736,63.5391]],[[29.1554,63.5399],[29.1544,63.5398]],[[29.1536,63.5396],[29.1519,63.5394]],[[29.1544,63.5398],[29.1536,63.5396]],[[29.1733,63.5392],[29.1554,63.5399]],[[29.1736,63.5391],[29.1733,63.5392]],[[29.3137,63.5028],[29.3005,63.5126],[29.2728,63.5167]],[[29.3952,63.4779],[29.3351,63.4937]],[[29.3348,63.4938],[29.3137,63.5028]],[[29.3351,63.4937],[29.3348,63.4938]],[[29.2728,63.5167],[29.2725,63.5167]],[[28.6469,63.7857],[28.6314,63.7957],[28.6189,63.7995]],[[28.6182,63.7996],[28.594,63.8078],[28.5744,63.832]],[[28.6189,63.7995],[28.6182,63.7996]],[[28.6473,63.7854],[28.6469,63.7857]],[[29.5943,63.4366],[29.5832,63.4435],[29.5472,63.4485],[29.5368,63.4468],[29.5247,63.4388],[29.491,63.4384]],[[29.491,63.4384],[29.4516,63.452]],[[29.4516,63.452],[29.4399,63.4566]],[[29.4399,63.4566],[29.3983,63.4766]],[[29.3983,63.4766],[29.3952,63.4779]],[[29.6836,63.398],[29.6674,63.4072],[29.6341,63.4094],[29.6205,63.4171]],[[29.6014,63.4263],[29.5943,63.4366]],[[29.6205,63.4171],[29.6075,63.4235]],[[29.6075,63.4235],[29.6014,63.4263]],[[29.7117,63.3641],[29.6928,63.3831],[29.6836,63.398]],[[29.7451,63.3611],[29.731,63.3601],[29.7117,63.3641]],[[29.819,63.3634],[29.7998,63.3597],[29.772,63.362]],[[29.7709,63.362],[29.7451,63.3611]],[[29.772,63.362],[29.7709,63.362]],[[29.8337,63.3645],[29.819,63.3634]],[[29.0466,64.4534],[29.243,64.4574],[29.4428,64.4763]],[[28.5829,64.4123],[28.6552,64.4168],[28.7222,64.4254],[28.8239,64.4278],[28.8967,64.4386],[28.9983,64.4476]],[[28.9261,64.3872],[28.9118,64.3872]],[[28.5307,64.4097],[28.5811,64.4122]],[[28.5291,64.4096],[28.5307,64.4097]],[[28.5811,64.4122],[28.5829,64.4123]],[[29.0134,64.3782],[29.0049,64.3806]],[[29.0044,64.4484],[29.0121,64.4494]],[[28.9983,64.4476],[29.0044,64.4484]],[[29.0121,64.4494],[29.0139,64.4496]],[[29.0157,64.4499],[29.0219,64.4507]],[[29.0139,64.4496],[29.0143,64.4497]],[[29.0143,64.4497],[29.0157,64.4499]],[[29.0219,64.4507],[29.0393,64.4527]],[[29.0393,64.4527],[29.0405,64.4528]],[[29.0405,64.4528],[29.0466,64.4534]],[[28.5653,64.8701],[28.5785,64.889],[28.5775,64.908],[28.5713,64.9229]],[[28.5397,64.8406],[28.5652,64.87]],[[28.5396,64.8404],[28.5397,64.8406]],[[28.5652,64.87],[28.5653,64.8701]],[[28.5713,64.9229],[28.5673,64.9303]],[[28.5669,64.931],[28.5745,64.9352]],[[28.5673,64.9303],[28.5669,64.931]],[[29.5549,64.4873],[29.5868,64.4907],[29.651,64.5057],[29.7254,64.5071]],[[29.4428,64.4763],[29.4571,64.478]],[[29.4584,64.4781],[29.4755,64.48]],[[29.4571,64.478],[29.4584,64.4781]],[[29.4912,64.4814],[29.5547,64.4873]],[[29.477,64.4801],[29.4912,64.4814]],[[29.4755,64.48],[29.477,64.4801]],[[29.5547,64.4873],[29.5549,64.4873]],[[29.7264,64.5072],[29.804,64.5173]],[[29.7254,64.5071],[29.7264,64.5072]],[[29.804,64.5173],[29.9222,64.5355]],[[29.9222,64.5355],[29.938,64.5382]],[[29.9461,64.5396],[29.9652,64.543]],[[29.9429,64.5391],[29.9436,64.5392]],[[29.938,64.5382],[29.9422,64.539]],[[29.9422,64.539],[29.9429,64.5391]],[[29.9439,64.5393],[29.9461,64.5396]],[[29.9436,64.5392],[29.9439,64.5393]],[[29.9659,64.5431],[29.9675,64.5434]],[[29.9652,64.543],[29.9659,64.5431]],[[29.9675,64.5434],[29.9692,64.5436]],[[29.9712,64.5439],[29.9864,64.5456]],[[29.9692,64.5436],[29.9712,64.5439]],[[29.9864,64.5456],[29.99,64.5459]],[[27.0272,66.6563],[27.0952,66.661],[27.1659,66.6764],[27.1875,66.6886],[27.205,66.6931]],[[26.9219,66.6461],[27.023,66.6559]],[[26.8718,66.6363],[26.9118,66.6431]],[[26.8686,66.6361],[26.8701,66.6362]],[[26.871,66.6362],[26.8718,66.6363]],[[26.8701,66.6362],[26.871,66.6362]],[[26.9118,66.6431],[26.9219,66.6461]],[[27.023,66.6559],[27.0272,66.6563]],[[27.2568,66.7],[27.3933,66.7137]],[[27.205,66.6931],[27.2056,66.6932]],[[27.2056,66.6932],[27.221,66.696]],[[27.221,66.696],[27.2269,66.6971]],[[27.2269,66.6971],[27.2499,66.6996]],[[27.2499,66.6996],[27.2509,66.6997]],[[27.2512,66.6997],[27.2568,66.7]],[[27.2509,66.6997],[27.2512,66.6997]],[[27.3933,66.7137],[27.4012,66.7159]],[[27.4031,66.7165],[27.4088,66.7173]],[[27.4088,66.7178],[27.4045,66.7202]],[[27.4029,66.7166],[27.4045,66.7202]],[[27.4012,66.7159],[27.4031,66.7165]],[[27.4012,66.7159],[27.4029,66.7166]],[[27.4125,66.7174],[27.4179,66.7175]],[[27.4185,66.7175],[27.4206,66.7175]],[[27.4125,66.7174],[27.4092,66.7177]],[[27.4092,66.7177],[27.4088,66.7178]],[[27.4096,66.7174],[27.4125,66.7174]],[[27.4088,66.7173],[27.4093,66.7174]],[[27.4093,66.7174],[27.4096,66.7174]],[[27.4179,66.7175],[27.4185,66.7175]],[[27.4045,66.7202],[27.4044,66.7207]],[[27.4044,66.7207],[27.4044,66.7213]],[[27.4044,66.7213],[27.4029,66.7262]],[[27.4206,66.7175],[27.4434,66.7159]],[[27.4434,66.7159],[27.4507,66.716]],[[27.4507,66.716],[27.471,66.7159]],[[27.4724,66.7159],[27.4767,66.7158]],[[27.471,66.7159],[27.4724,66.7159]],[[27.4767,66.7158],[27.5248,66.7122]],[[27.5248,66.7122],[27.5254,66.7121]],[[27.5245,66.7218],[27.524,66.7221]],[[27.524,66.7221],[27.5162,66.7275]],[[27.5255,66.7211],[27.5245,66.7218]],[[27.5254,66.7121],[27.5267,66.712]],[[27.5267,66.712],[27.5376,66.7144],[27.5278,66.7201]],[[27.5278,66.7201],[27.5255,66.7211]]]}}]}
